"Original traits","Randomised Traits","metric","Better"
-1107111.89920577,-1109778.03569325,"mlik","False"
388102.188500477,424588.196319545,"waic","True"
-2.15564479570989,-1.85720102637281,"dic","True"
