"year","part","sampled_mean"
"2024","C",0.337566454883615
"2024","C",0.338660026249188
"2024","C",0.337576855072977
"2024","C",0.337862922790195
"2024","C",0.337647862693349
"2024","C",0.338714747279793
"2024","C",0.336717513629393
"2024","C",0.337405277961178
"2024","C",0.336943159451542
"2024","C",0.336959518743442
"2024","C",0.339302206958771
"2024","C",0.340312907844455
"2024","C",0.335378184902448
"2024","C",0.338074224134852
"2024","C",0.338652583095707
"2024","C",0.336511132321101
"2024","C",0.338253761891078
"2024","C",0.337687886939489
"2024","C",0.336321926648159
"2024","C",0.337441535927114
"2024","C",0.338389365610103
"2024","C",0.339344249357261
"2024","C",0.338298984852098
"2024","C",0.336096227956086
"2024","C",0.337295657486213
"2024","C",0.33854595739489
"2024","C",0.338416533886646
"2024","C",0.338365141097547
"2024","C",0.338510891708926
"2024","C",0.337353267505638
"2024","C",0.33800362504214
"2024","C",0.338495113705242
"2024","C",0.338525977754186
"2024","C",0.337741456149717
"2024","C",0.33822892933707
"2024","C",0.340436691044286
"2024","C",0.338428406928348
"2024","C",0.336796369384198
"2024","C",0.338496427254956
"2024","C",0.338453517726533
"2024","C",0.337263012048195
"2024","C",0.338706987409909
"2024","C",0.338844699478342
"2024","C",0.339559241233997
"2024","C",0.335824574087456
"2024","C",0.336576526018887
"2024","C",0.337909166959647
"2024","C",0.337339704988037
"2024","C",0.335977064112229
"2024","C",0.337639237612679
"2024","C",0.338150534133113
"2024","C",0.339561815121847
"2024","C",0.337508055124674
"2024","C",0.334702971376983
"2024","C",0.337710969101724
"2024","C",0.33751535522768
"2024","C",0.338512369516527
"2024","C",0.336361465580144
"2024","C",0.336393410685178
"2024","C",0.339026193224323
"2024","C",0.33825368567277
"2024","C",0.338143041356792
"2024","C",0.339314839127399
"2024","C",0.336641313962217
"2024","C",0.335619383400834
"2024","C",0.337048390711695
"2024","C",0.338483394277396
"2024","C",0.337134455195135
"2024","C",0.33739110852723
"2024","C",0.336247084326918
"2024","C",0.337704490350021
"2024","C",0.337889718687616
"2024","C",0.337404725704579
"2024","C",0.33881204631842
"2024","C",0.338036975866617
"2024","C",0.338343663868967
"2024","C",0.338268256036952
"2024","C",0.339240107714941
"2024","C",0.337191037011277
"2024","C",0.337853768845316
"2024","C",0.337564558374958
"2024","C",0.336462537297168
"2024","C",0.33848106509678
"2024","C",0.338689454876978
"2024","C",0.338100954099857
"2024","C",0.340248072838199
"2024","C",0.338810557357396
"2024","C",0.337660542030638
"2024","C",0.337026658307481
"2024","C",0.338131881926288
"2024","C",0.337373301875295
"2024","C",0.337908166208992
"2024","C",0.338275000844791
"2024","C",0.338063347923533
"2024","C",0.338249012146411
"2024","C",0.337110474116326
"2024","C",0.337574760992525
"2024","C",0.338492106748007
"2024","C",0.338370969100406
"2024","C",0.337389432043134
"2024","C",0.33713402601634
"2024","C",0.337703680813354
"2024","C",0.338113682051859
"2024","C",0.338048834232174
"2024","C",0.338509313299754
"2024","C",0.337669207592279
"2024","C",0.338364497880629
"2024","C",0.336879671834095
"2024","C",0.339488057902188
"2024","C",0.338219265451646
"2024","C",0.34028215830526
"2024","C",0.338128762335162
"2024","C",0.338484644628298
"2024","C",0.338784724886063
"2024","C",0.335989596704723
"2024","C",0.337458790727756
"2024","C",0.337368428335898
"2024","C",0.3369143376083
"2024","C",0.337176847176208
"2024","C",0.337343212702576
"2024","C",0.336832108363073
"2024","C",0.338396964242008
"2024","C",0.338242479042998
"2024","C",0.338926656254874
"2024","C",0.339280221404751
"2024","C",0.337943500988052
"2024","C",0.3381437562152
"2024","C",0.338413477264439
"2024","C",0.337589904482901
"2024","C",0.337469579769255
"2024","C",0.339139259983254
"2024","C",0.337444890525915
"2024","C",0.338362210499174
"2024","C",0.337823939576298
"2024","C",0.339798362124471
"2024","C",0.338068775359347
"2024","C",0.337911216396783
"2024","C",0.338441056815263
"2024","C",0.336936311556773
"2024","C",0.33681738407042
"2024","C",0.339028364262308
"2024","C",0.335993900777023
"2024","C",0.337251757992073
"2024","C",0.339098029254994
"2024","C",0.337823776104993
"2024","C",0.337773798981238
"2024","C",0.337518006263087
"2024","C",0.337777363154841
"2024","C",0.338065903231737
"2024","C",0.337500458262029
"2024","C",0.339012342843088
"2024","C",0.338770277881005
"2024","C",0.338297297181498
"2024","C",0.337189154526293
"2024","C",0.338035752709918
"2024","C",0.336205858500366
"2024","C",0.338541084034524
"2024","C",0.339370386074291
"2024","C",0.33762370106891
"2024","C",0.337772483414717
"2024","C",0.337244528276554
"2024","C",0.337925971816305
"2024","C",0.339237609086078
"2024","C",0.338019219058612
"2024","C",0.338949741490326
"2024","C",0.338107447875718
"2024","C",0.337051580895763
"2024","C",0.3374135522013
"2024","C",0.339725246057247
"2024","C",0.336619951419203
"2024","C",0.338542409877245
"2024","C",0.337166855513649
"2024","C",0.336494369520637
"2024","C",0.337947229114087
"2024","C",0.335913168186068
"2024","C",0.337005666865299
"2024","C",0.338522353953634
"2024","C",0.337469317016875
"2024","C",0.337763764767383
"2024","C",0.338636198620004
"2024","C",0.33687800274852
"2024","C",0.338021980722215
"2024","C",0.338534210937881
"2024","C",0.337207268312123
"2024","C",0.339430850861275
"2024","C",0.339101471064254
"2024","C",0.338788391811404
"2024","C",0.338582566276199
"2024","C",0.338591421624709
"2024","C",0.338584248565329
"2024","C",0.338945003115557
"2024","C",0.336979058800496
"2024","C",0.33925577187412
"2024","C",0.338817786116336
"2024","C",0.336662495021305
"2024","C",0.339089450805056
"2024","C",0.336812317776879
"2024","C",0.337344769814429
"2024","C",0.33796187596218
"2024","C",0.338113542206144
"2024","C",0.337733600613793
"2024","C",0.338249984481671
"2024","C",0.339785493712271
"2024","C",0.337006116553207
"2024","C",0.336899833911947
"2024","C",0.337858468737211
"2024","C",0.336488194286636
"2024","C",0.337185406877876
"2024","C",0.338678823664985
"2024","C",0.337429511329909
"2024","C",0.338559120601683
"2024","C",0.339391234597822
"2024","C",0.338866806651201
"2024","C",0.338050924307756
"2024","C",0.337628331526789
"2024","C",0.33814816442215
"2024","C",0.337239383400725
"2024","C",0.338057379306489
"2024","C",0.339517287020624
"2024","C",0.334989079564578
"2024","C",0.338943140226963
"2024","C",0.337563602794382
"2024","C",0.337400074898729
"2024","C",0.338801758200099
"2024","C",0.338574319001014
"2024","C",0.339032576333555
"2024","C",0.338120340318714
"2024","C",0.337341442494329
"2024","C",0.33646997108512
"2024","C",0.339025029586272
"2024","C",0.33742281726031
"2024","C",0.337847781674954
"2024","C",0.338267339968956
"2024","C",0.336637243260643
"2024","C",0.338221494171116
"2024","C",0.335524555561164
"2024","C",0.338341903520773
"2024","C",0.336755187498187
"2024","C",0.338243821574799
"2024","C",0.336099788350034
"2024","C",0.336568994977382
"2024","C",0.338652292137512
"2024","C",0.338176791321623
"2024","C",0.336860009923882
"2024","C",0.337241167518669
"2024","C",0.337555913568925
"2024","C",0.339317779702893
"2024","C",0.33894788525513
"2024","C",0.338977798380355
"2024","C",0.337584032739147
"2024","C",0.335143978865668
"2024","C",0.338387598542709
"2024","C",0.33495770891045
"2024","C",0.337754610659832
"2024","C",0.335584313683986
"2024","C",0.339027874810301
"2024","C",0.339678115144235
"2024","C",0.3391200782504
"2024","C",0.337924027215597
"2024","C",0.338351881973334
"2024","C",0.339587282820273
"2024","C",0.337743428897179
"2024","C",0.338856198145721
"2024","C",0.336265026827918
"2024","C",0.337412974099693
"2024","C",0.337619337663417
"2024","C",0.337469598209886
"2024","C",0.338498961291721
"2024","C",0.337812393700151
"2024","C",0.338268261113111
"2024","C",0.338676180130681
"2024","C",0.336042680916486
"2024","C",0.336650210569313
"2024","C",0.336554771993685
"2024","C",0.338017696182034
"2024","C",0.339798718042654
"2024","C",0.33928132457676
"2024","C",0.338037730021858
"2024","C",0.336639511054421
"2024","C",0.337532185765945
"2024","C",0.338297350293832
"2024","C",0.338206693834851
"2024","C",0.339358586460117
"2024","C",0.339887370797615
"2024","C",0.336037705265978
"2024","C",0.33877688100605
"2024","C",0.337839100980152
"2024","C",0.339777079862403
"2024","C",0.336870141281668
"2024","C",0.338628072301403
"2024","C",0.337141603242479
"2024","C",0.338021634914522
"2024","C",0.339147529960334
"2024","C",0.336649230801951
"2024","C",0.339037158712439
"2024","C",0.338895142853399
"2024","C",0.337753259294083
"2024","C",0.337732096764339
"2024","C",0.340027775619502
"2024","C",0.338498095429003
"2024","C",0.336946957400993
"2024","C",0.33764122180825
"2024","C",0.33769081696065
"2024","C",0.337250094877318
"2024","C",0.337280650813237
"2024","C",0.339242489248717
"2024","C",0.339466275320532
"2024","C",0.338137656099289
"2024","C",0.338747532474682
"2024","C",0.33848967453648
"2024","C",0.338721346171329
"2024","C",0.338321717932471
"2024","C",0.338272247344949
"2024","C",0.339101747123495
"2024","C",0.337948439952025
"2024","C",0.337134496752261
"2024","C",0.336749001752415
"2024","C",0.337566276451099
"2024","C",0.337702171237978
"2024","C",0.335682116207075
"2024","C",0.338341123796709
"2024","C",0.336489304035203
"2024","C",0.337427319899975
"2024","C",0.337035065026064
"2024","C",0.337993549979641
"2024","C",0.336694451152708
"2024","C",0.336674256336398
"2024","C",0.336429684617011
"2024","C",0.335906611503411
"2024","C",0.338563920169514
"2024","C",0.336034739379964
"2024","C",0.338721146625202
"2024","C",0.338616532047192
"2024","C",0.338046598665135
"2024","C",0.337563975041124
"2024","C",0.336695789271188
"2024","C",0.337263895935728
"2024","C",0.337036251468549
"2024","C",0.337349175690638
"2024","C",0.340291884681779
"2024","C",0.337927763261284
"2024","C",0.337957945257345
"2024","C",0.336875574986051
"2024","C",0.336432576617734
"2024","C",0.337896451540131
"2024","C",0.340403321716545
"2024","C",0.338420713792704
"2024","C",0.337679713153409
"2024","C",0.337621668387092
"2024","C",0.338720678630195
"2024","C",0.337825542473284
"2024","C",0.339292244977939
"2024","C",0.338310450626128
"2024","C",0.337554724337782
"2024","C",0.338759362371299
"2024","C",0.337763893827432
"2024","C",0.337672801743723
"2024","C",0.339279053228986
"2024","C",0.336476143819358
"2024","C",0.337122281414762
"2024","C",0.336540517638648
"2024","C",0.339000925032268
"2024","C",0.339236607621932
"2024","C",0.338910337254825
"2024","C",0.337517289930457
"2024","C",0.339189483296974
"2024","C",0.33825282226614
"2024","C",0.338543586395044
"2024","C",0.337765276055424
"2024","C",0.338194621780897
"2024","C",0.339254661431952
"2024","C",0.337669373582427
"2024","C",0.338483485427688
"2024","C",0.338358844273675
"2024","C",0.338577795918166
"2024","C",0.336105664776778
"2024","C",0.339058362148299
"2024","C",0.338778304583129
"2024","C",0.336691124049461
"2024","C",0.338730851088024
"2024","C",0.337008095385197
"2024","C",0.337008001365398
"2024","C",0.337134090480327
"2024","C",0.338315815196435
"2024","C",0.337920708482747
"2024","C",0.336416863815833
"2024","C",0.338624468130741
"2024","C",0.337141004020893
"2024","C",0.338040743134094
"2024","C",0.33782407815833
"2024","C",0.337934285565642
"2024","C",0.336510391851135
"2024","C",0.337688670484997
"2024","C",0.337336983762364
"2024","C",0.339052165920204
"2024","C",0.338691933913676
"2024","C",0.338094145784649
"2024","C",0.337655655258667
"2024","C",0.338817459953625
"2024","C",0.340292413722061
"2024","C",0.339193383637885
"2024","C",0.339675578438996
"2024","C",0.336110116380279
"2024","C",0.340135791998102
"2024","C",0.339143395301551
"2024","C",0.338489700345727
"2024","C",0.338146591276509
"2024","C",0.338144353067981
"2024","C",0.33513992196172
"2024","C",0.338350834586794
"2024","C",0.338092704886269
"2024","C",0.336693250929474
"2024","C",0.33789020375735
"2024","C",0.337487531651768
"2024","C",0.338356874619575
"2024","C",0.336807351790538
"2024","C",0.336450948651269
"2024","C",0.338164276835318
"2024","C",0.338136132278049
"2024","C",0.339451786703264
"2024","C",0.33686045349388
"2024","C",0.339399228950595
"2024","C",0.338654413851591
"2024","C",0.337736813178822
"2024","C",0.336953131454706
"2024","C",0.338551711166501
"2024","C",0.338984737411917
"2024","C",0.337794357577699
"2024","C",0.336967719503863
"2024","C",0.337337241371892
"2024","C",0.33824732744295
"2024","C",0.337270348963143
"2024","C",0.33907639910815
"2024","C",0.337362453122263
"2024","C",0.338410046348314
"2024","C",0.338905692629967
"2024","C",0.338943601758877
"2024","C",0.33633486007062
"2024","C",0.339611917570682
"2024","C",0.337741547274988
"2024","C",0.337343813047998
"2024","C",0.336111405850078
"2024","C",0.336233584466476
"2024","C",0.337396843592787
"2024","C",0.338518734446946
"2024","C",0.338953611276499
"2024","C",0.339004548057505
"2024","C",0.337791862627428
"2024","C",0.339826836346906
"2024","C",0.337361426618478
"2024","C",0.337291806948525
"2024","C",0.340006877855443
"2024","C",0.337665886836118
"2024","C",0.338223267803429
"2024","C",0.337924365826802
"2024","C",0.336575152249829
"2024","C",0.338351191100144
"2024","C",0.337455419959296
"2024","C",0.339357064174776
"2024","C",0.338202606786134
"2024","C",0.338029084044786
"2024","C",0.337372005224632
"2024","C",0.337579599919007
"2024","C",0.338457828831021
"2024","C",0.338556675078992
"2024","C",0.336609598828838
"2024","C",0.337643000034068
"2024","C",0.337300182733701
"2024","C",0.337863644479957
"2024","C",0.337738869984681
"2024","C",0.337847461583564
"2024","C",0.337327465218589
"2024","C",0.337477469300124
"2024","C",0.338335746399888
"2024","C",0.338550540213661
"2024","C",0.337590744211692
"2024","C",0.337714135970007
"2024","C",0.337612983622862
"2024","C",0.337668837106201
"2024","C",0.337672626607606
"2024","C",0.337001112612375
"2024","C",0.33722078434698
"2024","C",0.338471739687723
"2024","C",0.338119472700561
"2024","C",0.34015220421312
"2024","C",0.337831612077938
"2024","C",0.337472416780658
"2024","C",0.338910396409363
"2024","C",0.337303208795492
"2024","C",0.338034688372211
"2024","C",0.336745209799315
"2024","C",0.338995084674017
"2024","C",0.337461047843019
"2024","C",0.338265902635535
"2024","C",0.338847667852342
"2024","C",0.339200060985917
"2024","C",0.338566669066849
"2024","C",0.336628574905816
"2024","C",0.339289478854456
"2024","C",0.338057692785662
"2024","C",0.337853891102984
"2024","C",0.338937049632174
"2024","C",0.33591218699612
"2024","C",0.337917096719501
"2024","C",0.337906035204049
"2024","C",0.337933575451111
"2024","C",0.336142480441612
"2024","C",0.339436927574617
"2024","C",0.337926710780364
"2024","C",0.33769230493984
"2024","C",0.338664259538322
"2024","C",0.339132212285293
"2024","C",0.337170516494142
"2024","C",0.337168114899309
"2024","C",0.339623578853372
"2024","C",0.338099367187028
"2024","C",0.339219457359796
"2024","C",0.337625584147526
"2024","C",0.339568030165921
"2024","C",0.337621225316976
"2024","C",0.338769219943018
"2024","C",0.336690886694039
"2024","C",0.33946535195616
"2024","C",0.3359448639516
"2024","C",0.339045915125158
"2024","C",0.339194188749026
"2024","C",0.33891021446253
"2024","C",0.339528061228466
"2024","C",0.338087427806356
"2024","C",0.339239359809884
"2024","C",0.337145729464298
"2024","C",0.338505339269522
"2024","C",0.336408407806597
"2024","C",0.336906741734231
"2024","C",0.338625374505942
"2024","C",0.338428991934105
"2024","C",0.338705926901123
"2024","C",0.338291286096011
"2024","C",0.339343993676344
"2024","C",0.338303995647021
"2024","C",0.339144255640115
"2024","C",0.338543166880879
"2024","C",0.340612890102522
"2024","C",0.337788524993285
"2024","C",0.337956205247222
"2024","C",0.337237354287698
"2024","C",0.339152457440581
"2024","C",0.338400259791258
"2024","C",0.338270299093392
"2024","C",0.337045686026433
"2024","C",0.336595109357258
"2024","C",0.337606117719087
"2024","C",0.338136057304968
"2024","C",0.338663436611993
"2024","C",0.337690043580076
"2024","C",0.338505793424429
"2024","C",0.338945673034031
"2024","C",0.337661227849382
"2024","C",0.337247181463698
"2024","C",0.337371499456578
"2024","C",0.339288101808271
"2024","C",0.336952241598128
"2024","C",0.33581934520011
"2024","C",0.338853506576815
"2024","C",0.335682183339346
"2024","C",0.338699854635133
"2024","C",0.337741664512611
"2024","C",0.339032375159407
"2024","C",0.338440105148223
"2024","C",0.339694023374726
"2024","C",0.338269435624074
"2024","C",0.337865284547249
"2024","C",0.338477424922279
"2024","C",0.338945014066933
"2024","C",0.338531373655542
"2024","C",0.337102862126151
"2024","C",0.337784749932761
"2024","C",0.336787555475463
"2024","C",0.338133848173713
"2024","C",0.339556714862438
"2024","C",0.337685685211599
"2024","C",0.338135455305774
"2024","C",0.33640388317914
"2024","C",0.337320598606608
"2024","C",0.337225221780102
"2024","C",0.338433976864612
"2024","C",0.33560038885328
"2024","C",0.339843392824936
"2024","C",0.338005571450686
"2024","C",0.338858025119319
"2024","C",0.337482828020186
"2024","C",0.338681016780819
"2024","C",0.339671622026778
"2024","C",0.338024695715809
"2024","C",0.33787961364801
"2024","C",0.336632925214528
"2024","C",0.337071062499119
"2024","C",0.337808352194552
"2024","C",0.33919726688301
"2024","C",0.335727191276743
"2024","C",0.337283340468972
"2024","C",0.338962398117994
"2024","C",0.336724105420463
"2024","C",0.336963425433724
"2024","C",0.338534228465072
"2024","C",0.338057471053912
"2024","C",0.335913106399986
"2024","C",0.337885204632258
"2024","C",0.338789686069391
"2024","C",0.336328944647433
"2024","C",0.336676779615279
"2024","C",0.339048747964912
"2024","C",0.338907497818245
"2024","C",0.338103820867819
"2024","C",0.337258001899622
"2024","C",0.336744435390819
"2024","C",0.339370147394071
"2024","C",0.337511703979527
"2024","C",0.33624318601446
"2024","C",0.33752438194704
"2024","C",0.338005590742328
"2024","C",0.336589887108695
"2024","C",0.338426869038922
"2024","C",0.335840667001028
"2024","C",0.338545665066241
"2024","C",0.339201777746108
"2024","C",0.338953118769952
"2024","C",0.336851169178342
"2024","C",0.338447465533465
"2024","C",0.33902000750755
"2024","C",0.337776668879327
"2024","C",0.337509755253429
"2024","C",0.336682202903437
"2024","C",0.338761961046542
"2024","C",0.336174783637274
"2024","C",0.338846982120066
"2024","C",0.338446024328482
"2024","C",0.336692648987543
"2024","C",0.337205076423287
"2024","C",0.336953019112862
"2024","C",0.337537296316528
"2024","C",0.336845330606398
"2024","C",0.338808071454917
"2024","C",0.338305302859724
"2024","C",0.338054027757669
"2024","C",0.338307078746347
"2024","C",0.337921284222956
"2024","C",0.338900109255107
"2024","C",0.337662287740726
"2024","C",0.338993202330828
"2024","C",0.338230976153634
"2024","C",0.336922968901985
"2024","C",0.336559571588366
"2024","C",0.338416373579968
"2024","C",0.33589819598149
"2024","C",0.337772273844957
"2024","C",0.33765892383575
"2024","C",0.337738377626828
"2024","C",0.33788599282918
"2024","C",0.336797091236313
"2024","C",0.337880558216828
"2024","C",0.337747425062676
"2024","C",0.335170173864075
"2024","C",0.338691191028539
"2024","C",0.338002827203073
"2024","C",0.335736297769015
"2024","C",0.33922662497674
"2024","C",0.338370562345343
"2024","C",0.338021118868201
"2024","C",0.338322662006252
"2024","C",0.337460485953688
"2024","C",0.337111586357343
"2024","C",0.338337505698337
"2024","C",0.338161974529369
"2024","C",0.339431615608248
"2024","C",0.340216928651822
"2024","C",0.338732252086077
"2024","C",0.337826382365555
"2024","C",0.33818887051149
"2024","C",0.335604916553317
"2024","C",0.337707398787684
"2024","C",0.338433399309648
"2024","C",0.337252332044197
"2024","C",0.337116936768078
"2024","C",0.337752746216575
"2024","C",0.336586095109324
"2024","C",0.339432492430676
"2024","C",0.339441538063418
"2024","C",0.336903630654003
"2024","C",0.339193424421737
"2024","C",0.337820469190619
"2024","C",0.338206615760483
"2024","C",0.33783348887963
"2024","C",0.336298360080274
"2024","C",0.337153919050259
"2024","C",0.337398617498677
"2024","C",0.336552823930179
"2024","C",0.336078866352744
"2024","C",0.337716531078672
"2024","C",0.337868277843475
"2024","C",0.337466681108946
"2024","C",0.339767919671103
"2024","C",0.337002437615681
"2024","C",0.33779468068437
"2024","C",0.338426615024443
"2024","C",0.336765264824966
"2024","C",0.337483417954101
"2024","C",0.338093552009375
"2024","C",0.336746988340528
"2024","C",0.338702629965684
"2024","C",0.337877045090606
"2024","C",0.33705660185663
"2024","C",0.339435587776431
"2024","C",0.336660910237582
"2024","C",0.337544287359802
"2024","C",0.338818083067724
"2024","C",0.338489626302114
"2024","C",0.336097685503789
"2024","C",0.338749776320856
"2024","C",0.336567969805333
"2024","C",0.338891348172193
"2024","C",0.339592028818836
"2024","C",0.337936670639653
"2024","C",0.336442445927876
"2024","C",0.337146205328358
"2024","C",0.335873106299036
"2024","C",0.339618237238034
"2024","C",0.337139637042382
"2024","C",0.33941286211493
"2024","C",0.33903324073585
"2024","C",0.34015070869358
"2024","C",0.338381200665873
"2024","C",0.337572471317769
"2024","C",0.34002595885369
"2024","C",0.33674962473917
"2024","C",0.338199413678625
"2024","C",0.337139143263986
"2024","C",0.33826090661056
"2024","C",0.338290388047611
"2024","C",0.338951182496875
"2024","C",0.338492548117594
"2024","C",0.337819769752593
"2024","C",0.338227716795811
"2024","C",0.337033994971269
"2024","C",0.336751488740224
"2024","C",0.337614026746178
"2024","C",0.338610889058869
"2024","C",0.337008684227551
"2024","C",0.338780622657541
"2024","C",0.338755763861957
"2024","C",0.338100195867689
"2024","C",0.337308901965334
"2024","C",0.338166533377549
"2024","C",0.336921827546579
"2024","C",0.338706501147785
"2024","C",0.336546763501836
"2024","C",0.338669250406118
"2024","C",0.337418967305235
"2024","C",0.335161033196341
"2024","C",0.338443068863657
"2024","C",0.337854246292092
"2024","C",0.338693086023198
"2024","C",0.33749040996913
"2024","C",0.338404996701748
"2024","C",0.33812575009018
"2024","C",0.338411190595338
"2024","C",0.338661631072013
"2024","C",0.339039425628421
"2024","C",0.336337902583101
"2024","C",0.339278606703953
"2024","C",0.338723476301032
"2024","C",0.335656909607232
"2024","C",0.33815029771817
"2024","C",0.337170334346514
"2024","C",0.337607427318694
"2024","C",0.336896717251229
"2024","C",0.337274921438448
"2024","C",0.338394465530109
"2024","C",0.337586275025011
"2024","C",0.33692319036804
"2024","C",0.336871785432768
"2024","C",0.3370677384267
"2024","C",0.337148082140405
"2024","C",0.336677157628994
"2024","C",0.338485682875724
"2024","C",0.337782447023352
"2024","C",0.337677170977274
"2024","C",0.335359003367954
"2024","C",0.337540320603371
"2024","C",0.339002877356722
"2024","C",0.33944913065223
"2024","C",0.338810710487395
"2024","C",0.33651137775796
"2024","C",0.338669154827646
"2024","C",0.336019826729289
"2024","C",0.338265956517834
"2024","C",0.337578647331764
"2024","C",0.338797370943805
"2024","C",0.338040359161318
"2024","C",0.337336010809979
"2024","C",0.336568641988497
"2024","C",0.339316399336285
"2024","C",0.336126654195838
"2024","C",0.337889722043039
"2024","C",0.337970976717482
"2024","C",0.337776369030216
"2024","C",0.338225813484738
"2024","C",0.336250598527138
"2024","C",0.337701460235286
"2024","C",0.337251273896821
"2024","C",0.337212715444871
"2024","C",0.338669779994521
"2024","C",0.337610406088816
"2024","C",0.33777080772525
"2024","C",0.336807493217763
"2024","C",0.339302105611755
"2024","C",0.337235360962727
"2024","C",0.33736950028893
"2024","C",0.339927257734286
"2024","C",0.338504808107884
"2024","C",0.338360899290734
"2024","C",0.340510245745472
"2024","C",0.336864201392919
"2024","C",0.335624983591486
"2024","C",0.338394789142037
"2024","C",0.337075455634838
"2024","C",0.336239604279817
"2024","C",0.33875616762258
"2024","C",0.336908488484317
"2024","C",0.33845624027823
"2024","C",0.338972872758694
"2024","C",0.339233755631846
"2024","C",0.336908494019083
"2024","C",0.337506568014639
"2024","C",0.338110078210435
"2024","C",0.338432207726558
"2024","C",0.337108594422633
"2024","C",0.338970960868534
"2024","C",0.337339995787669
"2024","C",0.339866131608282
"2024","C",0.336133685936764
"2024","C",0.337154647184151
"2024","C",0.33775498891143
"2024","C",0.337987589043705
"2024","C",0.339385269727473
"2024","C",0.33931101982124
"2024","C",0.33903717259307
"2024","C",0.339603531669543
"2024","C",0.338585687635137
"2024","C",0.33698619422087
"2024","C",0.336252554603273
"2024","C",0.336639042972564
"2024","C",0.336652286677451
"2024","C",0.337835881738093
"2024","C",0.338094240557273
"2024","C",0.339606724091236
"2024","C",0.335852963458497
"2024","C",0.337629094863244
"2024","C",0.338538238977417
"2024","C",0.336596696235784
"2024","C",0.338264975769414
"2024","C",0.337596386301291
"2024","C",0.339182995234614
"2024","C",0.336580529723172
"2024","C",0.338007064756744
"2024","C",0.337732986443129
"2024","C",0.33690117460144
"2024","C",0.338209835105127
"2024","C",0.338219066631661
"2024","C",0.338900447935698
"2024","C",0.33928702831013
"2024","C",0.339444271919805
"2024","C",0.335901317961774
"2024","C",0.338994771652109
"2024","C",0.336758459028089
"2024","C",0.337876284940546
"2024","C",0.338603878047416
"2024","C",0.338578866884973
"2024","C",0.338803642236764
"2024","C",0.338149037286762
"2024","C",0.338637172678792
"2024","C",0.339084234392493
"2024","C",0.336449750724253
"2024","C",0.338315080612435
"2024","C",0.33723418110956
"2024","C",0.33739964226241
"2024","C",0.337770566185344
"2024","C",0.337023438023386
"2024","C",0.33814055619408
"2024","C",0.33644683662945
"2024","C",0.337442135110227
"2024","C",0.339272942892718
"2024","C",0.338106758972443
"2024","C",0.338106407251833
"2024","C",0.338507328201171
"2024","C",0.337267802189365
"2024","C",0.338635554604868
"2024","C",0.337061624229604
"2024","C",0.337595771299284
"2024","C",0.337135271917191
"2024","C",0.336692737763521
"2024","C",0.338389146946482
"2024","C",0.3388543281946
"2024","C",0.338838410210737
"2024","C",0.337989292393272
"2024","C",0.338031069921342
"2024","C",0.336081286400883
"2024","C",0.337114795962646
"2024","C",0.33624395245184
"2024","C",0.337989890923711
"2024","C",0.3384506779252
"2024","C",0.336778366279417
"2024","C",0.337967284162154
"2024","C",0.338810013476935
"2024","C",0.33939007022222
"2024","C",0.33843205418366
"2024","C",0.337828726509914
"2024","C",0.336324769547449
"2024","C",0.33853265982019
"2024","C",0.338425787171347
"2024","C",0.337114829431346
"2024","C",0.337870117620392
"2024","C",0.33863999669296
"2024","C",0.336910347662423
"2024","C",0.337300290667923
"2024","C",0.337631348106373
"2024","C",0.336505252411893
"2024","C",0.338724009487989
"2024","C",0.340136908424475
"2024","C",0.339757208853858
"2024","C",0.339042632204669
"2024","C",0.338417103799379
"2024","C",0.337650947604572
"2024","C",0.337170513365342
"2024","C",0.338706574216942
"2024","C",0.33717949857063
"2024","C",0.336129250449786
"2024","C",0.338787034650706
"2024","C",0.3384462364705
"2024","C",0.339185041573821
"2024","C",0.337720741065293
"2024","C",0.338331672378591
"2024","C",0.335238204437591
"2024","C",0.338856162089232
"2024","C",0.336520203451293
"2024","C",0.336181309080224
"2024","C",0.338155417018081
"2024","C",0.339493385779458
"2024","C",0.338521333380589
"2024","C",0.337246607879041
"2024","C",0.33984325402014
"2024","C",0.339301437870125
"2024","C",0.336944011421466
"2024","C",0.338325478128156
"2024","C",0.337208403501559
"2024","C",0.337274943878354
"2024","C",0.339941646752707
"2024","C",0.33759183225419
"2024","C",0.33756389823528
"2024","C",0.338376182579324
"2024","C",0.339323600102577
"2024","C",0.335982717614649
"2024","C",0.339003589442057
"2024","C",0.3378173102643
"2024","C",0.338987181875119
"2024","C",0.33756282788216
"2024","C",0.337790431257147
"2024","C",0.337385275712827
"2024","C",0.337219882354742
"2024","C",0.338060935233381
"2024","C",0.337839995685472
"2024","C",0.337494297714237
"2024","C",0.336938258142251
"2024","C",0.337921369707639
"2024","C",0.338561752829041
"2024","C",0.340189190750532
"2024","C",0.337128302544887
"2024","C",0.336763068444068
"2024","C",0.337654966381137
"2024","C",0.336592920891268
"2024","C",0.337150225679074
"2024","C",0.337850109957513
"2024","C",0.337145221556435
"2024","C",0.338198889939961
"2024","C",0.338751243179061
"2024","C",0.338842549012496
"2024","C",0.33985391106572
"2024","C",0.338308482241962
"2024","C",0.337679050413327
"2024","C",0.33858033590193
"2024","C",0.338376626817435
"2024","C",0.33855985051821
"2024","C",0.338900573288832
"2024","C",0.338436934019205
"2024","C",0.338049450988814
"2024","C",0.33775859102817
"2024","C",0.338427300414162
"2024","C",0.340259591042378
"2024","C",0.337328055176212
"2024","C",0.340280896536984
"2024","N",0.556167432954594
"2024","N",0.558940396609122
"2024","N",0.552692663253079
"2024","N",0.564001952671396
"2024","N",0.564458890182277
"2024","N",0.561105508176551
"2024","N",0.560965131916244
"2024","N",0.554771023656317
"2024","N",0.559473706973626
"2024","N",0.559817849108254
"2024","N",0.555765201848345
"2024","N",0.560606891883974
"2024","N",0.563513678170601
"2024","N",0.558015187295015
"2024","N",0.562288603558019
"2024","N",0.555679935343214
"2024","N",0.558503062270817
"2024","N",0.558736743005709
"2024","N",0.55812476401119
"2024","N",0.562137298866688
"2024","N",0.557571310013858
"2024","N",0.55990934160796
"2024","N",0.566425470820788
"2024","N",0.562551087532851
"2024","N",0.558707326534665
"2024","N",0.558934823441226
"2024","N",0.562244820991931
"2024","N",0.56328328988351
"2024","N",0.551121375284429
"2024","N",0.563663333878385
"2024","N",0.563789254860514
"2024","N",0.559038914009134
"2024","N",0.55123724580039
"2024","N",0.561890000705593
"2024","N",0.557821698433681
"2024","N",0.5520530776515
"2024","N",0.564435193043497
"2024","N",0.561687525359499
"2024","N",0.560906996223811
"2024","N",0.558977142250328
"2024","N",0.560167248112106
"2024","N",0.55700263540432
"2024","N",0.560569068375125
"2024","N",0.554197456131329
"2024","N",0.563288337175467
"2024","N",0.558817191861767
"2024","N",0.567498040361027
"2024","N",0.558333212504539
"2024","N",0.563861735831618
"2024","N",0.554628682015571
"2024","N",0.558891954962111
"2024","N",0.563677041249889
"2024","N",0.561303234211437
"2024","N",0.558471448585054
"2024","N",0.554223356075052
"2024","N",0.556642643333839
"2024","N",0.55844317897995
"2024","N",0.55551380423306
"2024","N",0.567888350493272
"2024","N",0.561373046809805
"2024","N",0.558689909471316
"2024","N",0.561247235478624
"2024","N",0.558951005920896
"2024","N",0.552446904243052
"2024","N",0.563175167977581
"2024","N",0.564143228183518
"2024","N",0.552394084410784
"2024","N",0.558710372245932
"2024","N",0.562814778848556
"2024","N",0.560122404384226
"2024","N",0.568303438062593
"2024","N",0.562928204296128
"2024","N",0.55512616551478
"2024","N",0.559948990656597
"2024","N",0.562476233468044
"2024","N",0.557261004637494
"2024","N",0.555321386513068
"2024","N",0.560331082904655
"2024","N",0.558635035510066
"2024","N",0.560053042574187
"2024","N",0.559313755654361
"2024","N",0.555009308610266
"2024","N",0.557889653156646
"2024","N",0.556512558383875
"2024","N",0.563391367762854
"2024","N",0.556889730631602
"2024","N",0.556902708074172
"2024","N",0.564896233889115
"2024","N",0.560057568240339
"2024","N",0.553665696143388
"2024","N",0.55537429137575
"2024","N",0.559315704004067
"2024","N",0.555368907945319
"2024","N",0.550474915655462
"2024","N",0.555466275475226
"2024","N",0.564063415661705
"2024","N",0.562012117699069
"2024","N",0.55807376240293
"2024","N",0.551112882712504
"2024","N",0.556500889904085
"2024","N",0.561265025126621
"2024","N",0.550618750461
"2024","N",0.555806283757822
"2024","N",0.56232128303103
"2024","N",0.559716395226753
"2024","N",0.560011976158108
"2024","N",0.55859408300366
"2024","N",0.560183872402696
"2024","N",0.561525091964044
"2024","N",0.559975776163478
"2024","N",0.556982979219172
"2024","N",0.554597641912544
"2024","N",0.556366184127217
"2024","N",0.558514649098997
"2024","N",0.561978063870397
"2024","N",0.555367087079908
"2024","N",0.567992953400603
"2024","N",0.561148742426896
"2024","N",0.559717017062377
"2024","N",0.556445865606748
"2024","N",0.556523191822958
"2024","N",0.556429873122559
"2024","N",0.561227311039464
"2024","N",0.563697683246396
"2024","N",0.555605784075629
"2024","N",0.558862932367775
"2024","N",0.563188805529631
"2024","N",0.564595181650286
"2024","N",0.56056041179143
"2024","N",0.560907943613902
"2024","N",0.555533986895856
"2024","N",0.554007091446091
"2024","N",0.556780057472056
"2024","N",0.564750396790575
"2024","N",0.562064350111797
"2024","N",0.561601600348581
"2024","N",0.558178537119163
"2024","N",0.559389252567183
"2024","N",0.563477962425546
"2024","N",0.562847842608264
"2024","N",0.561833453274489
"2024","N",0.561423652136258
"2024","N",0.556018908339616
"2024","N",0.551184810045021
"2024","N",0.564937828296477
"2024","N",0.56207410781737
"2024","N",0.567188780775039
"2024","N",0.561273627930755
"2024","N",0.564800613764805
"2024","N",0.558440629058698
"2024","N",0.559266480597869
"2024","N",0.556346476131955
"2024","N",0.564103113728402
"2024","N",0.554794070278521
"2024","N",0.561134345471328
"2024","N",0.560673493135117
"2024","N",0.558750092551618
"2024","N",0.564745839728314
"2024","N",0.558991273375491
"2024","N",0.563931146171999
"2024","N",0.556566745206072
"2024","N",0.562741978605397
"2024","N",0.558861273687519
"2024","N",0.560273497932485
"2024","N",0.554766921197697
"2024","N",0.562060791228179
"2024","N",0.556874989325409
"2024","N",0.57173618992484
"2024","N",0.56607031960821
"2024","N",0.553346867148875
"2024","N",0.564947105920592
"2024","N",0.565445599955857
"2024","N",0.557796376375509
"2024","N",0.560126178765772
"2024","N",0.556011802053463
"2024","N",0.559848713391463
"2024","N",0.561031073896977
"2024","N",0.550939784848944
"2024","N",0.562007651470799
"2024","N",0.560051711822759
"2024","N",0.555791404584215
"2024","N",0.558790538040842
"2024","N",0.560449184314375
"2024","N",0.561671518018989
"2024","N",0.556121817819716
"2024","N",0.565926372584097
"2024","N",0.549171268913662
"2024","N",0.563388778782115
"2024","N",0.54861608804782
"2024","N",0.549143774989552
"2024","N",0.556641840385794
"2024","N",0.557795054661772
"2024","N",0.558922444513096
"2024","N",0.557405416358998
"2024","N",0.562374789887908
"2024","N",0.554439023511615
"2024","N",0.555218517552589
"2024","N",0.562309155318549
"2024","N",0.562175955296289
"2024","N",0.560358747431883
"2024","N",0.555490988834178
"2024","N",0.555882464668435
"2024","N",0.559391656245515
"2024","N",0.561971650354979
"2024","N",0.561394436454068
"2024","N",0.559279450983966
"2024","N",0.558244212009879
"2024","N",0.554732926200311
"2024","N",0.558051168925905
"2024","N",0.556708786872933
"2024","N",0.558253900458337
"2024","N",0.561651101988072
"2024","N",0.55256677586927
"2024","N",0.556399340070914
"2024","N",0.558621154238397
"2024","N",0.556168756927791
"2024","N",0.554725509928637
"2024","N",0.564711362122959
"2024","N",0.564235387594127
"2024","N",0.559515964220734
"2024","N",0.555687969113324
"2024","N",0.561252471594841
"2024","N",0.562929591326228
"2024","N",0.558308012037501
"2024","N",0.565645065663623
"2024","N",0.552356346700395
"2024","N",0.555810793850515
"2024","N",0.565844048809461
"2024","N",0.555767506636664
"2024","N",0.555618748379092
"2024","N",0.56201944823882
"2024","N",0.560661796371776
"2024","N",0.563133847795187
"2024","N",0.563578945908309
"2024","N",0.560984999241146
"2024","N",0.560441669028807
"2024","N",0.560379483059902
"2024","N",0.555486672540504
"2024","N",0.559930353955968
"2024","N",0.564781465849965
"2024","N",0.560443226107127
"2024","N",0.558567876749779
"2024","N",0.562772052623206
"2024","N",0.564250672035969
"2024","N",0.558873987184894
"2024","N",0.559568485569513
"2024","N",0.558665622942477
"2024","N",0.559565951035322
"2024","N",0.556731210275009
"2024","N",0.553030107721658
"2024","N",0.560853371107982
"2024","N",0.553037921666211
"2024","N",0.566560154712036
"2024","N",0.565695022867602
"2024","N",0.554884744438703
"2024","N",0.552644161813578
"2024","N",0.555631260974661
"2024","N",0.560423735992407
"2024","N",0.564413853361299
"2024","N",0.552611530465688
"2024","N",0.561855783695619
"2024","N",0.563781985476047
"2024","N",0.562895670495001
"2024","N",0.559694628512354
"2024","N",0.560482549506505
"2024","N",0.560354650218313
"2024","N",0.553375824177664
"2024","N",0.563360225212127
"2024","N",0.553819140884057
"2024","N",0.556732499761858
"2024","N",0.554385099725154
"2024","N",0.556494956001336
"2024","N",0.56239976523715
"2024","N",0.559202859584909
"2024","N",0.556732464274833
"2024","N",0.56151163993075
"2024","N",0.558349386831782
"2024","N",0.558384829561126
"2024","N",0.561879490879687
"2024","N",0.555004155507136
"2024","N",0.559659622369075
"2024","N",0.550945642661752
"2024","N",0.558000324732195
"2024","N",0.560263278799227
"2024","N",0.552997423679714
"2024","N",0.559740065106041
"2024","N",0.565068638321851
"2024","N",0.56168683222103
"2024","N",0.562177129773179
"2024","N",0.55589689085398
"2024","N",0.563169631863896
"2024","N",0.558106773316464
"2024","N",0.560645471357004
"2024","N",0.561796573767578
"2024","N",0.565451421675545
"2024","N",0.559126103279195
"2024","N",0.562773016542993
"2024","N",0.555103699958662
"2024","N",0.554815122385025
"2024","N",0.559904542604436
"2024","N",0.559894975125144
"2024","N",0.558484294555756
"2024","N",0.556772807419067
"2024","N",0.561849274726066
"2024","N",0.562156838077157
"2024","N",0.563810161145407
"2024","N",0.561957222012433
"2024","N",0.560870995946886
"2024","N",0.563216791847871
"2024","N",0.553700996825974
"2024","N",0.564662434962279
"2024","N",0.55658359756425
"2024","N",0.564644946814236
"2024","N",0.560675825035038
"2024","N",0.557801750467446
"2024","N",0.555969579023322
"2024","N",0.566143613924403
"2024","N",0.554976260489536
"2024","N",0.559672550728494
"2024","N",0.556359728417968
"2024","N",0.566063469352872
"2024","N",0.565031180246101
"2024","N",0.560290632540879
"2024","N",0.562647234778618
"2024","N",0.563621512148745
"2024","N",0.555954345875909
"2024","N",0.55990548959262
"2024","N",0.563863257209533
"2024","N",0.548291559147918
"2024","N",0.566524604419737
"2024","N",0.556229899025646
"2024","N",0.553476099124545
"2024","N",0.554177402094784
"2024","N",0.568118837384723
"2024","N",0.551579702968544
"2024","N",0.569598510931077
"2024","N",0.562850816117904
"2024","N",0.563049956816708
"2024","N",0.560661812605777
"2024","N",0.560373658668001
"2024","N",0.558290054096651
"2024","N",0.556763027505139
"2024","N",0.558903599722108
"2024","N",0.567160441514837
"2024","N",0.56417362078177
"2024","N",0.560658869550187
"2024","N",0.565183754505042
"2024","N",0.552140584027571
"2024","N",0.562157547751734
"2024","N",0.557206777449697
"2024","N",0.559643415492021
"2024","N",0.560501725249138
"2024","N",0.555600627264416
"2024","N",0.56326249942252
"2024","N",0.564258937905099
"2024","N",0.55818172259022
"2024","N",0.561197062157612
"2024","N",0.552596459963
"2024","N",0.572032535844338
"2024","N",0.55595606126253
"2024","N",0.561714945410497
"2024","N",0.562292355484842
"2024","N",0.55808008204542
"2024","N",0.556619368778271
"2024","N",0.555806478333354
"2024","N",0.561160629698919
"2024","N",0.551720292074228
"2024","N",0.558725446501719
"2024","N",0.563743274576728
"2024","N",0.560545822709329
"2024","N",0.562861574095623
"2024","N",0.558192339780133
"2024","N",0.557224823002728
"2024","N",0.564574440916192
"2024","N",0.563863247124985
"2024","N",0.558743264189164
"2024","N",0.558389719491697
"2024","N",0.563191153058614
"2024","N",0.560797808900063
"2024","N",0.555976150808828
"2024","N",0.562508219166246
"2024","N",0.567592820498865
"2024","N",0.562885463010028
"2024","N",0.557552557175862
"2024","N",0.563562971368176
"2024","N",0.56200114416454
"2024","N",0.555085797880827
"2024","N",0.566260875471538
"2024","N",0.562186550380258
"2024","N",0.565351062864842
"2024","N",0.561488868365043
"2024","N",0.564263650642373
"2024","N",0.549798372621643
"2024","N",0.557884103795618
"2024","N",0.561877703316222
"2024","N",0.556891349306584
"2024","N",0.562947890742549
"2024","N",0.55734360369511
"2024","N",0.563369818175172
"2024","N",0.565268844528788
"2024","N",0.56309987551384
"2024","N",0.554380324045796
"2024","N",0.565273593655886
"2024","N",0.561407467073117
"2024","N",0.557621989936381
"2024","N",0.559539017542395
"2024","N",0.557863695317025
"2024","N",0.554957472476865
"2024","N",0.554147810692768
"2024","N",0.563170783318483
"2024","N",0.558931879845937
"2024","N",0.569437576896886
"2024","N",0.565121790224186
"2024","N",0.556740934525688
"2024","N",0.555766609601263
"2024","N",0.555274135805116
"2024","N",0.559768809008824
"2024","N",0.563498067698369
"2024","N",0.551775679626946
"2024","N",0.560658419363123
"2024","N",0.559172505541552
"2024","N",0.560277211998838
"2024","N",0.556183010565521
"2024","N",0.557514222372812
"2024","N",0.558686502789914
"2024","N",0.553395592886941
"2024","N",0.561866345645034
"2024","N",0.565765350127318
"2024","N",0.565105561007061
"2024","N",0.558538215899714
"2024","N",0.558024240551771
"2024","N",0.562434716532001
"2024","N",0.553042297835659
"2024","N",0.559149023858157
"2024","N",0.559404752958676
"2024","N",0.560932793707747
"2024","N",0.561898755633748
"2024","N",0.552368599997066
"2024","N",0.561462861166432
"2024","N",0.555700704454169
"2024","N",0.558482044595396
"2024","N",0.556769028793616
"2024","N",0.563028066110952
"2024","N",0.560561726926021
"2024","N",0.560299613396705
"2024","N",0.556471805184109
"2024","N",0.557532267580196
"2024","N",0.561023775221206
"2024","N",0.55204692283381
"2024","N",0.559953314402155
"2024","N",0.565764385019618
"2024","N",0.569931411765011
"2024","N",0.564141411658528
"2024","N",0.557485333637439
"2024","N",0.561797582522121
"2024","N",0.561606069768008
"2024","N",0.55611607743751
"2024","N",0.557284434733667
"2024","N",0.563858047493192
"2024","N",0.556466343397455
"2024","N",0.561960920727378
"2024","N",0.560174205469318
"2024","N",0.565269614423286
"2024","N",0.562667060519283
"2024","N",0.560291953470354
"2024","N",0.561355655513819
"2024","N",0.557660876568322
"2024","N",0.555690664198409
"2024","N",0.56146414605154
"2024","N",0.563548206484284
"2024","N",0.552412581920903
"2024","N",0.555939273396117
"2024","N",0.56119319441545
"2024","N",0.563252937702005
"2024","N",0.560345423270299
"2024","N",0.557939996447227
"2024","N",0.554752390841312
"2024","N",0.557665623075546
"2024","N",0.55683448441049
"2024","N",0.563787520419744
"2024","N",0.558684619969902
"2024","N",0.559674198647231
"2024","N",0.557845244208203
"2024","N",0.550062728675423
"2024","N",0.560727953916217
"2024","N",0.553307121217934
"2024","N",0.553191470473553
"2024","N",0.558237246141264
"2024","N",0.565094260326328
"2024","N",0.554581291802739
"2024","N",0.559715523939358
"2024","N",0.564253154469816
"2024","N",0.557296376225924
"2024","N",0.563397603405066
"2024","N",0.554886124956086
"2024","N",0.550075459147835
"2024","N",0.559067933734482
"2024","N",0.561449242112372
"2024","N",0.552159025137343
"2024","N",0.56217416372762
"2024","N",0.555846713970159
"2024","N",0.556183282580749
"2024","N",0.556862356984005
"2024","N",0.557169163056084
"2024","N",0.564500538666729
"2024","N",0.564617767890841
"2024","N",0.558432108836165
"2024","N",0.556381830480099
"2024","N",0.556113240852396
"2024","N",0.559349620609735
"2024","N",0.56212746164797
"2024","N",0.559268745671234
"2024","N",0.556167186804749
"2024","N",0.556633198860445
"2024","N",0.557970294556792
"2024","N",0.560779298248314
"2024","N",0.559965638769368
"2024","N",0.568969325483553
"2024","N",0.55991224691713
"2024","N",0.560066188069042
"2024","N",0.557828735426103
"2024","N",0.559148746177379
"2024","N",0.559622939671103
"2024","N",0.558579162780783
"2024","N",0.564598164640864
"2024","N",0.554398821244406
"2024","N",0.56278614314186
"2024","N",0.557238794329259
"2024","N",0.566032250057473
"2024","N",0.558706569842248
"2024","N",0.556572963719437
"2024","N",0.561450661858417
"2024","N",0.557994367245126
"2024","N",0.564170431308929
"2024","N",0.558209414764527
"2024","N",0.567133579128977
"2024","N",0.561530091576378
"2024","N",0.562401201820795
"2024","N",0.56377756478726
"2024","N",0.559566520802905
"2024","N",0.55625247746966
"2024","N",0.562078185718519
"2024","N",0.558937889354094
"2024","N",0.564180436164177
"2024","N",0.567574712594549
"2024","N",0.555945333000215
"2024","N",0.554980375625056
"2024","N",0.561266991681137
"2024","N",0.55714738747601
"2024","N",0.55784801342984
"2024","N",0.559003946144656
"2024","N",0.556700491595708
"2024","N",0.557493977753632
"2024","N",0.556871897051763
"2024","N",0.562631985105794
"2024","N",0.564403680342507
"2024","N",0.556754888200989
"2024","N",0.561327092363071
"2024","N",0.563128725333892
"2024","N",0.564375951474869
"2024","N",0.568963130781127
"2024","N",0.555397574302802
"2024","N",0.562370978410352
"2024","N",0.556929763003864
"2024","N",0.55636693893466
"2024","N",0.562846469141273
"2024","N",0.558871977049164
"2024","N",0.55480508212706
"2024","N",0.558194710010149
"2024","N",0.560307328038613
"2024","N",0.562036804714514
"2024","N",0.561863752277788
"2024","N",0.557961562685579
"2024","N",0.554076775637388
"2024","N",0.567391374136601
"2024","N",0.560921965741491
"2024","N",0.565129786835477
"2024","N",0.553824632320207
"2024","N",0.554463660027752
"2024","N",0.563152445680441
"2024","N",0.558468658099777
"2024","N",0.560679435730302
"2024","N",0.570805366489874
"2024","N",0.562051150731508
"2024","N",0.556700309481682
"2024","N",0.557489451852845
"2024","N",0.563788783318413
"2024","N",0.555388431354074
"2024","N",0.559477398142433
"2024","N",0.556746703073225
"2024","N",0.563311867002208
"2024","N",0.563347381487033
"2024","N",0.562175182144847
"2024","N",0.55634860514819
"2024","N",0.555971926875402
"2024","N",0.558078535929369
"2024","N",0.555524488483925
"2024","N",0.559586491417604
"2024","N",0.566524455539983
"2024","N",0.562350179020304
"2024","N",0.559588584748795
"2024","N",0.563479464475549
"2024","N",0.556786924569909
"2024","N",0.556176807663542
"2024","N",0.560003768720213
"2024","N",0.559630562739118
"2024","N",0.564124797872267
"2024","N",0.563898710073132
"2024","N",0.554593375172539
"2024","N",0.559244403674084
"2024","N",0.559748670895233
"2024","N",0.565776394519309
"2024","N",0.559876283287286
"2024","N",0.557273614643758
"2024","N",0.561978501464185
"2024","N",0.562120833621623
"2024","N",0.565286844273299
"2024","N",0.556861962277981
"2024","N",0.55779193167768
"2024","N",0.567078025438383
"2024","N",0.557574849918158
"2024","N",0.563917803158166
"2024","N",0.554200428979475
"2024","N",0.559936283679516
"2024","N",0.560347548499083
"2024","N",0.557313204856808
"2024","N",0.55855382566371
"2024","N",0.556647236784343
"2024","N",0.55945397700599
"2024","N",0.567837687665474
"2024","N",0.561468362886124
"2024","N",0.56339466996761
"2024","N",0.563678566553891
"2024","N",0.555022633046157
"2024","N",0.557796661826011
"2024","N",0.559939727670308
"2024","N",0.556661319540757
"2024","N",0.565209860018768
"2024","N",0.551977498393181
"2024","N",0.560287107167622
"2024","N",0.564903409910647
"2024","N",0.555891068602197
"2024","N",0.561149245229046
"2024","N",0.566189136306446
"2024","N",0.561234623241272
"2024","N",0.553187239518388
"2024","N",0.565601953063425
"2024","N",0.563785367755572
"2024","N",0.562207427882439
"2024","N",0.562559747689102
"2024","N",0.564928594390209
"2024","N",0.559558153403684
"2024","N",0.561908813405269
"2024","N",0.559099859547429
"2024","N",0.556122598989392
"2024","N",0.558251640740095
"2024","N",0.558000530325728
"2024","N",0.559909705693486
"2024","N",0.560732822851193
"2024","N",0.560796067009368
"2024","N",0.566707796203181
"2024","N",0.556563160680568
"2024","N",0.560845913470695
"2024","N",0.559607874389516
"2024","N",0.561155552827785
"2024","N",0.557764510829839
"2024","N",0.566166366133346
"2024","N",0.562187239351769
"2024","N",0.559770531334171
"2024","N",0.557427706534883
"2024","N",0.565063371837152
"2024","N",0.557480166918321
"2024","N",0.557955722638461
"2024","N",0.557774549377903
"2024","N",0.555370599487529
"2024","N",0.55080850643228
"2024","N",0.564894505843486
"2024","N",0.560040228443784
"2024","N",0.557229659795698
"2024","N",0.560580401604435
"2024","N",0.557609274202349
"2024","N",0.562414898298115
"2024","N",0.566127772046001
"2024","N",0.559564804873565
"2024","N",0.559941958978539
"2024","N",0.559294034095885
"2024","N",0.568038691525448
"2024","N",0.562886955055967
"2024","N",0.5576544326309
"2024","N",0.564570444307823
"2024","N",0.562657532408125
"2024","N",0.567994419352298
"2024","N",0.556266541037525
"2024","N",0.554942377070839
"2024","N",0.558158487842589
"2024","N",0.562580987031663
"2024","N",0.56470839876973
"2024","N",0.556662949567124
"2024","N",0.558037731155192
"2024","N",0.562244682489213
"2024","N",0.558204080395535
"2024","N",0.562756899943224
"2024","N",0.559085787771913
"2024","N",0.563027115594442
"2024","N",0.555253450908162
"2024","N",0.557543706358848
"2024","N",0.560202274110206
"2024","N",0.557747045677743
"2024","N",0.562571229637926
"2024","N",0.557172627260894
"2024","N",0.559809776866184
"2024","N",0.559054218264589
"2024","N",0.556885579125171
"2024","N",0.561514329981344
"2024","N",0.559006536496783
"2024","N",0.560739779986159
"2024","N",0.562617726167693
"2024","N",0.565219617469293
"2024","N",0.558111586075398
"2024","N",0.559519121295817
"2024","N",0.561794758172274
"2024","N",0.565216492427101
"2024","N",0.56181005307768
"2024","N",0.561052803256789
"2024","N",0.558042370547133
"2024","N",0.563481452042117
"2024","N",0.559793361293097
"2024","N",0.55732435970994
"2024","N",0.558532152555356
"2024","N",0.557066558420001
"2024","N",0.560384429104364
"2024","N",0.568358804371147
"2024","N",0.556769852915114
"2024","N",0.555056303660625
"2024","N",0.553129653462913
"2024","N",0.557354412498253
"2024","N",0.558572005892779
"2024","N",0.560717392826975
"2024","N",0.566686382410916
"2024","N",0.571890665404254
"2024","N",0.556092217231398
"2024","N",0.564698243186028
"2024","N",0.558753927783376
"2024","N",0.567709439921173
"2024","N",0.556039311072066
"2024","N",0.561710519335175
"2024","N",0.561697508398267
"2024","N",0.558590026687905
"2024","N",0.557469762283168
"2024","N",0.55671124680153
"2024","N",0.558478866060728
"2024","N",0.559407062576165
"2024","N",0.560721149350926
"2024","N",0.555606756562808
"2024","N",0.561262636188852
"2024","N",0.553372142901411
"2024","N",0.561157125777263
"2024","N",0.560547304080434
"2024","N",0.564383185292921
"2024","N",0.568987877390968
"2024","N",0.563924417897621
"2024","N",0.563536096169484
"2024","N",0.557543652376408
"2024","N",0.556513814043083
"2024","N",0.559319951322592
"2024","N",0.563362923379896
"2024","N",0.558295367040847
"2024","N",0.564627179084496
"2024","N",0.554885181242155
"2024","N",0.561977056079399
"2024","N",0.563337488633182
"2024","N",0.558115592122805
"2024","N",0.56131230178103
"2024","N",0.560698860642572
"2024","N",0.557628393486734
"2024","N",0.55398760437114
"2024","N",0.560735298873634
"2024","N",0.563714554317849
"2024","N",0.560387110193333
"2024","N",0.558568445669335
"2024","N",0.550836819382808
"2024","N",0.553006326617162
"2024","N",0.555454602408352
"2024","N",0.558036042520867
"2024","N",0.561820567453968
"2024","N",0.556934407428787
"2024","N",0.562174372376327
"2024","N",0.563247888549323
"2024","N",0.562200874009425
"2024","N",0.559575492051347
"2024","N",0.561140274701605
"2024","N",0.559883345252743
"2024","N",0.557169667230679
"2024","N",0.558100115431098
"2024","N",0.560727985496768
"2024","N",0.555379441731201
"2024","N",0.559748459658635
"2024","N",0.559927699976938
"2024","N",0.56026261095856
"2024","N",0.563416712573871
"2024","N",0.550842462025181
"2024","N",0.559021938139715
"2024","N",0.563547999897344
"2024","N",0.558584451780196
"2024","N",0.555386549590894
"2024","N",0.559380992486375
"2024","N",0.561405040835868
"2024","N",0.565236219236447
"2024","N",0.560356281161048
"2024","N",0.562911546773033
"2024","N",0.560390578927044
"2024","N",0.561400901105722
"2024","N",0.562221044610495
"2024","N",0.557255537401263
"2024","N",0.550983340495231
"2024","N",0.564246900734426
"2024","N",0.560578149917338
"2024","N",0.556298794995383
"2024","N",0.562045086957446
"2024","N",0.563150394449564
"2024","N",0.565076401859031
"2024","N",0.554143180360029
"2024","N",0.562237087049097
"2024","N",0.55098720976508
"2024","N",0.559404403479787
"2024","N",0.560206122516066
"2024","N",0.561750341000968
"2024","N",0.56111457236562
"2024","N",0.561034420882943
"2024","N",0.559373908722656
"2024","N",0.556229151753627
"2024","N",0.557560404571484
"2024","N",0.558787652258303
"2024","N",0.560566928477376
"2024","N",0.563132366993813
"2024","N",0.557220611623053
"2024","N",0.564361057557199
"2024","N",0.567317944538645
"2024","N",0.561043976824646
"2024","N",0.5659492043946
"2024","N",0.56188089215834
"2024","N",0.552710588193288
"2024","N",0.566889032286795
"2024","N",0.556612200151058
"2024","N",0.558542279895267
"2024","N",0.553892550545513
"2024","N",0.556900551097711
"2024","N",0.559486950156756
"2024","N",0.56237820994636
"2024","N",0.553843452349127
"2024","N",0.555922459843304
"2024","N",0.552802808154607
"2024","N",0.566294320936508
"2024","N",0.555728725774767
"2024","N",0.552173663740563
"2024","N",0.563533268510161
"2024","N",0.564245296640828
"2024","N",0.557521699972412
"2024","N",0.562637625293318
"2024","N",0.558486520491669
"2024","N",0.55880266430157
"2024","N",0.558863434082141
"2024","N",0.559848715088369
"2024","N",0.554273171284091
"2024","N",0.564021514804785
"2024","N",0.563489888830672
"2024","N",0.563155585037765
"2024","N",0.559693296597571
"2024","N",0.556215899810086
"2024","N",0.553980047393455
"2024","N",0.559075224401407
"2024","N",0.558269970463559
"2024","N",0.547448987457188
"2024","N",0.560286115522768
"2024","N",0.563263792291361
"2024","N",0.556346841248222
"2024","N",0.559066823527099
"2024","N",0.564016994813859
"2024","N",0.555759126432766
"2024","N",0.556814288329305
"2024","N",0.549768758263663
"2024","N",0.558315218437435
"2024","N",0.557714963059519
"2024","N",0.556607173719486
"2024","N",0.560131664661719
"2024","N",0.560742783988508
"2024","N",0.555390844301326
"2024","N",0.563055227050138
"2024","N",0.553584078920093
"2024","N",0.560262390485539
"2024","N",0.563363705388064
"2024","N",0.554854391866407
"2024","N",0.555449369164852
"2024","N",0.558807100674816
"2024","N",0.547176855597815
"2024","N",0.558140866426503
"2024","N",0.559794121510609
"2024","N",0.5597263340373
"2024","N",0.557208917334073
"2024","N",0.558278721446215
"2024","N",0.550914057953816
"2024","N",0.55436190236486
"2024","N",0.549172952907916
"2024","N",0.563912214460228
"2024","N",0.554270733977658
"2024","N",0.560557626599299
"2024","N",0.568795664322865
"2024","N",0.561933867499861
"2024","N",0.561269337026535
"2024","N",0.559632645590941
"2024","N",0.554596865458591
"2024","N",0.555118529210718
"2024","N",0.553648442585922
"2024","N",0.567493303976192
"2024","N",0.557503478590539
"2024","N",0.560155864565112
"2024","N",0.564097511518213
"2024","N",0.5638299054331
"2024","N",0.561238601014866
"2024","N",0.556810707239387
"2024","N",0.566537197046525
"2024","N",0.557463039401491
"2024","N",0.558055506730334
"2024","N",0.560892714396369
"2024","N",0.562167505452653
"2024","N",0.556472519206004
"2024","N",0.55964632872994
"2024","N",0.553922532276032
"2024","N",0.558135510798681
"2024","N",0.55823878107284
"2024","N",0.555726390079253
"2024","N",0.562823114917231
"2024","N",0.553062513454541
"2024","N",0.55744763013491
"2024","N",0.554720404621693
"2024","N",0.557761994573029
"2024","N",0.565514619751688
"2024","N",0.554809332266958
"2024","N",0.556533559690606
"2024","N",0.559277852964847
"2024","N",0.559555831606286
"2024","N",0.562044076003693
"2024","N",0.561781750738664
"2024","N",0.558786961467332
"2024","N",0.551166098193026
"2024","N",0.55509975511835
"2024","N",0.552060439515103
"2024","N",0.557689612293057
"2024","N",0.556678194391303
"2024","N",0.556528685722362
"2024","N",0.563971412573087
"2024","N",0.570238003868377
"2024","N",0.559909459968121
"2024","N",0.560088329338247
"2024","N",0.55505607567162
"2024","N",0.562670426385214
"2024","N",0.556908684930915
"2024","N",0.552821276776648
"2024","N",0.554202243980063
"2024","N",0.563620133857323
"2024","N",0.55712680983948
"2024","N",0.550907993512017
"2024","N",0.552947502686691
"2024","N",0.555380868508293
"2024","N",0.560819896252897
"2024","N",0.560845381076973
"2024","N",0.560670872156113
"2024","N",0.555730782446379
"2024","N",0.560096505264719
"2024","N",0.561188960471457
"2024","N",0.559659395671675
"2024","N",0.558814260630159
"2024","N",0.550166865519999
"2024","N",0.561606978855891
"2024","N",0.558986428497358
"2024","N",0.562228139275249
"2024","N",0.559732012842795
"2024","N",0.558646710135801
"2024","N",0.564173609708057
"2024","N",0.562507079750975
"2024","N",0.568850295528221
"2024","N",0.558666640243009
"2024","N",0.554647099932624
"2024","N",0.55690031011764
"2024","N",0.556711694556679
"2024","N",0.559126970505199
"2024","N",0.559511684598033
"2024","N",0.565329863337647
"2024","N",0.559370151434052
"2024","N",0.55942171570906
"2024","N",0.561290683605699
"2024","N",0.561239253572614
"2024","N",0.561904684399774
"2024","N",0.569745642320273
"2024","N",0.555496808770152
"2024","N",0.559344510431169
"2024","N",0.558625656235208
"2024","N",0.56172916296943
"2024","N",0.547048197634357
"2024","N",0.56013616904769
"2024","E",0.24702029178097
"2024","E",0.249499568111691
"2024","E",0.242254544110183
"2024","E",0.243300275719089
"2024","E",0.24707996031394
"2024","E",0.241552497251558
"2024","E",0.240858448841331
"2024","E",0.246601123543917
"2024","E",0.24051377479846
"2024","E",0.238956969910875
"2024","E",0.238539746241527
"2024","E",0.241082069330106
"2024","E",0.246729218949601
"2024","E",0.240576892008791
"2024","E",0.240089678363077
"2024","E",0.238761301968638
"2024","E",0.244688602566697
"2024","E",0.241626269322453
"2024","E",0.250806050504657
"2024","E",0.24843081655063
"2024","E",0.244009780350688
"2024","E",0.252399680095502
"2024","E",0.24534633268396
"2024","E",0.246726284761473
"2024","E",0.246624363653842
"2024","E",0.239387431767724
"2024","E",0.243931472624976
"2024","E",0.2481306970536
"2024","E",0.251627779851882
"2024","E",0.240875291065404
"2024","E",0.24477694780372
"2024","E",0.245947153994902
"2024","E",0.252099994963405
"2024","E",0.243569508591781
"2024","E",0.235678717966555
"2024","E",0.241829138334086
"2024","E",0.251286296646458
"2024","E",0.248314096922354
"2024","E",0.252624683375097
"2024","E",0.249085261533228
"2024","E",0.2500877611951
"2024","E",0.248056227367997
"2024","E",0.246694011854175
"2024","E",0.251236087629478
"2024","E",0.244083574166746
"2024","E",0.248042446885493
"2024","E",0.236535781964045
"2024","E",0.245421904714659
"2024","E",0.250383342774951
"2024","E",0.244935115853862
"2024","E",0.249894797917944
"2024","E",0.246765509750184
"2024","E",0.246635009876241
"2024","E",0.243423407494733
"2024","E",0.243097527476466
"2024","E",0.252737641860109
"2024","E",0.250687222566829
"2024","E",0.249363783235761
"2024","E",0.242412469685348
"2024","E",0.248635793044959
"2024","E",0.243026224556651
"2024","E",0.248876012435284
"2024","E",0.235150839872641
"2024","E",0.241524093014958
"2024","E",0.248388000733759
"2024","E",0.249313695701531
"2024","E",0.243329227717021
"2024","E",0.24817740564235
"2024","E",0.248450909743562
"2024","E",0.241467278489939
"2024","E",0.242888021729394
"2024","E",0.24907280445586
"2024","E",0.246911641033316
"2024","E",0.25388300347936
"2024","E",0.244041622675874
"2024","E",0.252426769127422
"2024","E",0.247517289816976
"2024","E",0.243312101303855
"2024","E",0.243828462289354
"2024","E",0.24594584892411
"2024","E",0.238037854931451
"2024","E",0.242758550094363
"2024","E",0.241796102159241
"2024","E",0.251433391548025
"2024","E",0.235560140811268
"2024","E",0.241018316255475
"2024","E",0.244451146892499
"2024","E",0.248360969142034
"2024","E",0.248088047618
"2024","E",0.248168462679646
"2024","E",0.250126967841271
"2024","E",0.247716303255051
"2024","E",0.245995421139404
"2024","E",0.242621163201707
"2024","E",0.249763879132759
"2024","E",0.246294572251618
"2024","E",0.24196147075933
"2024","E",0.240080809437461
"2024","E",0.247108017658418
"2024","E",0.244259321450248
"2024","E",0.247654778143243
"2024","E",0.25099244183442
"2024","E",0.24859623740752
"2024","E",0.253224326126269
"2024","E",0.238981491678678
"2024","E",0.25090399291327
"2024","E",0.245448706446161
"2024","E",0.243783871891504
"2024","E",0.24671235004203
"2024","E",0.242478404391883
"2024","E",0.250363330633092
"2024","E",0.241407004799512
"2024","E",0.243476372027755
"2024","E",0.251074817336602
"2024","E",0.240237210367803
"2024","E",0.241865301477829
"2024","E",0.234287296179669
"2024","E",0.248517882028737
"2024","E",0.239798449284681
"2024","E",0.243203780848964
"2024","E",0.252186703384984
"2024","E",0.24857778534722
"2024","E",0.251857678946318
"2024","E",0.234854824656563
"2024","E",0.24798478027628
"2024","E",0.244915078373972
"2024","E",0.239252402950836
"2024","E",0.243585991337856
"2024","E",0.245788042100546
"2024","E",0.249000573928897
"2024","E",0.247397112586191
"2024","E",0.250633651939604
"2024","E",0.24562217146892
"2024","E",0.245886676904686
"2024","E",0.244835882311434
"2024","E",0.247177395752475
"2024","E",0.243489531244751
"2024","E",0.248431092133233
"2024","E",0.242202265192438
"2024","E",0.239230439836257
"2024","E",0.249053484081668
"2024","E",0.237949012370966
"2024","E",0.250261047486042
"2024","E",0.244159800019485
"2024","E",0.248683370442803
"2024","E",0.254159089621725
"2024","E",0.24367903277324
"2024","E",0.245337825271638
"2024","E",0.250336555020318
"2024","E",0.238029231434485
"2024","E",0.250517467232196
"2024","E",0.24862996477174
"2024","E",0.248291033875357
"2024","E",0.242366069603451
"2024","E",0.236589311635119
"2024","E",0.245469546089517
"2024","E",0.245168221160781
"2024","E",0.239966912011779
"2024","E",0.241774194230833
"2024","E",0.241313122899467
"2024","E",0.244272439341665
"2024","E",0.243053253133413
"2024","E",0.243909708806547
"2024","E",0.250158814386195
"2024","E",0.235283878972118
"2024","E",0.235467499997012
"2024","E",0.233889741267218
"2024","E",0.246571721330977
"2024","E",0.241537186199702
"2024","E",0.243890451143171
"2024","E",0.239322379160408
"2024","E",0.246953197083709
"2024","E",0.249705172766939
"2024","E",0.249429374901829
"2024","E",0.24171394817702
"2024","E",0.2344853730849
"2024","E",0.246198158572104
"2024","E",0.236286884237537
"2024","E",0.250245056408409
"2024","E",0.242181633744652
"2024","E",0.238391457848359
"2024","E",0.242717378428069
"2024","E",0.242452701886185
"2024","E",0.242945508956474
"2024","E",0.243786451749281
"2024","E",0.254003011341057
"2024","E",0.245955894253572
"2024","E",0.239461815564335
"2024","E",0.251949668672809
"2024","E",0.243967180536635
"2024","E",0.250653677657983
"2024","E",0.247286090504622
"2024","E",0.241535717400524
"2024","E",0.24111450109607
"2024","E",0.235260194447001
"2024","E",0.247129361852374
"2024","E",0.249148742533728
"2024","E",0.24893124513559
"2024","E",0.244520868949343
"2024","E",0.245041073331005
"2024","E",0.246782295574937
"2024","E",0.247124371888857
"2024","E",0.245706472830648
"2024","E",0.249667738113874
"2024","E",0.247252664192899
"2024","E",0.238825855658024
"2024","E",0.242398952279248
"2024","E",0.247238505055777
"2024","E",0.246207637966231
"2024","E",0.24075786250979
"2024","E",0.242535149560227
"2024","E",0.241967865863978
"2024","E",0.24843812210994
"2024","E",0.246313778079798
"2024","E",0.247063125242885
"2024","E",0.236022312941324
"2024","E",0.234652876410675
"2024","E",0.242520642646912
"2024","E",0.240344802624173
"2024","E",0.248927970269194
"2024","E",0.249641256279761
"2024","E",0.245296727060726
"2024","E",0.242772571914048
"2024","E",0.242498411239621
"2024","E",0.247470475429233
"2024","E",0.248666236659553
"2024","E",0.243607588610269
"2024","E",0.253282803508733
"2024","E",0.241706694963799
"2024","E",0.251069080721244
"2024","E",0.240360158069795
"2024","E",0.248921455798701
"2024","E",0.243152892494731
"2024","E",0.237632444063323
"2024","E",0.243214003166081
"2024","E",0.246206805463559
"2024","E",0.235982476179043
"2024","E",0.242078087210016
"2024","E",0.253118014558722
"2024","E",0.248786775059641
"2024","E",0.237495580803803
"2024","E",0.243821373960152
"2024","E",0.243965886836974
"2024","E",0.244058856275948
"2024","E",0.243600613658558
"2024","E",0.245424666354282
"2024","E",0.25276008840317
"2024","E",0.250959263099943
"2024","E",0.243470963953246
"2024","E",0.247554053251417
"2024","E",0.242251014975029
"2024","E",0.244592229167191
"2024","E",0.245041795309939
"2024","E",0.251307950889941
"2024","E",0.241010135533024
"2024","E",0.247687762116668
"2024","E",0.243093453741709
"2024","E",0.246135951877582
"2024","E",0.240741302435783
"2024","E",0.23788312025785
"2024","E",0.250519124665839
"2024","E",0.249134875666899
"2024","E",0.245190537622298
"2024","E",0.250370281767807
"2024","E",0.241398043092587
"2024","E",0.241205393219653
"2024","E",0.244218170881102
"2024","E",0.24358748908095
"2024","E",0.251926383581463
"2024","E",0.244492318346268
"2024","E",0.2362733925478
"2024","E",0.247911081282012
"2024","E",0.245126322100168
"2024","E",0.24631711753671
"2024","E",0.237876825163562
"2024","E",0.252019801572649
"2024","E",0.238699497157068
"2024","E",0.249516390069236
"2024","E",0.247992549595957
"2024","E",0.246651898391688
"2024","E",0.238799308754483
"2024","E",0.247526042585346
"2024","E",0.254168394775124
"2024","E",0.238329113762599
"2024","E",0.240263515497941
"2024","E",0.241885730869412
"2024","E",0.245010408693387
"2024","E",0.247025724669941
"2024","E",0.243661449697088
"2024","E",0.250998383918339
"2024","E",0.242977401554331
"2024","E",0.246096551092309
"2024","E",0.234844873267072
"2024","E",0.250769383222242
"2024","E",0.238712305404254
"2024","E",0.248315881228544
"2024","E",0.244229107104636
"2024","E",0.243006034009108
"2024","E",0.249119173796983
"2024","E",0.247534482340163
"2024","E",0.244472372744343
"2024","E",0.243320418565673
"2024","E",0.239172807709203
"2024","E",0.235018490113057
"2024","E",0.245846362332088
"2024","E",0.245636153746993
"2024","E",0.24756962711132
"2024","E",0.235211208359223
"2024","E",0.248723759610959
"2024","E",0.247867551283656
"2024","E",0.241748454330139
"2024","E",0.243676561606239
"2024","E",0.242772213733375
"2024","E",0.241995973842557
"2024","E",0.245067424238086
"2024","E",0.248778046097279
"2024","E",0.248947271920999
"2024","E",0.251725741676578
"2024","E",0.247344177220218
"2024","E",0.244690063395038
"2024","E",0.248350109199487
"2024","E",0.249364304947237
"2024","E",0.241931154461029
"2024","E",0.245484366012126
"2024","E",0.246642452428548
"2024","E",0.241728109163008
"2024","E",0.250790625239558
"2024","E",0.243912713324711
"2024","E",0.246402777442207
"2024","E",0.236392005846117
"2024","E",0.240965122015276
"2024","E",0.239310252767301
"2024","E",0.253549486161849
"2024","E",0.244279436654325
"2024","E",0.238329072575018
"2024","E",0.245113172157946
"2024","E",0.248895445049191
"2024","E",0.2374983468191
"2024","E",0.240271626113874
"2024","E",0.250727492075777
"2024","E",0.245785207043607
"2024","E",0.246159252137069
"2024","E",0.242214904974717
"2024","E",0.24028345633591
"2024","E",0.240593450619826
"2024","E",0.244366497993024
"2024","E",0.248997660822344
"2024","E",0.24744054024693
"2024","E",0.238673307692439
"2024","E",0.239516828027682
"2024","E",0.243830026535218
"2024","E",0.238179753174914
"2024","E",0.246110045400772
"2024","E",0.248131555072603
"2024","E",0.247440921793869
"2024","E",0.241328161444233
"2024","E",0.244691143938365
"2024","E",0.247722000565217
"2024","E",0.250673210596465
"2024","E",0.243941602435446
"2024","E",0.235722987410799
"2024","E",0.252506933213417
"2024","E",0.246105156047882
"2024","E",0.249194780232832
"2024","E",0.248041575420443
"2024","E",0.250006619250134
"2024","E",0.241043354425678
"2024","E",0.245134125581358
"2024","E",0.235686320781901
"2024","E",0.24904177652345
"2024","E",0.24833996824361
"2024","E",0.242532147369304
"2024","E",0.245795604460904
"2024","E",0.239354600859828
"2024","E",0.243562965028986
"2024","E",0.243493441137152
"2024","E",0.25142200495603
"2024","E",0.248295836591987
"2024","E",0.248652924076349
"2024","E",0.243202687632296
"2024","E",0.242755295392047
"2024","E",0.250410159595456
"2024","E",0.247442538068094
"2024","E",0.246849587631549
"2024","E",0.247528684230169
"2024","E",0.239432328425887
"2024","E",0.242541633031297
"2024","E",0.247846794623128
"2024","E",0.237024253969165
"2024","E",0.249370927020256
"2024","E",0.241332373039248
"2024","E",0.241418143209807
"2024","E",0.244875639711773
"2024","E",0.242733295737392
"2024","E",0.245398349905204
"2024","E",0.244682830045095
"2024","E",0.248801873412409
"2024","E",0.244609503497423
"2024","E",0.245658406141117
"2024","E",0.248470257803935
"2024","E",0.24574621516151
"2024","E",0.247407740224801
"2024","E",0.240388862982572
"2024","E",0.242789932703158
"2024","E",0.247148084194667
"2024","E",0.240495295786293
"2024","E",0.247602032322961
"2024","E",0.243457795239739
"2024","E",0.245413821910341
"2024","E",0.243620422058251
"2024","E",0.247548519699436
"2024","E",0.241520117417899
"2024","E",0.247135043556051
"2024","E",0.248768516279911
"2024","E",0.250043950741578
"2024","E",0.248236057583779
"2024","E",0.241418777845287
"2024","E",0.250149505760136
"2024","E",0.250372053749712
"2024","E",0.246455804593144
"2024","E",0.240537264502187
"2024","E",0.239872187920065
"2024","E",0.252111641731876
"2024","E",0.248733939571118
"2024","E",0.250123625496842
"2024","E",0.241738110859399
"2024","E",0.246592673267998
"2024","E",0.248430931790033
"2024","E",0.244445048756176
"2024","E",0.238439562510284
"2024","E",0.23886241090167
"2024","E",0.244316597336899
"2024","E",0.243377014719558
"2024","E",0.244962460532147
"2024","E",0.241784943942602
"2024","E",0.244164317115518
"2024","E",0.249652049249317
"2024","E",0.246499662488892
"2024","E",0.240137707746029
"2024","E",0.245461362111329
"2024","E",0.250763811133418
"2024","E",0.250281954256273
"2024","E",0.243540049000528
"2024","E",0.25054054952113
"2024","E",0.245011052200454
"2024","E",0.24038329090006
"2024","E",0.241871776136355
"2024","E",0.241935070777633
"2024","E",0.240695825045021
"2024","E",0.243408003854857
"2024","E",0.247448899838922
"2024","E",0.240539875774702
"2024","E",0.241806023246445
"2024","E",0.248210701035287
"2024","E",0.245974860687067
"2024","E",0.246151976416274
"2024","E",0.236197780053101
"2024","E",0.253518875996232
"2024","E",0.235620404325765
"2024","E",0.242788505357818
"2024","E",0.247735218315156
"2024","E",0.244480389846352
"2024","E",0.246511308406252
"2024","E",0.243977696222449
"2024","E",0.247527896242494
"2024","E",0.249670542011191
"2024","E",0.239887306126857
"2024","E",0.248342138767944
"2024","E",0.248697746234675
"2024","E",0.244073247276323
"2024","E",0.248990913198569
"2024","E",0.243115891192519
"2024","E",0.245242216658734
"2024","E",0.248078569627945
"2024","E",0.240402259412479
"2024","E",0.247264405572705
"2024","E",0.241105752214934
"2024","E",0.244715310928745
"2024","E",0.246231589245082
"2024","E",0.25168567957399
"2024","E",0.243997064022455
"2024","E",0.246859887693738
"2024","E",0.246387186841069
"2024","E",0.240983000068343
"2024","E",0.245679776674187
"2024","E",0.249048618033458
"2024","E",0.239053080863053
"2024","E",0.237354246752429
"2024","E",0.242986121242449
"2024","E",0.247703853520925
"2024","E",0.247011559924946
"2024","E",0.252449179319235
"2024","E",0.244636686437162
"2024","E",0.24619781190645
"2024","E",0.245012467770473
"2024","E",0.247557833677626
"2024","E",0.24440148123483
"2024","E",0.236240821450527
"2024","E",0.244462289293039
"2024","E",0.240828325418755
"2024","E",0.242153663607766
"2024","E",0.242147343160806
"2024","E",0.241845790804525
"2024","E",0.244039101632936
"2024","E",0.239618928360421
"2024","E",0.240574422438962
"2024","E",0.246801754447419
"2024","E",0.243991647566092
"2024","E",0.245932882185508
"2024","E",0.247439965204534
"2024","E",0.241568255027494
"2024","E",0.247492017878743
"2024","E",0.243033383375834
"2024","E",0.242847690951054
"2024","E",0.254052667428605
"2024","E",0.247774624331713
"2024","E",0.24146908779537
"2024","E",0.234777735835191
"2024","E",0.245952111910165
"2024","E",0.237910119049233
"2024","E",0.246720226996681
"2024","E",0.237953885151718
"2024","E",0.239848926623889
"2024","E",0.241493021842436
"2024","E",0.242398528951359
"2024","E",0.252627957198489
"2024","E",0.24890137577453
"2024","E",0.235029232737644
"2024","E",0.24989402910932
"2024","E",0.244451594435194
"2024","E",0.251308370787741
"2024","E",0.23993108479604
"2024","E",0.246811552826582
"2024","E",0.242755364943811
"2024","E",0.247974066442791
"2024","E",0.241372079563087
"2024","E",0.241889336577704
"2024","E",0.251995609220741
"2024","E",0.240368871108807
"2024","E",0.246279443249366
"2024","E",0.242403498282704
"2024","E",0.247264498191838
"2024","E",0.244716517018573
"2024","E",0.247832258849139
"2024","E",0.245056623673288
"2024","E",0.245171611022189
"2024","E",0.248467061275045
"2024","E",0.240567264398368
"2024","E",0.243029175099552
"2024","E",0.248313245162618
"2024","E",0.246207840557506
"2024","E",0.246549111903376
"2024","E",0.252671700447062
"2024","E",0.242085348834346
"2024","E",0.248609781005127
"2024","E",0.246491358128641
"2024","E",0.248431797661285
"2024","E",0.238946311022813
"2024","E",0.238154169816827
"2024","E",0.245319717801673
"2024","E",0.246995015084123
"2024","E",0.241373109652124
"2024","E",0.238481130233491
"2024","E",0.249185903146681
"2024","E",0.252073614585741
"2024","E",0.24251110571941
"2024","E",0.240984199437244
"2024","E",0.236405331535681
"2024","E",0.249287990744826
"2024","E",0.239740278922753
"2024","E",0.238450280578701
"2024","E",0.244207751458839
"2024","E",0.242850027956555
"2024","E",0.250014684067055
"2024","E",0.241609472181667
"2024","E",0.243607806940857
"2024","E",0.238886621354587
"2024","E",0.242808148918669
"2024","E",0.24842412126432
"2024","E",0.244990000692342
"2024","E",0.244675226931156
"2024","E",0.239443481689913
"2024","E",0.237500065632129
"2024","E",0.244552364734981
"2024","E",0.240625675569802
"2024","E",0.242813556674116
"2024","E",0.246394434047492
"2024","E",0.24678244486921
"2024","E",0.244550190462121
"2024","E",0.248700104822723
"2024","E",0.248494464824528
"2024","E",0.245138909652505
"2024","E",0.248236577799973
"2024","E",0.242704170920471
"2024","E",0.246049044931543
"2024","E",0.243911594404858
"2024","E",0.246372747402427
"2024","E",0.242260106537747
"2024","E",0.244958919407476
"2024","E",0.243082784977415
"2024","E",0.242925118636115
"2024","E",0.23687454301132
"2024","E",0.247982171883576
"2024","E",0.244011746911348
"2024","E",0.252268206131484
"2024","E",0.242048445022055
"2024","E",0.24869421734706
"2024","E",0.244218510256873
"2024","E",0.24922830147192
"2024","E",0.240910295264439
"2024","E",0.252821707928992
"2024","E",0.236215269894975
"2024","E",0.241093429349897
"2024","E",0.246703260150824
"2024","E",0.24094766407277
"2024","E",0.236573263209317
"2024","E",0.249860678137324
"2024","E",0.249342206862712
"2024","E",0.243795061707228
"2024","E",0.246701432595142
"2024","E",0.250146593999367
"2024","E",0.237772446273571
"2024","E",0.238580755268114
"2024","E",0.245644554296938
"2024","E",0.248543612973922
"2024","E",0.237464693557484
"2024","E",0.252922486957524
"2024","E",0.239115378130358
"2024","E",0.248359588963863
"2024","E",0.245566986004161
"2024","E",0.2463458254542
"2024","E",0.240505922929074
"2024","E",0.251107009348342
"2024","E",0.244283910847349
"2024","E",0.24108410095576
"2024","E",0.248470968936051
"2024","E",0.242750374141747
"2024","E",0.248467751775015
"2024","E",0.252190275743091
"2024","E",0.239272483375492
"2024","E",0.23908123414536
"2024","E",0.244982690830186
"2024","E",0.238462158326444
"2024","E",0.245989777864217
"2024","E",0.250014792070386
"2024","E",0.247043842901206
"2024","E",0.238531249519133
"2024","E",0.249066951727864
"2024","E",0.237214313101755
"2024","E",0.24648360151407
"2024","E",0.241549702754495
"2024","E",0.250573372442991
"2024","E",0.247772471584415
"2024","E",0.241837773166312
"2024","E",0.249772300959806
"2024","E",0.242903229559958
"2024","E",0.245971597305509
"2024","E",0.242476012082077
"2024","E",0.243162545902724
"2024","E",0.244646468575926
"2024","E",0.244746164015809
"2024","E",0.246865822193855
"2024","E",0.244864575059457
"2024","E",0.247599168287856
"2024","E",0.250797564650727
"2024","E",0.243857978791745
"2024","E",0.239664892037266
"2024","E",0.245344858377689
"2024","E",0.253082453070047
"2024","E",0.243533156398484
"2024","E",0.238393359161896
"2024","E",0.24244005368003
"2024","E",0.244553465725291
"2024","E",0.242456429454414
"2024","E",0.248830004232517
"2024","E",0.243470468263569
"2024","E",0.241992273814186
"2024","E",0.24794724512911
"2024","E",0.255529527644886
"2024","E",0.242622203003158
"2024","E",0.244297203901192
"2024","E",0.251180106066188
"2024","E",0.240545211750427
"2024","E",0.238125702456962
"2024","E",0.244127137553887
"2024","E",0.235628570304347
"2024","E",0.24514060330318
"2024","E",0.243228887579536
"2024","E",0.240933183632231
"2024","E",0.245762277197639
"2024","E",0.244380013228866
"2024","E",0.240277869101689
"2024","E",0.247397270843846
"2024","E",0.236280113460167
"2024","E",0.243222052387152
"2024","E",0.246747674719095
"2024","E",0.245210785731177
"2024","E",0.250707205945087
"2024","E",0.250320008885895
"2024","E",0.252651023413504
"2024","E",0.25032420138983
"2024","E",0.246670398415583
"2024","E",0.239101038481327
"2024","E",0.24665037463128
"2024","E",0.236560824706282
"2024","E",0.249757493502916
"2024","E",0.249274884652297
"2024","E",0.242890383544627
"2024","E",0.242926341970314
"2024","E",0.237937223131849
"2024","E",0.244669023453997
"2024","E",0.246740147988851
"2024","E",0.24908952122386
"2024","E",0.23860197404957
"2024","E",0.242913678939184
"2024","E",0.23860239575063
"2024","E",0.24300263201858
"2024","E",0.252156820120666
"2024","E",0.250891331897784
"2024","E",0.246996817278338
"2024","E",0.236137818019722
"2024","E",0.240371861440831
"2024","E",0.245412269112516
"2024","E",0.248858426817909
"2024","E",0.253158215331874
"2024","E",0.249486719335043
"2024","E",0.24724860514806
"2024","E",0.24057741274992
"2024","E",0.247817220876346
"2024","E",0.243159871965037
"2024","E",0.237641619981857
"2024","E",0.24269304008196
"2024","E",0.239414709690352
"2024","E",0.238366946481381
"2024","E",0.238922066099835
"2024","E",0.250526297004277
"2024","E",0.246891875941668
"2024","E",0.241178323216397
"2024","E",0.251232885796411
"2024","E",0.239207446102572
"2024","E",0.244726341329112
"2024","E",0.249249381578542
"2024","E",0.247809952999259
"2024","E",0.237932807112054
"2024","E",0.251151178132812
"2024","E",0.242045597286088
"2024","E",0.246393844304811
"2024","E",0.240697554093076
"2024","E",0.250856215600815
"2024","E",0.235515718292338
"2024","E",0.249144458124698
"2024","E",0.248506863423117
"2024","E",0.240394948490527
"2024","E",0.24939205698263
"2024","E",0.242192141051772
"2024","E",0.246523991529053
"2024","E",0.248151519734617
"2024","E",0.242354723146742
"2024","E",0.241589563945881
"2024","E",0.243629451741024
"2024","E",0.245130664475764
"2024","E",0.244224237982056
"2024","E",0.250351253935982
"2024","E",0.244549746680768
"2024","E",0.24298441286914
"2024","E",0.242926377618622
"2024","E",0.255551208935244
"2024","E",0.248125079084289
"2024","E",0.252788255467644
"2024","E",0.249446794145784
"2024","E",0.249505727981264
"2024","E",0.245906433412774
"2024","E",0.242051534422468
"2024","E",0.249611718995591
"2024","E",0.247035674758491
"2024","E",0.249603704075508
"2024","E",0.247802879736328
"2024","E",0.243778694836109
"2024","E",0.249560135440801
"2024","E",0.246705534600162
"2024","E",0.245718000914945
"2024","E",0.244467090217651
"2024","E",0.249583863258329
"2024","E",0.248345007228209
"2024","E",0.244504726366436
"2024","E",0.24782934969114
"2024","E",0.253299954125409
"2024","E",0.245288576956777
"2024","E",0.237188473900388
"2024","E",0.25471198659782
"2024","E",0.244906486474137
"2024","E",0.242478294786759
"2024","E",0.247290646083739
"2024","E",0.245840070353958
"2024","E",0.247555402584079
"2024","E",0.244980310753468
"2024","E",0.247992586496933
"2024","E",0.253667092056176
"2024","E",0.244975538977216
"2024","E",0.245791379735734
"2024","E",0.247345828841685
"2024","E",0.241414322260819
"2024","E",0.245381185663234
"2024","E",0.249508199327572
"2024","E",0.243608854871082
"2024","E",0.244014036339816
"2024","E",0.235730218000013
"2024","E",0.240269021053085
"2024","E",0.249478555580189
"2024","E",0.235913135028062
"2024","E",0.242383159743032
"2024","E",0.252594987191801
"2024","E",0.241524947737809
"2024","E",0.23885385570247
"2024","E",0.239404339518133
"2024","E",0.241794799252534
"2024","E",0.241280394905419
"2024","E",0.251827281140598
"2024","E",0.243200169140759
"2024","E",0.250101803394293
"2024","E",0.247763109266501
"2024","E",0.241301929514306
"2024","E",0.247530056613603
"2024","E",0.245784912154806
"2024","E",0.241130943529973
"2024","E",0.239874121551211
"2024","E",0.2468494254103
"2024","E",0.236401706091769
"2024","E",0.248287785430842
"2024","E",0.246067412097919
"2024","E",0.247844343854928
"2024","E",0.239037118714591
"2024","E",0.241609569584496
"2024","E",0.250565927870367
"2024","E",0.247820582128235
"2024","E",0.239366673493555
"2024","E",0.250354361585499
"2024","E",0.245270842686579
"2024","E",0.246281460238808
"2024","E",0.239699997963444
"2024","E",0.234797616870824
"2024","E",0.237912681056222
"2024","E",0.250699315448901
"2024","E",0.240841771749872
"2024","E",0.24177761380437
"2024","E",0.249193969537896
"2024","E",0.245529868516446
"2024","E",0.244405174165014
"2024","E",0.243744432054298
"2024","E",0.249481435579922
"2024","E",0.239143975320482
"2024","E",0.243188691765237
"2024","E",0.247668551820949
"2024","E",0.245114906663469
"2024","E",0.246381168651332
"2024","E",0.241606042592084
"2024","E",0.238815079942295
"2024","E",0.241718044572974
"2024","E",0.246218008321103
"2024","E",0.24649650000782
"2024","E",0.242929615018328
"2024","E",0.241080657646997
"2024","E",0.250700343115327
"2024","E",0.247076115901956
"2024","E",0.250881213298133
"2024","E",0.249872384448906
"2024","E",0.246852768955737
"2024","E",0.243618117539508
"2024","E",0.235821778838789
"2024","E",0.245076395644911
"2024","E",0.248631598464771
"2024","E",0.246182779514172
"2024","E",0.244082561033997
"2024","E",0.245931310192238
"2024","E",0.239268777783479
"2024","E",0.248494088439407
"2024","E",0.247853869088119
"2024","E",0.244233371255252
"2024","E",0.243561977462106
"2024","E",0.251318369246589
"2024","E",0.23917069657976
"2024","E",0.235695283908002
"2024","E",0.244745391308445
"2024","E",0.249647321386541
"2024","E",0.247633498989386
"2024","E",0.246686393834747
"2024","E",0.24327231091648
"2024","E",0.245985495907711
"2024","E",0.241883284465995
"2024","E",0.235530411686802
"2024","E",0.236674879782619
"2024","E",0.240682065904906
"2024","E",0.245696585669822
"2024","E",0.246140879211412
"2024","E",0.250812998190504
"2024","E",0.245830181543824
"2024","E",0.240081896007829
"2024","E",0.254892408690303
"2024","E",0.25138534059856
"2024","E",0.245531908144507
"2024","E",0.242530061444167
"2024","E",0.248969678483081
"2024","E",0.245621096444954
"2024","E",0.240180953954936
"2024","E",0.247744613945684
"2024","E",0.250630147018329
"2024","E",0.242104478454034
"2024","E",0.245673413447393
"2024","E",0.251093020199811
"2024","E",0.243326848134406
"2024","E",0.251690853718799
"2024","E",0.250339599293991
"2024","E",0.249062363791914
"2024","E",0.247018683997003
"2024","E",0.24025582939196
"2024","E",0.236318645140672
"2024","E",0.247747970509165
"2024","E",0.241352667342844
"2024","E",0.244703508177628
"2024","E",0.249262044951624
"2024","E",0.249830893589139
"2024","E",0.245090390174493
"2024","E",0.247012506441339
"2024","E",0.24442442526325
"2024","E",0.244128453083178
"2024","E",0.242191911899009
"2024","E",0.245842344685602
"2024","E",0.235914976304399
"2024","E",0.241755747021243
"2024","E",0.242576801535477
"2024","E",0.247338519371564
"2024","E",0.247556522849675
"2024","E",0.243815903772093
"2024","E",0.236874927117439
"2024","E",0.23937594216666
"2024","E",0.240634772010619
"2024","E",0.248850691457345
"2024","E",0.24057842544286
"2024","E",0.248741793992835
"2024","E",0.246109637807229
"2024","E",0.240727888112293
"2024","E",0.23905108487942
"2024","E",0.243409082573605
"2024","E",0.24360699897333
"2024","E",0.243448825160231
"2024","E",0.243288622785685
"2024","E",0.244370348413744
"2024","E",0.245639172837041
"2024","E",0.244313656375543
"2024","E",0.239273118311026
"2024","E",0.250191370872186
"2024","E",0.243474607819511
"2024","E",0.236742625855075
"2024","E",0.249257993690275
"2024","E",0.248382351366485
"2024","E",0.245500022309466
"2024","E",0.248518343966131
"2024","E",0.243241790710068
"2024","E",0.247017050887148
"2024","E",0.252975758383277
"2024","E",0.246425247964742
"2024","E",0.24242895940189
"2024","E",0.245968231839725
"2024","E",0.246129668984813
"2024","E",0.244781469682452
"2024","E",0.250188550376342
"2024","E",0.235884583726778
"2024","E",0.247878508707423
"2024","E",0.249892952318362
"2024","E",0.243688955813735
"2024","E",0.244971869726074
"2024","E",0.244739975795761
"2024","E",0.250426180461985
"2024","E",0.236372045160359
"2024","E",0.239686062945238
"2024","E",0.240684446341648
"2024","E",0.241169246825847
"2024","E",0.243135780791888
"2024","E",0.234672459566582
"2024","E",0.24601198850147
"2024","E",0.240595012277423
"2024","E",0.23857696356852
"2024","E",0.242385234982111
"2024","E",0.239811525066434
"2024","E",0.248251226326549
"2024","E",0.239184542913592
"2024","E",0.240614061933342
"2024","E",0.249034130684778
"2024","E",0.242746202074574
"2024","E",0.244944722602039
"2024","E",0.249550801462417
"2024","E",0.244776669114162
"2024","E",0.243416411662851
"2024","E",0.241264883430825
"2024","E",0.25005739509162
"2024","E",0.244521274856106
"2024","E",0.236801996117347
"2024","E",0.247930106505922
"2024","E",0.241664407047745
"2024","E",0.242376379849222
"2024","S",0.10165403251487
"2024","S",0.102828116173341
"2024","S",0.102534390487942
"2024","S",0.101639104765763
"2024","S",0.102404653738132
"2024","S",0.104076469136406
"2024","S",0.10139681215759
"2024","S",0.10140681603988
"2024","S",0.101869214844928
"2024","S",0.101325101187647
"2024","S",0.100441216080111
"2024","S",0.10156909391488
"2024","S",0.103314236326091
"2024","S",0.103193600354152
"2024","S",0.104969436176479
"2024","S",0.102228348709034
"2024","S",0.10349953339292
"2024","S",0.10203256798365
"2024","S",0.103244359782647
"2024","S",0.103191127809782
"2024","S",0.101646520925821
"2024","S",0.103001928732545
"2024","S",0.101342362985653
"2024","S",0.100509478703226
"2024","S",0.10227793433625
"2024","S",0.100911548784919
"2024","S",0.102454335605169
"2024","S",0.101720498866726
"2024","S",0.0999173286839142
"2024","S",0.100414280503658
"2024","S",0.103840888966261
"2024","S",0.103127095937636
"2024","S",0.103252103665953
"2024","S",0.101489809810871
"2024","S",0.103935482847897
"2024","S",0.10288393025712
"2024","S",0.0999204465712679
"2024","S",0.102496240603242
"2024","S",0.0988857028983689
"2024","S",0.102354442985131
"2024","S",0.102835970023371
"2024","S",0.101799187137899
"2024","S",0.100708702960673
"2024","S",0.102175779203675
"2024","S",0.098566103726201
"2024","S",0.101437022585401
"2024","S",0.100351778735897
"2024","S",0.101447269782964
"2024","S",0.103563485217308
"2024","S",0.10279687244118
"2024","S",0.104061452075868
"2024","S",0.102968497956145
"2024","S",0.103093338567337
"2024","S",0.103646939200815
"2024","S",0.102606679065184
"2024","S",0.101250823390493
"2024","S",0.10323868656018
"2024","S",0.101912123735763
"2024","S",0.100162482786294
"2024","S",0.100014992835294
"2024","S",0.102739161997829
"2024","S",0.101917031200529
"2024","S",0.0996325496750749
"2024","S",0.0992037393793966
"2024","S",0.101401371543896
"2024","S",0.102415041836759
"2024","S",0.102172671427967
"2024","S",0.104313685538747
"2024","S",0.101235113893629
"2024","S",0.102304796558063
"2024","S",0.103268733250571
"2024","S",0.103492460144903
"2024","S",0.103757761022342
"2024","S",0.102118955825237
"2024","S",0.101389877930052
"2024","S",0.101977119893246
"2024","S",0.102559819033297
"2024","S",0.102635950715643
"2024","S",0.101495483634551
"2024","S",0.103086874519467
"2024","S",0.100331233989964
"2024","S",0.104342338389825
"2024","S",0.102609979951711
"2024","S",0.104208201427641
"2024","S",0.0982564168443598
"2024","S",0.10192952713122
"2024","S",0.101349256866823
"2024","S",0.102679251566573
"2024","S",0.103886255052865
"2024","S",0.103682422977501
"2024","S",0.101572739179907
"2024","S",0.0998591185765997
"2024","S",0.0973245593144457
"2024","S",0.100404174090877
"2024","S",0.100999203032975
"2024","S",0.0999736469075142
"2024","S",0.103960728277986
"2024","S",0.100999356206357
"2024","S",0.10110042109543
"2024","S",0.100620973729614
"2024","S",0.102306908766116
"2024","S",0.100812211146489
"2024","S",0.100098855393417
"2024","S",0.101316078393556
"2024","S",0.102280255958392
"2024","S",0.0989220653623097
"2024","S",0.100828209034124
"2024","S",0.100759424663708
"2024","S",0.101415093310387
"2024","S",0.103025760950349
"2024","S",0.104375661513383
"2024","S",0.0996346190090954
"2024","S",0.103521536689015
"2024","S",0.103719127194673
"2024","S",0.103606714374707
"2024","S",0.0996861826067614
"2024","S",0.0997412502647434
"2024","S",0.100304420373023
"2024","S",0.0995216912885495
"2024","S",0.102933698911096
"2024","S",0.102023545132761
"2024","S",0.104242444162053
"2024","S",0.101029275061233
"2024","S",0.101001610769056
"2024","S",0.103680859122728
"2024","S",0.102827766285774
"2024","S",0.10113700832731
"2024","S",0.102050024431814
"2024","S",0.104934327384322
"2024","S",0.104900617840806
"2024","S",0.103591670733565
"2024","S",0.103568324718245
"2024","S",0.0990762452890322
"2024","S",0.101098667435053
"2024","S",0.0990559078986437
"2024","S",0.103189023566039
"2024","S",0.101876198837847
"2024","S",0.101971243568986
"2024","S",0.10143467236382
"2024","S",0.100951739709697
"2024","S",0.102300858979642
"2024","S",0.10023993321342
"2024","S",0.0984611726771441
"2024","S",0.103321773510341
"2024","S",0.102022916755572
"2024","S",0.100075566538917
"2024","S",0.101708323236955
"2024","S",0.10462249502796
"2024","S",0.0993956064196244
"2024","S",0.101413600861401
"2024","S",0.101037290128961
"2024","S",0.102898531534855
"2024","S",0.10164629297172
"2024","S",0.103724178369708
"2024","S",0.103294452721368
"2024","S",0.103860422673678
"2024","S",0.1009186426264
"2024","S",0.099691840563155
"2024","S",0.101585120662282
"2024","S",0.10009352098582
"2024","S",0.101923975467687
"2024","S",0.10406522219301
"2024","S",0.101924226412815
"2024","S",0.100381737984917
"2024","S",0.102047340061132
"2024","S",0.103385328700146
"2024","S",0.102405250501292
"2024","S",0.103679932732898
"2024","S",0.101726291730401
"2024","S",0.102811298956103
"2024","S",0.102636277557805
"2024","S",0.0992706561583275
"2024","S",0.103383589788298
"2024","S",0.101499400966303
"2024","S",0.104417450262798
"2024","S",0.102692337402607
"2024","S",0.102747082892199
"2024","S",0.10232563843203
"2024","S",0.102672792943266
"2024","S",0.103492750458734
"2024","S",0.103533863270024
"2024","S",0.103251750000015
"2024","S",0.103500552186992
"2024","S",0.104781068797285
"2024","S",0.104338739866505
"2024","S",0.10325447035651
"2024","S",0.103520918033831
"2024","S",0.102622710986175
"2024","S",0.100543471245295
"2024","S",0.101623689968976
"2024","S",0.100273560857758
"2024","S",0.102988332169207
"2024","S",0.103633901748828
"2024","S",0.0988719750790259
"2024","S",0.104909586176171
"2024","S",0.10267705157749
"2024","S",0.10344574285244
"2024","S",0.102299803134095
"2024","S",0.103802553917253
"2024","S",0.0980852583516568
"2024","S",0.104198102599482
"2024","S",0.10368329864461
"2024","S",0.101172942186508
"2024","S",0.102851599250701
"2024","S",0.102968740981243
"2024","S",0.0999973516321695
"2024","S",0.104015680356067
"2024","S",0.101865674644212
"2024","S",0.101708554720325
"2024","S",0.103881369096756
"2024","S",0.101537621329036
"2024","S",0.103571876803103
"2024","S",0.101071076296962
"2024","S",0.100016477864702
"2024","S",0.0991508531815721
"2024","S",0.100529477263873
"2024","S",0.0998389802789043
"2024","S",0.100523171169132
"2024","S",0.103096775531034
"2024","S",0.0989025183379287
"2024","S",0.105195982973364
"2024","S",0.107701268108682
"2024","S",0.10151728465589
"2024","S",0.102533803309197
"2024","S",0.103409325360056
"2024","S",0.101546088341102
"2024","S",0.105272308193634
"2024","S",0.100647848405126
"2024","S",0.102618933973075
"2024","S",0.100102235696295
"2024","S",0.101344866519812
"2024","S",0.103016331435093
"2024","S",0.102189293450911
"2024","S",0.102129111989249
"2024","S",0.100908403879867
"2024","S",0.101627247683206
"2024","S",0.103723189130537
"2024","S",0.102721680221825
"2024","S",0.102049023518446
"2024","S",0.101143282662294
"2024","S",0.103034347100389
"2024","S",0.102771508757999
"2024","S",0.101728735130041
"2024","S",0.100901267611317
"2024","S",0.102057447365247
"2024","S",0.102928512063888
"2024","S",0.0976823548482626
"2024","S",0.101325555883814
"2024","S",0.102411239016339
"2024","S",0.102279566534948
"2024","S",0.100691194631066
"2024","S",0.102281857364264
"2024","S",0.102015243415701
"2024","S",0.102836568491732
"2024","S",0.103157634736756
"2024","S",0.0986908419334005
"2024","S",0.100407970986175
"2024","S",0.101003886733946
"2024","S",0.102603873783423
"2024","S",0.10265686336703
"2024","S",0.103196817996843
"2024","S",0.103089490070726
"2024","S",0.102944994106315
"2024","S",0.101345736063269
"2024","S",0.0989659409795632
"2024","S",0.102336028829282
"2024","S",0.104003236021259
"2024","S",0.101926762856154
"2024","S",0.101689564670798
"2024","S",0.100499551069083
"2024","S",0.100581825139893
"2024","S",0.104053867539026
"2024","S",0.100953214098794
"2024","S",0.102273789976615
"2024","S",0.102975677791974
"2024","S",0.100525931458581
"2024","S",0.10055368902337
"2024","S",0.105250929680046
"2024","S",0.102618055400669
"2024","S",0.101925588009534
"2024","S",0.0986670118888469
"2024","S",0.103222858632371
"2024","S",0.103308731821807
"2024","S",0.104513827827519
"2024","S",0.101748745773006
"2024","S",0.101220724889592
"2024","S",0.100010141108313
"2024","S",0.0995749193701132
"2024","S",0.0991671951546687
"2024","S",0.10088211671434
"2024","S",0.101793994475994
"2024","S",0.101730979072903
"2024","S",0.101664561800367
"2024","S",0.103122413202331
"2024","S",0.103030442501838
"2024","S",0.103816960944245
"2024","S",0.101612928195972
"2024","S",0.103471634780476
"2024","S",0.103183858080086
"2024","S",0.102665287865759
"2024","S",0.100132273984506
"2024","S",0.100950423363273
"2024","S",0.101597069139424
"2024","S",0.102234499096222
"2024","S",0.104544416281166
"2024","S",0.102207649120788
"2024","S",0.0990609959406534
"2024","S",0.101997960273723
"2024","S",0.104484172734655
"2024","S",0.105298363317222
"2024","S",0.0994947381919867
"2024","S",0.102646819017014
"2024","S",0.102061898051905
"2024","S",0.101074453103607
"2024","S",0.0978491719815454
"2024","S",0.101740894359419
"2024","S",0.101932908688773
"2024","S",0.102173496634334
"2024","S",0.104068157093647
"2024","S",0.100462279081955
"2024","S",0.100049598602776
"2024","S",0.100633043700501
"2024","S",0.101560179128658
"2024","S",0.102721669697298
"2024","S",0.104553355644739
"2024","S",0.102190161336775
"2024","S",0.101401989408427
"2024","S",0.102079683526489
"2024","S",0.102049032493159
"2024","S",0.0997128303956839
"2024","S",0.0995183210049033
"2024","S",0.102497723686937
"2024","S",0.102436990495503
"2024","S",0.102489672568367
"2024","S",0.099846380142732
"2024","S",0.102253317639017
"2024","S",0.103745753536181
"2024","S",0.101809629382839
"2024","S",0.100901848651078
"2024","S",0.101494692690531
"2024","S",0.103020569047275
"2024","S",0.0996404299786021
"2024","S",0.101670970909034
"2024","S",0.102392021165348
"2024","S",0.103008675173543
"2024","S",0.102736464254442
"2024","S",0.0989379827041115
"2024","S",0.104198736896892
"2024","S",0.101060947464782
"2024","S",0.103370766465422
"2024","S",0.099168736964459
"2024","S",0.101305923694416
"2024","S",0.103534739993701
"2024","S",0.102274725042377
"2024","S",0.102021582307767
"2024","S",0.0989396582026873
"2024","S",0.103577295019685
"2024","S",0.102135911461859
"2024","S",0.100757170491798
"2024","S",0.103657467568619
"2024","S",0.102994611845341
"2024","S",0.102890327438229
"2024","S",0.105891742689065
"2024","S",0.105106230942701
"2024","S",0.10226938582453
"2024","S",0.100140286181621
"2024","S",0.104729992155984
"2024","S",0.102421257663137
"2024","S",0.104581516864756
"2024","S",0.102847267159775
"2024","S",0.1018288699428
"2024","S",0.104790353470177
"2024","S",0.102691762954348
"2024","S",0.102585178410651
"2024","S",0.103276150209261
"2024","S",0.101573382730281
"2024","S",0.100710952814718
"2024","S",0.104124739784251
"2024","S",0.103179604743802
"2024","S",0.102653519694906
"2024","S",0.102553894633014
"2024","S",0.10229783683991
"2024","S",0.10200771696787
"2024","S",0.0993186284614474
"2024","S",0.102657939004127
"2024","S",0.105060546842298
"2024","S",0.102838000732666
"2024","S",0.103494815607703
"2024","S",0.104137536620277
"2024","S",0.101594694805948
"2024","S",0.103078318233316
"2024","S",0.100154615379577
"2024","S",0.101310874622506
"2024","S",0.0992922275921962
"2024","S",0.10240871234659
"2024","S",0.105439843876497
"2024","S",0.0989451571470186
"2024","S",0.10253629328843
"2024","S",0.101312933388424
"2024","S",0.103160367851132
"2024","S",0.100567003329352
"2024","S",0.103784034339056
"2024","S",0.10236434240126
"2024","S",0.103410505548777
"2024","S",0.104564919779779
"2024","S",0.102407139405445
"2024","S",0.10223321050311
"2024","S",0.100214828197074
"2024","S",0.101963970849077
"2024","S",0.100929218102445
"2024","S",0.102446628386126
"2024","S",0.10172640468687
"2024","S",0.0996643062246833
"2024","S",0.0994517026390321
"2024","S",0.10104334282314
"2024","S",0.104192270900764
"2024","S",0.10220274520203
"2024","S",0.103064513938008
"2024","S",0.101414880887156
"2024","S",0.102951759017718
"2024","S",0.10357355785701
"2024","S",0.104006685747348
"2024","S",0.0982781647114767
"2024","S",0.104370403266089
"2024","S",0.0998976671854932
"2024","S",0.100141729807911
"2024","S",0.103617857458878
"2024","S",0.102565296858665
"2024","S",0.103348500233547
"2024","S",0.102985635980326
"2024","S",0.103591191189728
"2024","S",0.10130374199664
"2024","S",0.104874072204332
"2024","S",0.101781025809798
"2024","S",0.106331925272016
"2024","S",0.105856282288393
"2024","S",0.102143115876559
"2024","S",0.101370385075533
"2024","S",0.104978731526027
"2024","S",0.10477603784791
"2024","S",0.103702110842888
"2024","S",0.0996982252897799
"2024","S",0.102153678495184
"2024","S",0.103220999912514
"2024","S",0.0995057695795275
"2024","S",0.103256570632052
"2024","S",0.102888363638547
"2024","S",0.101345079192344
"2024","S",0.102566342425675
"2024","S",0.0980324932233852
"2024","S",0.103526830273211
"2024","S",0.101178636829484
"2024","S",0.101037930364345
"2024","S",0.0999498809411159
"2024","S",0.104448610097496
"2024","S",0.100416777157291
"2024","S",0.100653161073465
"2024","S",0.100605501365889
"2024","S",0.104574480357135
"2024","S",0.102373956763046
"2024","S",0.101622701415786
"2024","S",0.0988418487713493
"2024","S",0.103782498887295
"2024","S",0.102812475218549
"2024","S",0.102096433031738
"2024","S",0.102454215977402
"2024","S",0.102635429134137
"2024","S",0.10225972088265
"2024","S",0.103391136196372
"2024","S",0.100507397607433
"2024","S",0.102411187891743
"2024","S",0.102831915182599
"2024","S",0.104965056557736
"2024","S",0.101868111377812
"2024","S",0.104366945668827
"2024","S",0.102271932245395
"2024","S",0.102808876664387
"2024","S",0.100725669534888
"2024","S",0.102379618342562
"2024","S",0.100821362440649
"2024","S",0.0997667966590958
"2024","S",0.102802313997894
"2024","S",0.100828122588723
"2024","S",0.10440207782612
"2024","S",0.101614083040936
"2024","S",0.10164989773014
"2024","S",0.10215742366745
"2024","S",0.102826478981338
"2024","S",0.101918738852482
"2024","S",0.0995966522183171
"2024","S",0.103236952290778
"2024","S",0.103197175296968
"2024","S",0.103650491756031
"2024","S",0.0992847760916659
"2024","S",0.0995301564330156
"2024","S",0.100822412251182
"2024","S",0.0999080678846716
"2024","S",0.101422981276635
"2024","S",0.104129331096747
"2024","S",0.100339287451813
"2024","S",0.102406110802739
"2024","S",0.10401142796918
"2024","S",0.102282599764038
"2024","S",0.102125934146763
"2024","S",0.101634552663281
"2024","S",0.101652810135801
"2024","S",0.101361168507421
"2024","S",0.101910247262264
"2024","S",0.100804867065963
"2024","S",0.0993286982479277
"2024","S",0.102179516713558
"2024","S",0.102664591834436
"2024","S",0.100467852708865
"2024","S",0.104109396885069
"2024","S",0.100901181994949
"2024","S",0.100590426448282
"2024","S",0.100440977238642
"2024","S",0.101058746549924
"2024","S",0.101442134239232
"2024","S",0.0991550929663299
"2024","S",0.0974958926678532
"2024","S",0.103133198388173
"2024","S",0.103188565786181
"2024","S",0.103788812051459
"2024","S",0.1000160182822
"2024","S",0.102231048091173
"2024","S",0.101244602461894
"2024","S",0.102716424935482
"2024","S",0.10190018661826
"2024","S",0.102612188471089
"2024","S",0.0983973424455907
"2024","S",0.102048141439039
"2024","S",0.100198664726658
"2024","S",0.1002151033057
"2024","S",0.100966341640133
"2024","S",0.0991543002340294
"2024","S",0.0991939919978928
"2024","S",0.0998767704386188
"2024","S",0.102257402284144
"2024","S",0.103189353803479
"2024","S",0.10405734123952
"2024","S",0.100669677074911
"2024","S",0.101224267822238
"2024","S",0.10251635146342
"2024","S",0.100834689995927
"2024","S",0.100891940908036
"2024","S",0.100079893964333
"2024","S",0.101871795752665
"2024","S",0.0996822988342872
"2024","S",0.10160840900316
"2024","S",0.102975982046109
"2024","S",0.101000855426461
"2024","S",0.102250168462415
"2024","S",0.100350903574709
"2024","S",0.100073714606124
"2024","S",0.0998060748659619
"2024","S",0.101395512480147
"2024","S",0.104982101421967
"2024","S",0.102978263822841
"2024","S",0.104494632728491
"2024","S",0.102133915588736
"2024","S",0.101129119237205
"2024","S",0.100394696886681
"2024","S",0.101674637386504
"2024","S",0.103385851666816
"2024","S",0.0989556268233679
"2024","S",0.0999797141222224
"2024","S",0.100195990130515
"2024","S",0.0999673452986788
"2024","S",0.0995905106065753
"2024","S",0.103779817577747
"2024","S",0.100222598226018
"2024","S",0.10008229724181
"2024","S",0.102104206353784
"2024","S",0.100802235387128
"2024","S",0.0992233549944133
"2024","S",0.0996573103919887
"2024","S",0.103995133510426
"2024","S",0.101801959190711
"2024","S",0.102489924369111
"2024","S",0.104909100893266
"2024","S",0.103802808498882
"2024","S",0.101201901390067
"2024","S",0.10398062496625
"2024","S",0.102054553491225
"2024","S",0.099506783782042
"2024","S",0.100551899779642
"2024","S",0.102908202223204
"2024","S",0.100788600359764
"2024","S",0.101242020333435
"2024","S",0.100754326280765
"2024","S",0.0977292699935364
"2024","S",0.100427972596008
"2024","S",0.103665337445217
"2024","S",0.104043513882796
"2024","S",0.100180572751802
"2024","S",0.10279307082616
"2024","S",0.103269096383677
"2024","S",0.101120941343342
"2024","S",0.101935514302003
"2024","S",0.101474209993976
"2024","S",0.102281917999543
"2024","S",0.0994251473749308
"2024","S",0.103423329426483
"2024","S",0.101140073306471
"2024","S",0.10007031269076
"2024","S",0.103020745129142
"2024","S",0.100202526856614
"2024","S",0.10136437893422
"2024","S",0.102423847564417
"2024","S",0.103577164269858
"2024","S",0.101648036511003
"2024","S",0.10150419618192
"2024","S",0.101145630065075
"2024","S",0.102861698733124
"2024","S",0.101341348987785
"2024","S",0.100621730047364
"2024","S",0.103128534429371
"2024","S",0.0997301523846634
"2024","S",0.102170221115774
"2024","S",0.0999479181350713
"2024","S",0.100058454805923
"2024","S",0.09924068683023
"2024","S",0.1028614692223
"2024","S",0.0989505133517995
"2024","S",0.103453144633565
"2024","S",0.104064635994822
"2024","S",0.102757868979811
"2024","S",0.102214676087725
"2024","S",0.10197974173293
"2024","S",0.104175961985174
"2024","S",0.100415888023675
"2024","S",0.101772886558597
"2024","S",0.101180700438615
"2024","S",0.101927165723416
"2024","S",0.100031124704392
"2024","S",0.101798588076867
"2024","S",0.100655130182431
"2024","S",0.103049339160156
"2024","S",0.103227807032234
"2024","S",0.105744600211327
"2024","S",0.102807694005634
"2024","S",0.10015423166833
"2024","S",0.100109767761461
"2024","S",0.101963223001983
"2024","S",0.101508004047579
"2024","S",0.103603609467596
"2024","S",0.101972077322879
"2024","S",0.102534514735942
"2024","S",0.101289922675444
"2024","S",0.102313270971045
"2024","S",0.099876124766933
"2024","S",0.100951304561381
"2024","S",0.100991211111414
"2024","S",0.10195462683716
"2024","S",0.0993799764617055
"2024","S",0.0984599123555678
"2024","S",0.104058948880951
"2024","S",0.103756657153412
"2024","S",0.102887524969561
"2024","S",0.100122529626067
"2024","S",0.103123824757576
"2024","S",0.102027217330368
"2024","S",0.100446680598706
"2024","S",0.100046408383557
"2024","S",0.0988026822430804
"2024","S",0.102778271510168
"2024","S",0.103898251628411
"2024","S",0.101449884750871
"2024","S",0.0986148419521376
"2024","S",0.100350713335244
"2024","S",0.101060513690617
"2024","S",0.103531553640483
"2024","S",0.101995489607411
"2024","S",0.102840053259676
"2024","S",0.103359203984826
"2024","S",0.101797714703061
"2024","S",0.104181344373471
"2024","S",0.100613164585555
"2024","S",0.0994814769764984
"2024","S",0.101971629177534
"2024","S",0.101028997228044
"2024","S",0.102548091770393
"2024","S",0.101296852321277
"2024","S",0.102560938368778
"2024","S",0.102321838405296
"2024","S",0.101083936488465
"2024","S",0.102667177193166
"2024","S",0.102429818671006
"2024","S",0.10004803495435
"2024","S",0.102170323041299
"2024","S",0.101738032928741
"2024","S",0.103178198699644
"2024","S",0.10012624625759
"2024","S",0.10311859376789
"2024","S",0.10175152824019
"2024","S",0.101778751703473
"2024","S",0.102180372403278
"2024","S",0.10392428580299
"2024","S",0.10232660789218
"2024","S",0.099507247183139
"2024","S",0.0978940711792319
"2024","S",0.100141876896358
"2024","S",0.101539132400154
"2024","S",0.100787448023657
"2024","S",0.102519944378814
"2024","S",0.104102476610494
"2024","S",0.101978796885743
"2024","S",0.103379866865086
"2024","S",0.102639779649303
"2024","S",0.0987158442562448
"2024","S",0.102834356724433
"2024","S",0.101096651179363
"2024","S",0.1026949789396
"2024","S",0.102439120778196
"2024","S",0.100983686665682
"2024","S",0.100594615581531
"2024","S",0.100483392661695
"2024","S",0.100283401135838
"2024","S",0.0986003020641164
"2024","S",0.101287910343304
"2024","S",0.102131662335155
"2024","S",0.103111430455747
"2024","S",0.101842639497113
"2024","S",0.10253033118436
"2024","S",0.102867628311202
"2024","S",0.0998919631354333
"2024","S",0.102111295906902
"2024","S",0.101152159565534
"2024","S",0.097349509189271
"2024","S",0.10600473504151
"2024","S",0.0997174731640407
"2024","S",0.100375397672677
"2024","S",0.102775858199655
"2024","S",0.104016061655448
"2024","S",0.104046064209568
"2024","S",0.103194250127782
"2024","S",0.100358645708114
"2024","S",0.101679930085439
"2024","S",0.100548383727196
"2024","S",0.0993818506954316
"2024","S",0.0997399154636908
"2024","S",0.103859781716585
"2024","S",0.103798871777127
"2024","S",0.101787063751978
"2024","S",0.101905054328271
"2024","S",0.10449373919213
"2024","S",0.101902069527701
"2024","S",0.099918794856076
"2024","S",0.101311046322909
"2024","S",0.103674641096411
"2024","S",0.0987492588621843
"2024","S",0.101059364767328
"2024","S",0.101104046583231
"2024","S",0.103871554249458
"2024","S",0.0989751892164124
"2024","S",0.103591874149758
"2024","S",0.101870432599454
"2024","S",0.103922205279898
"2024","S",0.0994290895844862
"2024","S",0.103164732270169
"2024","S",0.102368540383852
"2024","S",0.10319517829047
"2024","S",0.102453339236666
"2024","S",0.0994545001159412
"2024","S",0.10115713088579
"2024","S",0.102814533720639
"2024","S",0.10083197558401
"2024","S",0.102238579097546
"2024","S",0.104159914842736
"2024","S",0.104282701207043
"2024","S",0.0998795586232928
"2024","S",0.100953669531148
"2024","S",0.099663433145588
"2024","S",0.102781817806555
"2024","S",0.101513593985579
"2024","S",0.100655112334294
"2024","S",0.103862416063126
"2024","S",0.105528106526854
"2024","S",0.102637035575125
"2024","S",0.101242167064756
"2024","S",0.102648085761307
"2024","S",0.102392863733436
"2024","S",0.100252398232219
"2024","S",0.102217148172405
"2024","S",0.103001507813765
"2024","S",0.100865248087634
"2024","S",0.103664074579937
"2024","S",0.101434950177641
"2024","S",0.103158530969161
"2024","S",0.101353445877623
"2024","S",0.10157726948514
"2024","S",0.104115798295922
"2024","S",0.100522357608907
"2024","S",0.102293584500524
"2024","S",0.101994468435283
"2024","S",0.101870091201754
"2024","S",0.104727769633993
"2024","S",0.101272085546148
"2024","S",0.103600407627118
"2024","S",0.101356373198478
"2024","S",0.102429609119973
"2024","S",0.104958779559937
"2024","S",0.104419674169973
"2024","S",0.104020882856522
"2024","S",0.102072413170353
"2024","S",0.100477385409579
"2024","S",0.101467235875226
"2024","S",0.101133919131826
"2024","S",0.102117881367598
"2024","S",0.101371216265548
"2024","S",0.101728132846986
"2024","S",0.100023877037996
"2024","S",0.102878831925798
"2024","S",0.101632137916819
"2024","S",0.103374954597797
"2024","S",0.102813883798714
"2024","S",0.102208660076642
"2024","S",0.103775512972944
"2024","S",0.10270427465555
"2024","S",0.102408767773758
"2024","S",0.103539490397049
"2024","S",0.100601938843613
"2024","S",0.10347480824422
"2024","S",0.103449435252536
"2024","S",0.103316741926191
"2024","S",0.103565185237504
"2024","S",0.101607250239074
"2024","S",0.0986480131339095
"2024","S",0.0989129817616631
"2024","S",0.101507750683281
"2024","S",0.103452752792947
"2024","S",0.101507838528606
"2024","S",0.103941975864958
"2024","S",0.10442038150201
"2024","S",0.102719245606759
"2024","S",0.103571224153316
"2024","S",0.100177868139698
"2024","S",0.101521807846126
"2024","S",0.0991316054077862
"2024","S",0.104327438392846
"2024","S",0.10164176327088
"2024","S",0.10437559934166
"2024","S",0.0992277465896969
"2024","S",0.099663687341949
"2024","S",0.101780202529121
"2024","S",0.101625354084978
"2024","S",0.104340626146166
"2024","S",0.101782306645015
"2024","S",0.101600077880126
"2024","S",0.100476042135206
"2024","S",0.103070468239746
"2024","S",0.102556250196172
"2024","S",0.103889061476279
"2024","S",0.101732866789478
"2024","S",0.10225828454165
"2024","S",0.10050747516587
"2024","S",0.103869165559767
"2024","S",0.098390096846898
"2024","S",0.0991684986766347
"2024","S",0.101764644378362
"2024","S",0.0994106359404194
"2024","S",0.100623788565484
"2024","S",0.102844354938744
"2024","S",0.102775804878176
"2024","S",0.105404223736342
"2024","S",0.103222046837906
"2024","S",0.100877934724158
"2024","S",0.101835724649358
"2024","S",0.104571943900839
"2024","S",0.101408839519067
"2024","S",0.102178957676198
"2024","S",0.101526283901057
"2024","S",0.101830150140079
"2024","S",0.100226505398317
"2024","S",0.10232087960091
"2024","S",0.103050065198998
"2024","S",0.10113361098537
"2024","S",0.102896447002541
"2024","S",0.103605344470659
"2024","S",0.101398211049984
"2024","S",0.0995434387831301
"2024","S",0.101974541284016
"2024","S",0.100535620524942
"2024","S",0.102145716753651
"2024","S",0.104443077255005
"2024","S",0.100403913562687
"2024","S",0.101345654682294
"2024","S",0.104074561987609
"2024","S",0.101029021975589
"2024","S",0.100210571850026
"2024","S",0.103017301515215
"2024","S",0.102007885468379
"2024","S",0.101806685507085
"2024","S",0.101581959049196
"2024","S",0.100635891887375
"2024","S",0.102646258931269
"2024","S",0.10069960437812
"2024","S",0.102502028159286
"2024","S",0.0992610742658299
"2024","S",0.102445930178977
"2024","S",0.102445704614791
"2024","S",0.103140776021455
"2024","S",0.0981419067854625
"2024","S",0.0994813815420981
"2024","S",0.103250586792911
"2024","S",0.10109474120513
"2024","S",0.101721586722461
"2024","S",0.10332770402706
"2024","S",0.100819348815181
"2024","S",0.103951785132306
"2024","S",0.101051651905889
"2024","S",0.106216270977544
"2024","S",0.102177788110643
"2024","S",0.101920213088332
"2024","S",0.100556866519339
"2024","S",0.102066263180226
"2024","S",0.100577175060687
"2024","S",0.103909703353522
"2024","S",0.1030392324097
"2024","S",0.103859584429406
"2024","S",0.103358740808982
"2024","S",0.100481364547332
"2024","S",0.101247025776463
"2024","S",0.102163991774554
"2024","S",0.0998380922626111
"2024","S",0.0997874814923089
"2024","S",0.100507433802594
"2024","S",0.0997817068892366
"2024","S",0.101101657940126
"2024","S",0.103851837415605
"2024","S",0.103755569760353
"2024","S",0.0999753139769125
"2024","S",0.105681470486908
"2024","S",0.103336875115888
"2024","S",0.0996817559198046
"2024","S",0.101569569358246
"2024","S",0.10454430398209
"2024","S",0.102168109864483
"2024","S",0.103480396068338
"2024","S",0.0998631207028798
"2024","S",0.10115869748261
"2024","S",0.100856723920891
"2024","S",0.102316292044855
"2024","S",0.0993656807000647
"2024","S",0.102228504971101
"2024","S",0.103036096172044
"2024","S",0.100556235831366
"2024","S",0.0998106811551028
"2024","S",0.104184413150191
"2024","S",0.100721915040451
"2024","S",0.0992910994951003
"2024","S",0.0996175522099053
"2024","S",0.10121496869131
"2024","S",0.10031653469749
"2024","S",0.10390064382551
"2024","S",0.101312253039136
"2024","S",0.102413043566301
"2024","S",0.10393750834834
"2024","S",0.101109757445201
"2024","S",0.101832234436066
"2024","S",0.104035763330445
"2024","S",0.10328182679439
"2024","S",0.101187907811069
"2024","S",0.102851719065447
"2024","S",0.101018118580617
"2024","S",0.102151448775977
"2024","S",0.101521972603743
"2024","S",0.102719661155813
"2024","S",0.102691322440976
"2024","S",0.104397829529465
"2024","S",0.103708598077233
"2024","S",0.101005181457425
"2024","S",0.103749832161205
"2024","S",0.103777113620879
"2024","S",0.105815580621012
"2024","S",0.102854660827392
"2024","S",0.100496782449739
"2024","S",0.0998541780847466
"2024","S",0.103053067356306
"2024","S",0.10134531204786
"2024","S",0.104940061691138
"2024","S",0.101471274964929
"2024","S",0.101919376768801
"2024","S",0.101963440194588
"2024","S",0.10047609749244
"2024","S",0.103487572413217
"2024","S",0.105203357417007
"2024","S",0.104354700567198
"2024","S",0.101474872270434
"2024","S",0.103478520804424
"2024","S",0.101908627472837
"2024","S",0.104358997259698
"2024","S",0.0994367943661215
"2024","S",0.104191391579287
"2024","S",0.100032047014834
"2024","S",0.103526979150359
"2024","S",0.102652244390302
"2024","S",0.102373757485832
"2024","S",0.104590962977157
"2024","W",0.684027573567053
"2024","W",0.705241635088057
"2024","W",0.68793463345321
"2024","W",0.682429320574691
"2024","W",0.677639709167154
"2024","W",0.667074985003771
"2024","W",0.654340930747917
"2024","W",0.693996025413336
"2024","W",0.688967534453076
"2024","W",0.669996116682534
"2024","W",0.668102238313239
"2024","W",0.664524725943447
"2024","W",0.690576552897149
"2024","W",0.691195251744142
"2024","W",0.672805090585663
"2024","W",0.693637204856251
"2024","W",0.680856049859162
"2024","W",0.676339287140703
"2024","W",0.677627924181786
"2024","W",0.65586221443166
"2024","W",0.698568253843244
"2024","W",0.687274843003284
"2024","W",0.697592015625268
"2024","W",0.679532685875668
"2024","W",0.696048573069548
"2024","W",0.643342676059873
"2024","W",0.693324479508664
"2024","W",0.674301812319324
"2024","W",0.695883201276333
"2024","W",0.698992942770823
"2024","W",0.667506379646114
"2024","W",0.682690201307603
"2024","W",0.677148491954976
"2024","W",0.673903862132522
"2024","W",0.660304407825552
"2024","W",0.685896183023039
"2024","W",0.66593850507129
"2024","W",0.676315116550361
"2024","W",0.695607846479519
"2024","W",0.663734094926305
"2024","W",0.648552533084173
"2024","W",0.709120186029062
"2024","W",0.672443389638099
"2024","W",0.688336051652401
"2024","W",0.690527153843697
"2024","W",0.668010666276766
"2024","W",0.654026021599998
"2024","W",0.708812409474581
"2024","W",0.658942008664374
"2024","W",0.68138559993483
"2024","W",0.674704604774142
"2024","W",0.689032692956419
"2024","W",0.681302325309838
"2024","W",0.69328071608162
"2024","W",0.708286779755979
"2024","W",0.663654118475193
"2024","W",0.652455153740396
"2024","W",0.679873302735711
"2024","W",0.664562841470502
"2024","W",0.660181234085698
"2024","W",0.675700385820836
"2024","W",0.696700900951595
"2024","W",0.665070554235431
"2024","W",0.680868361725154
"2024","W",0.66591647354718
"2024","W",0.673024186416496
"2024","W",0.68171163318492
"2024","W",0.678513290079556
"2024","W",0.669929940648788
"2024","W",0.666569097148091
"2024","W",0.686971869782078
"2024","W",0.67414164029882
"2024","W",0.651590899306624
"2024","W",0.704928733612325
"2024","W",0.657352038810085
"2024","W",0.664228108753491
"2024","W",0.680475005597885
"2024","W",0.676313595432645
"2024","W",0.69954513240776
"2024","W",0.66330263133869
"2024","W",0.69452414639065
"2024","W",0.670258117273698
"2024","W",0.697790177401314
"2024","W",0.685750328732575
"2024","W",0.679849412700615
"2024","W",0.695877071843312
"2024","W",0.697962483311041
"2024","W",0.682087423751072
"2024","W",0.695746090775544
"2024","W",0.665315868222166
"2024","W",0.660081077360735
"2024","W",0.66071005131766
"2024","W",0.668854881947437
"2024","W",0.693196606846512
"2024","W",0.677133844812406
"2024","W",0.675154160770155
"2024","W",0.674945573492516
"2024","W",0.657506475569313
"2024","W",0.685519943550985
"2024","W",0.655342450933449
"2024","W",0.674112030563254
"2024","W",0.662800868108948
"2024","W",0.686187820750805
"2024","W",0.667020099899758
"2024","W",0.661587865014348
"2024","W",0.677394048358824
"2024","W",0.660453862370567
"2024","W",0.668164600141724
"2024","W",0.677980910992468
"2024","W",0.695739807245392
"2024","W",0.682614071046548
"2024","W",0.651532548969986
"2024","W",0.661921818584058
"2024","W",0.693579033058657
"2024","W",0.683554939765041
"2024","W",0.667455097882822
"2024","W",0.65301409394741
"2024","W",0.712307298167185
"2024","W",0.695298969653892
"2024","W",0.690261318460077
"2024","W",0.680480359100518
"2024","W",0.680761535580189
"2024","W",0.680272677756994
"2024","W",0.704405048480837
"2024","W",0.676452609817189
"2024","W",0.676796664722033
"2024","W",0.703256874038608
"2024","W",0.668331932611389
"2024","W",0.656890016658192
"2024","W",0.68329065996276
"2024","W",0.662978072908029
"2024","W",0.675547741895734
"2024","W",0.650911916028707
"2024","W",0.680526661772
"2024","W",0.679473944294823
"2024","W",0.672721915243067
"2024","W",0.660597599853453
"2024","W",0.684398869816288
"2024","W",0.677281526719122
"2024","W",0.694181239032379
"2024","W",0.676583036834263
"2024","W",0.677282690606762
"2024","W",0.667168848764387
"2024","W",0.691815269743643
"2024","W",0.673548250709
"2024","W",0.667856815138968
"2024","W",0.690114930706791
"2024","W",0.691441994516886
"2024","W",0.684403834534456
"2024","W",0.692733587204816
"2024","W",0.663928584076435
"2024","W",0.669977824604928
"2024","W",0.673512909358169
"2024","W",0.656780589203364
"2024","W",0.672586608614054
"2024","W",0.679110322007323
"2024","W",0.672235867144684
"2024","W",0.677955923790515
"2024","W",0.684876565771127
"2024","W",0.663200800564507
"2024","W",0.659550018144485
"2024","W",0.690438062846085
"2024","W",0.659693666351194
"2024","W",0.681810774577603
"2024","W",0.665257445127214
"2024","W",0.676679426833653
"2024","W",0.680652009378816
"2024","W",0.679170642869029
"2024","W",0.683586380909582
"2024","W",0.691796381255957
"2024","W",0.676455421148959
"2024","W",0.668437304084709
"2024","W",0.675339010780092
"2024","W",0.671247271098915
"2024","W",0.682641079988904
"2024","W",0.671969638349995
"2024","W",0.692700272496066
"2024","W",0.674107066740116
"2024","W",0.649745333277927
"2024","W",0.652944244793483
"2024","W",0.679483869300113
"2024","W",0.671130000202665
"2024","W",0.670541648454221
"2024","W",0.668338117813876
"2024","W",0.688588003846069
"2024","W",0.671787955755802
"2024","W",0.670882666549696
"2024","W",0.674713173718251
"2024","W",0.684531267196428
"2024","W",0.66355680738752
"2024","W",0.684548624646499
"2024","W",0.675900765410734
"2024","W",0.671199010746315
"2024","W",0.68507911456433
"2024","W",0.705897704914709
"2024","W",0.678726511871285
"2024","W",0.6851677377338
"2024","W",0.687457592493105
"2024","W",0.682966787466921
"2024","W",0.674967662276404
"2024","W",0.669258966633324
"2024","W",0.679015615587159
"2024","W",0.679766443052886
"2024","W",0.693871736810235
"2024","W",0.686481938396068
"2024","W",0.666173068508804
"2024","W",0.677747964435137
"2024","W",0.675511006098014
"2024","W",0.693544781930689
"2024","W",0.67636503922499
"2024","W",0.692521128493539
"2024","W",0.684438237239014
"2024","W",0.682551130477695
"2024","W",0.691790018847114
"2024","W",0.689668065561957
"2024","W",0.685610447053148
"2024","W",0.679651666447752
"2024","W",0.689763962514285
"2024","W",0.669567614562549
"2024","W",0.665801252621352
"2024","W",0.682337447697657
"2024","W",0.682510418496684
"2024","W",0.676014105402085
"2024","W",0.671577766040463
"2024","W",0.683222483542889
"2024","W",0.681354922976422
"2024","W",0.668667899046556
"2024","W",0.682434767802129
"2024","W",0.657071898324315
"2024","W",0.690902254423895
"2024","W",0.669252968478407
"2024","W",0.672905226248518
"2024","W",0.673934714716999
"2024","W",0.680724513390835
"2024","W",0.668161481068744
"2024","W",0.683251602924284
"2024","W",0.67280499145499
"2024","W",0.688036498230466
"2024","W",0.688883594890523
"2024","W",0.687796226037853
"2024","W",0.659785526368267
"2024","W",0.685480375753159
"2024","W",0.662218957047608
"2024","W",0.651879398472061
"2024","W",0.684857370250322
"2024","W",0.674806375914145
"2024","W",0.681543809206301
"2024","W",0.687847555726847
"2024","W",0.692459906689438
"2024","W",0.696441445213013
"2024","W",0.689417030733913
"2024","W",0.692023887057543
"2024","W",0.689735896325091
"2024","W",0.685659354820616
"2024","W",0.653556719614401
"2024","W",0.658817691869222
"2024","W",0.695050765519246
"2024","W",0.697254405459599
"2024","W",0.6481952581906
"2024","W",0.67424485352384
"2024","W",0.689640122560773
"2024","W",0.702539057612652
"2024","W",0.694238241813009
"2024","W",0.666481700005051
"2024","W",0.664833484571562
"2024","W",0.67596119451508
"2024","W",0.664806028892762
"2024","W",0.69361393215721
"2024","W",0.672199373556684
"2024","W",0.708254300918341
"2024","W",0.674149189159659
"2024","W",0.688946948582187
"2024","W",0.69850638146928
"2024","W",0.689830956662104
"2024","W",0.679314794015724
"2024","W",0.701345405966782
"2024","W",0.670371322966264
"2024","W",0.669807843867981
"2024","W",0.657468004915535
"2024","W",0.663171353814909
"2024","W",0.705031862832199
"2024","W",0.669767781538832
"2024","W",0.65111633661042
"2024","W",0.694252088585892
"2024","W",0.689326823821554
"2024","W",0.681901630016035
"2024","W",0.683843670438394
"2024","W",0.680099938725119
"2024","W",0.697641785211718
"2024","W",0.651975214756231
"2024","W",0.685444276346804
"2024","W",0.667246310081382
"2024","W",0.695748780290688
"2024","W",0.668126367534163
"2024","W",0.663170360588514
"2024","W",0.680177527416523
"2024","W",0.681213788829283
"2024","W",0.674865445551763
"2024","W",0.690346846514953
"2024","W",0.666751881479126
"2024","W",0.672720270322166
"2024","W",0.688915316544256
"2024","W",0.694570825819831
"2024","W",0.68777081122384
"2024","W",0.6828558141166
"2024","W",0.672521533362058
"2024","W",0.694510707337655
"2024","W",0.691207477990669
"2024","W",0.698866347382413
"2024","W",0.670917827986693
"2024","W",0.674114814056563
"2024","W",0.681713742245815
"2024","W",0.673840682828168
"2024","W",0.673127818285136
"2024","W",0.693822006990382
"2024","W",0.678022735612507
"2024","W",0.6789938531151
"2024","W",0.662994936856735
"2024","W",0.680235445953525
"2024","W",0.65531829929684
"2024","W",0.673211955679293
"2024","W",0.692042126858542
"2024","W",0.692647042007997
"2024","W",0.681028389033914
"2024","W",0.661189053190398
"2024","W",0.686417435007338
"2024","W",0.68258022990377
"2024","W",0.674641925288828
"2024","W",0.695091537901419
"2024","W",0.684214445665224
"2024","W",0.675287371933687
"2024","W",0.676066350981475
"2024","W",0.691328965847565
"2024","W",0.657167156971472
"2024","W",0.653812455429867
"2024","W",0.661326420179894
"2024","W",0.678414289358319
"2024","W",0.645877582841874
"2024","W",0.678288387716996
"2024","W",0.657291804514137
"2024","W",0.667656445789573
"2024","W",0.680192714186981
"2024","W",0.699157956734489
"2024","W",0.690907924302873
"2024","W",0.67145203356707
"2024","W",0.674608978481997
"2024","W",0.69083906354741
"2024","W",0.675968552097506
"2024","W",0.66760288768318
"2024","W",0.677508723367434
"2024","W",0.676561623900926
"2024","W",0.644459624660498
"2024","W",0.672534545941028
"2024","W",0.669756057772425
"2024","W",0.677090494734156
"2024","W",0.689112496609229
"2024","W",0.689206614357304
"2024","W",0.680856811886513
"2024","W",0.663469112226103
"2024","W",0.685001262169761
"2024","W",0.674976538518091
"2024","W",0.678078084413739
"2024","W",0.680193454128869
"2024","W",0.69390550579792
"2024","W",0.675720432139794
"2024","W",0.672712457321264
"2024","W",0.665376418201134
"2024","W",0.705377269290175
"2024","W",0.673819494489057
"2024","W",0.662151479634843
"2024","W",0.695159743523641
"2024","W",0.693842859250187
"2024","W",0.68235671594856
"2024","W",0.6497268373002
"2024","W",0.654061370816043
"2024","W",0.691966067029726
"2024","W",0.660838988548028
"2024","W",0.685597155933778
"2024","W",0.666283521673716
"2024","W",0.657503754755042
"2024","W",0.687411726384373
"2024","W",0.68963085803655
"2024","W",0.669269974198974
"2024","W",0.673959194557878
"2024","W",0.680132742872681
"2024","W",0.690559066491326
"2024","W",0.674038473170093
"2024","W",0.704260235484916
"2024","W",0.666739517752732
"2024","W",0.680975179641987
"2024","W",0.676981204651364
"2024","W",0.680013479845955
"2024","W",0.669088771686399
"2024","W",0.686655068899043
"2024","W",0.69328939643217
"2024","W",0.680369800360992
"2024","W",0.666911399425651
"2024","W",0.679483789221157
"2024","W",0.671123186797982
"2024","W",0.654418843861066
"2024","W",0.667937244453073
"2024","W",0.664678227564506
"2024","W",0.686992191686993
"2024","W",0.669713027273508
"2024","W",0.656633970162474
"2024","W",0.690621825278307
"2024","W",0.669721671769325
"2024","W",0.683268171557982
"2024","W",0.684257565854331
"2024","W",0.671384915589761
"2024","W",0.686901050902451
"2024","W",0.667243428933428
"2024","W",0.686286724814434
"2024","W",0.685348051612865
"2024","W",0.688524027905009
"2024","W",0.67467507774634
"2024","W",0.674253422408622
"2024","W",0.666208390359618
"2024","W",0.675231357661303
"2024","W",0.655357545843842
"2024","W",0.694698168319982
"2024","W",0.680921238026697
"2024","W",0.673307383915365
"2024","W",0.685275308412024
"2024","W",0.67740443722868
"2024","W",0.661413261288601
"2024","W",0.688141524219591
"2024","W",0.67180228892719
"2024","W",0.666505651127484
"2024","W",0.676390089144564
"2024","W",0.679444537945811
"2024","W",0.677131734512588
"2024","W",0.690753329064207
"2024","W",0.664943677961271
"2024","W",0.685587431251702
"2024","W",0.68379256693688
"2024","W",0.683434126280353
"2024","W",0.660750722789274
"2024","W",0.658997410646405
"2024","W",0.691844090349455
"2024","W",0.67911983041518
"2024","W",0.653639878275422
"2024","W",0.659110340851143
"2024","W",0.68099102658454
"2024","W",0.663844089910677
"2024","W",0.661647722532304
"2024","W",0.677569501793876
"2024","W",0.652974466871953
"2024","W",0.684610056248506
"2024","W",0.671277561646714
"2024","W",0.679771377760034
"2024","W",0.687874515392692
"2024","W",0.675542484291154
"2024","W",0.671773572510311
"2024","W",0.6498092334746
"2024","W",0.694318239227137
"2024","W",0.694371276899125
"2024","W",0.647867487565755
"2024","W",0.669262990974358
"2024","W",0.663605067729855
"2024","W",0.690372152006183
"2024","W",0.680682963352306
"2024","W",0.65487513552654
"2024","W",0.676316548922029
"2024","W",0.67885713278517
"2024","W",0.665220058130925
"2024","W",0.665826750429059
"2024","W",0.664752551164971
"2024","W",0.684554997647528
"2024","W",0.679447508718928
"2024","W",0.687893932021419
"2024","W",0.694039412882062
"2024","W",0.679328846348703
"2024","W",0.651902331155156
"2024","W",0.674092375036243
"2024","W",0.676528609874788
"2024","W",0.670062910613017
"2024","W",0.691722576861594
"2024","W",0.663843752763272
"2024","W",0.692544909070232
"2024","W",0.687951149825085
"2024","W",0.669429486275344
"2024","W",0.686625558206563
"2024","W",0.68437722586398
"2024","W",0.664546163266536
"2024","W",0.665261183361961
"2024","W",0.672190376095795
"2024","W",0.685617155533818
"2024","W",0.671117612474755
"2024","W",0.683883386068143
"2024","W",0.659307616577148
"2024","W",0.688585309266214
"2024","W",0.677389784857053
"2024","W",0.687893952633746
"2024","W",0.649859670334624
"2024","W",0.683936254818297
"2024","W",0.706175889718155
"2024","W",0.679542338439669
"2024","W",0.66622132854748
"2024","W",0.689827600542695
"2024","W",0.677545485336188
"2024","W",0.653303677292984
"2024","W",0.679018675604126
"2024","W",0.686458826674578
"2024","W",0.682628184505717
"2024","W",0.686453293354445
"2024","W",0.684992229040625
"2024","W",0.672542591237482
"2024","W",0.672513175015194
"2024","W",0.690485744115069
"2024","W",0.651312895153793
"2024","W",0.69615663633324
"2024","W",0.704460045678504
"2024","W",0.669442869371146
"2024","W",0.680740378641453
"2024","W",0.684603109523036
"2024","W",0.687345701517157
"2024","W",0.68237525849227
"2024","W",0.661449141168519
"2024","W",0.689291420817744
"2024","W",0.687485508590571
"2024","W",0.706657765192404
"2024","W",0.674113207751887
"2024","W",0.697695098818088
"2024","W",0.694731585565593
"2024","W",0.668555832176919
"2024","W",0.694581116060817
"2024","W",0.658087083547478
"2024","W",0.676961211317838
"2024","W",0.652483591107365
"2024","W",0.651254010970277
"2024","W",0.699866002282097
"2024","W",0.681161578333595
"2024","W",0.67494929181541
"2024","W",0.686838609442293
"2024","W",0.683020553301406
"2024","W",0.675723644158068
"2024","W",0.687247982459551
"2024","W",0.662263418119262
"2024","W",0.698708031059484
"2024","W",0.666084749339062
"2024","W",0.655703614293239
"2024","W",0.694546807349101
"2024","W",0.680657991268845
"2024","W",0.686552100214189
"2024","W",0.702692035856099
"2024","W",0.683136023955769
"2024","W",0.671512684325066
"2024","W",0.664544157401218
"2024","W",0.65609211097115
"2024","W",0.687060188187232
"2024","W",0.667500611728391
"2024","W",0.658844098972135
"2024","W",0.703023381062603
"2024","W",0.684990017670153
"2024","W",0.693104166716817
"2024","W",0.669159037511216
"2024","W",0.679711372631177
"2024","W",0.690419898918135
"2024","W",0.680068315277806
"2024","W",0.698937811780008
"2024","W",0.66465918518265
"2024","W",0.649055210448807
"2024","W",0.693427487901218
"2024","W",0.664266983392602
"2024","W",0.679194857907064
"2024","W",0.680116974083323
"2024","W",0.667586550144389
"2024","W",0.698331277445465
"2024","W",0.679550748349607
"2024","W",0.680090383291716
"2024","W",0.706984435918938
"2024","W",0.679460369764339
"2024","W",0.682368661980678
"2024","W",0.667687794593211
"2024","W",0.695197346407505
"2024","W",0.646156692508112
"2024","W",0.653401725923542
"2024","W",0.659455568956807
"2024","W",0.68950234753729
"2024","W",0.653381436506282
"2024","W",0.679722507154217
"2024","W",0.668195892571027
"2024","W",0.677345689928728
"2024","W",0.661075475017865
"2024","W",0.68386302083476
"2024","W",0.684912047689469
"2024","W",0.648710699129645
"2024","W",0.679931217646218
"2024","W",0.658741941135499
"2024","W",0.698357837725456
"2024","W",0.69100072068674
"2024","W",0.689397110177944
"2024","W",0.668886844721957
"2024","W",0.67916519070955
"2024","W",0.705598670072051
"2024","W",0.663798545502996
"2024","W",0.671621665403226
"2024","W",0.654274974072846
"2024","W",0.698498496325536
"2024","W",0.671362332810116
"2024","W",0.683101903540882
"2024","W",0.672314196265546
"2024","W",0.682378922956866
"2024","W",0.682213465170389
"2024","W",0.692584648319003
"2024","W",0.65301701318006
"2024","W",0.701542617559873
"2024","W",0.66827238796912
"2024","W",0.679297275193169
"2024","W",0.667558670291236
"2024","W",0.664315014823432
"2024","W",0.673992982956282
"2024","W",0.677635132407947
"2024","W",0.670835321366263
"2024","W",0.699812405079196
"2024","W",0.677009012072639
"2024","W",0.666005819567884
"2024","W",0.696006616651012
"2024","W",0.710743919283639
"2024","W",0.655820206638698
"2024","W",0.682416095665801
"2024","W",0.685327436656675
"2024","W",0.689380123352759
"2024","W",0.686755746508511
"2024","W",0.684471104828296
"2024","W",0.693134927316422
"2024","W",0.675489629844597
"2024","W",0.663436791685462
"2024","W",0.682570959328296
"2024","W",0.68272593612232
"2024","W",0.668779496582093
"2024","W",0.695878076805831
"2024","W",0.653866471839435
"2024","W",0.663211789605176
"2024","W",0.678092935563744
"2024","W",0.692559123543432
"2024","W",0.69501797889337
"2024","W",0.680818984693377
"2024","W",0.683796501273932
"2024","W",0.696085459311577
"2024","W",0.683660502227688
"2024","W",0.665074343768138
"2024","W",0.666374214218926
"2024","W",0.678718361234449
"2024","W",0.661801979370539
"2024","W",0.665855447039756
"2024","W",0.69031969987199
"2024","W",0.655231288208372
"2024","W",0.681812798643205
"2024","W",0.685613845815037
"2024","W",0.69420639545031
"2024","W",0.696061381309889
"2024","W",0.675210566150143
"2024","W",0.686448740770934
"2024","W",0.699980211729305
"2024","W",0.686178243660667
"2024","W",0.657461578904169
"2024","W",0.665265473883847
"2024","W",0.671710201847959
"2024","W",0.70302194232942
"2024","W",0.693930564855859
"2024","W",0.703267574244693
"2024","W",0.664915067983922
"2024","W",0.674370937625912
"2024","W",0.675577426956273
"2024","W",0.662831331065538
"2024","W",0.682814313414668
"2024","W",0.666791987563695
"2024","W",0.683510832273693
"2024","W",0.690603601523509
"2024","W",0.684799879972128
"2024","W",0.669683613796419
"2024","W",0.682660497257587
"2024","W",0.679972739129864
"2024","W",0.665213853742059
"2024","W",0.665311861241067
"2024","W",0.682655627248044
"2024","W",0.64858993728104
"2024","W",0.669679233654074
"2024","W",0.668622920862177
"2024","W",0.674605693837871
"2024","W",0.692241473720506
"2024","W",0.683259648276206
"2024","W",0.648694010651278
"2024","W",0.673879540579076
"2024","W",0.678191904367218
"2024","W",0.684869348437112
"2024","W",0.679828043933294
"2024","W",0.68417170518369
"2024","W",0.684537169906966
"2024","W",0.681393176197183
"2024","W",0.667446345204767
"2024","W",0.682396948595514
"2024","W",0.687722210124374
"2024","W",0.66983179210285
"2024","W",0.66155672202757
"2024","W",0.670860735289059
"2024","W",0.674710053077377
"2024","W",0.668557071540289
"2024","W",0.691723846235798
"2024","W",0.672310567426791
"2024","W",0.689428290362748
"2024","W",0.657626823097771
"2024","W",0.670901831016001
"2024","W",0.672845603092739
"2024","W",0.694280472933708
"2024","W",0.674098074831923
"2024","W",0.682311862120971
"2024","W",0.656419483688879
"2024","W",0.647646847306403
"2024","W",0.662057241082651
"2024","W",0.683530140274215
"2024","W",0.667442256238458
"2024","W",0.69582564793341
"2024","W",0.666704342825198
"2024","W",0.669940734180445
"2024","W",0.687273249964916
"2024","W",0.659873014414882
"2024","W",0.698135359179923
"2024","W",0.679728099298005
"2024","W",0.691472401055184
"2024","W",0.681740750352982
"2024","W",0.679720068883759
"2024","W",0.643566072740096
"2024","W",0.670052280947413
"2024","W",0.667807445444097
"2024","W",0.687845549875677
"2024","W",0.686236721721304
"2024","W",0.671649057324497
"2024","W",0.675401619867721
"2024","W",0.676224391165918
"2024","W",0.668419671692251
"2024","W",0.662373230249181
"2024","W",0.664274712064729
"2024","W",0.66423899967169
"2024","W",0.664425145741724
"2024","W",0.686002045503803
"2024","W",0.693087327348826
"2024","W",0.691140379656614
"2024","W",0.668721282108947
"2024","W",0.680836115348783
"2024","W",0.689858921991765
"2024","W",0.683533095556057
"2024","W",0.670809706181926
"2024","W",0.687061230060786
"2024","W",0.663546741451109
"2024","W",0.657903574795531
"2024","W",0.680127653733655
"2024","W",0.663141200751046
"2024","W",0.688890571494609
"2024","W",0.698809558753994
"2024","W",0.690461699470301
"2024","W",0.668138117977604
"2024","W",0.675341702560939
"2024","W",0.692483215094008
"2024","W",0.682695711537305
"2024","W",0.687711692934465
"2024","W",0.681411592371753
"2024","W",0.672848993027693
"2024","W",0.675531708857272
"2024","W",0.681870306987179
"2024","W",0.678317767918343
"2024","W",0.648048820882088
"2024","W",0.687528713667681
"2024","W",0.656473483322931
"2024","W",0.690891741745575
"2024","W",0.681456349264756
"2024","W",0.658633341687947
"2024","W",0.671650629966466
"2024","W",0.661244907363729
"2024","W",0.652617908933393
"2024","W",0.679754480773915
"2024","W",0.67545871751907
"2024","W",0.683190882754941
"2024","W",0.692091103684371
"2024","W",0.669106095287718
"2024","W",0.693681312217033
"2024","W",0.647957317954536
"2024","W",0.675986963867254
"2024","W",0.674441097623568
"2024","W",0.69128439501193
"2024","W",0.683422611812135
"2024","W",0.64783093501201
"2024","W",0.681457073820161
"2024","W",0.680057617680819
"2024","W",0.660473261248061
"2024","W",0.659106105818902
"2024","W",0.680806499594902
"2024","W",0.672049812345255
"2024","W",0.672169894309963
"2024","W",0.691684429517671
"2024","W",0.68143241551093
"2024","W",0.676958962662304
"2024","W",0.694442035097983
"2024","W",0.675742755858695
"2024","W",0.681762588747597
"2024","W",0.678333377750519
"2024","W",0.700003667281037
"2024","W",0.657500360493475
"2024","W",0.690469522459868
"2024","W",0.657499033523374
"2024","W",0.677301137492514
"2024","W",0.692620330415319
"2024","W",0.670250977912282
"2024","W",0.688005448726592
"2024","W",0.677408500563918
"2024","W",0.69372208987648
"2024","W",0.681525885895599
"2024","W",0.663190358100012
"2024","W",0.705081023224819
"2024","W",0.679434325828008
"2024","W",0.674379024219468
"2024","W",0.693090732049203
"2024","W",0.676388045868161
"2024","W",0.685578259433225
"2024","W",0.657415203625808
"2024","W",0.686500916748217
"2024","W",0.68333958366202
"2024","W",0.667757258175407
"2024","W",0.69561274950146
"2024","W",0.700234607404703
"2024","W",0.648588065426249
"2024","W",0.684192134309406
"2024","W",0.686677121404657
"2024","W",0.676855571222779
"2024","W",0.681691085174572
"2024","W",0.665411095094857
"2024","W",0.653055783748799
"2024","W",0.661955059911447
"2024","W",0.687935806539909
"2024","W",0.659975198424233
"2024","W",0.680721715553067
"2024","W",0.675878649416839
"2024","W",0.652725840717095
"2024","W",0.676062665961708
"2024","W",0.677539352904475
"2024","W",0.679978771086498
"2024","W",0.67049893073064
"2024","W",0.675494879089692
"2024","W",0.67453765600632
"2024","W",0.687690734701875
"2024","W",0.68001797776792
"2024","W",0.694946766181175
"2024","W",0.665269915364716
"2024","W",0.679792510520806
"2024","W",0.684848066356852
"2024","W",0.678761252525732
"2024","W",0.676746804451367
"2024","W",0.666644834600826
"2024","W",0.658645020871334
"2024","W",0.6885063338272
"2024","W",0.688015413571949
"2024","W",0.680305161857926
"2024","W",0.695896434638044
"2024","W",0.665863039222083
"2024","W",0.668708097827261
"2024","W",0.68068690338639
"2024","W",0.688408330149884
"2024","W",0.679263193892199
"2024","W",0.676384817948053
"2024","W",0.690371099052839
"2024","W",0.686720289792474
"2024","W",0.674554102848109
"2024","W",0.70030930364602
"2024","W",0.687911732943176
"2024","W",0.690167713607609
"2024","W",0.682453432125273
"2024","W",0.655169876103968
"2024","W",0.662304390379424
"2024","W",0.70561467694695
"2024","W",0.68409439187581
"2024","W",0.703929458802044
"2024","W",0.689430373666823
"2024","W",0.656351624144843
"2024","W",0.673905131222044
"2024","W",0.692783887891689
"2024","W",0.663819844187139
"2024","W",0.689546959432288
"2024","W",0.698298910558432
"2024","W",0.662332809368315
"2024","W",0.667921153804792
"2024","W",0.662944994844135
"2024","W",0.672081257920513
"2024","W",0.694119658555501
"2024","W",0.687218282209818
"2024","W",0.679904696600772
"2024","W",0.681039927927609
"2024","W",0.699501034638381
"2024","W",0.663483022126813
"2024","W",0.677560640937396
"2024","W",0.64438247564479
"2024","W",0.674583503295622
"2024","W",0.690042254315295
"2024","W",0.68405657623183
"2024","W",0.69761424671112
"2024","W",0.668160630301113
"2024","W",0.671843634991092
"2024","W",0.700781914285199
"2024","W",0.678678140694902
"2024","W",0.703701495865126
"2024","W",0.672800216002817
"2024","W",0.690435498837518
"2024","W",0.65137152269642
"2024","W",0.685236318585063
"2024","W",0.68267462005924
"2024","W",0.677740971392282
"2024","W",0.685372786358898
"2024","W",0.704277141719125
"2024","W",0.682305681360243
"2024","W",0.700389140660548
"2024","W",0.68912945999404
"2024","W",0.6734585675237
"2024","W",0.686620396087379
"2024","W",0.694585080332983
"2024","W",0.667905419343473
"2024","W",0.689264584044378
"2024","W",0.664507116284981
"2024","W",0.674355421293939
"2024","W",0.686838821918914
"2024","W",0.678882941174709
"2024","W",0.661044805271285
"2024","W",0.665408560543822
"2024","W",0.68462126638426
"2024","W",0.671793291414968
"2024","W",0.689831607599266
"2024","W",0.658194658875083
"2024","W",0.681498904995174
"2024","W",0.680238648911496
"2024","W",0.660548726678312
"2024","W",0.685440454253665
"2024","W",0.681696338313356
"2024","W",0.670429118155388
"2024","W",0.700942582067327
"2024","W",0.69469783529333
"2024","W",0.682338060483673
"2024","W",0.674577200297241
"2024","W",0.689348812309048
"2024","W",0.66136398247131
"2024","W",0.653797499322299
"2024","W",0.694486538865559
"2024","W",0.681541857544686
"2024","W",0.684401341041058
"2024","W",0.681756275240191
"2024","W",0.657141716376213
"2024","W",0.66645526173122
"2024","W",0.679206872100221
"2024","W",0.680457353121281
"2024","W",0.661973191529816
"2024","W",0.691078596255894
"2024","W",0.672751848285083
"2024","W",0.683814440348119
"2024","W",0.69865657876334
"2024","W",0.670503422967587
"2024","W",0.677395969972854
"2024","W",0.658876260904232
"2024","W",0.691360062528069
"2024","W",0.662128595984203
"2024","W",0.663771445143186
"2024","W",0.670966326707162
"2024","W",0.691071740516506
"2024","W",0.697841999121831
"2024","W",0.680935126497983
"2024","W",0.689105376432108
"2024","W",0.684017758002512
"2024","W",0.664044114587365
"2024","W",0.657123479555141
"2024","W",0.698060270954197
"2024","W",0.683613504245051
"2024","W",0.680212768261978
"2024","W",0.683520672830957
"2024","W",0.681541176982697
"2024","W",0.655202293274407
"2024","W",0.667625760521185
"2024","W",0.69139879101977
"2024","W",0.666328942123603
"2024","W",0.686428316686482
"2024","W",0.680446517502132
"2024","W",0.651823393047691
"2024","W",0.676995900799124
"2024","W",0.649112890499822
"2024","W",0.653647752735906
"2024","W",0.658285789704369
"2024","W",0.669168720933452
"2024","W",0.678315778246586
"2024","W",0.665197034176157
"2024","W",0.673635753760048
"2024","W",0.684519852287349
"2024","W",0.661680418931801
"2024","W",0.688505799797542
"2024","W",0.678548265346862
"2024","W",0.696722924035743
"2024","W",0.688552033740385
"2024","W",0.654217904578661
"2024","W",0.67675022666424
"2024","W",0.678800766929061
"2024","W",0.677888783297367
"2024","W",0.685447086779767
"2024","W",0.679846427676445
"2024","W",0.683286235711059
"2024","Norway",0.520597116108098
"2024","Norway",0.508674527195584
"2024","Norway",0.524288924216315
"2024","Norway",0.51760243151595
"2024","Norway",0.520706706828754
"2024","Norway",0.515241667813848
"2024","Norway",0.509409265340069
"2024","Norway",0.521668491516225
"2024","Norway",0.519515193912269
"2024","Norway",0.516986865195778
"2024","Norway",0.509991338013888
"2024","Norway",0.515739371720643
"2024","Norway",0.514072065534415
"2024","Norway",0.517293369732681
"2024","Norway",0.507009220471737
"2024","Norway",0.505127050313145
"2024","Norway",0.510716487026468
"2024","Norway",0.516151298923958
"2024","Norway",0.516772438235751
"2024","Norway",0.505844378146092
"2024","Norway",0.509641693725169
"2024","Norway",0.518041765815304
"2024","Norway",0.515245537325449
"2024","Norway",0.520583426732294
"2024","Norway",0.519138312342861
"2024","Norway",0.509679608342663
"2024","Norway",0.513277192755553
"2024","Norway",0.511239475778428
"2024","Norway",0.5102045879383
"2024","Norway",0.521771012294832
"2024","Norway",0.513490227746832
"2024","Norway",0.512055411735931
"2024","Norway",0.515571837023108
"2024","Norway",0.51539210895623
"2024","Norway",0.520384333042977
"2024","Norway",0.516667666794795
"2024","Norway",0.513264349839498
"2024","Norway",0.521838032179272
"2024","Norway",0.516134660142762
"2024","Norway",0.517385253549477
"2024","Norway",0.505021378238471
"2024","Norway",0.523199186742045
"2024","Norway",0.5102792500785
"2024","Norway",0.518922518549073
"2024","Norway",0.51499404339294
"2024","Norway",0.510007899208774
"2024","Norway",0.513758188485722
"2024","Norway",0.515359181788003
"2024","Norway",0.514191371529962
"2024","Norway",0.515417440203345
"2024","Norway",0.522276474514497
"2024","Norway",0.515032690299427
"2024","Norway",0.518594929997359
"2024","Norway",0.515466836159849
"2024","Norway",0.515584490795968
"2024","Norway",0.511031753377434
"2024","Norway",0.508380413615076
"2024","Norway",0.522911387849747
"2024","Norway",0.51265954274101
"2024","Norway",0.510024720913876
"2024","Norway",0.5117699880379
"2024","Norway",0.515509979473744
"2024","Norway",0.519393450583912
"2024","Norway",0.517150797088764
"2024","Norway",0.511938360156565
"2024","Norway",0.514002561526597
"2024","Norway",0.521593063135576
"2024","Norway",0.509133972286024
"2024","Norway",0.517663095759097
"2024","Norway",0.516588005086063
"2024","Norway",0.51827028256088
"2024","Norway",0.500109064307173
"2024","Norway",0.514246367062967
"2024","Norway",0.513503027720776
"2024","Norway",0.513698823168648
"2024","Norway",0.513596323595088
"2024","Norway",0.520419137879579
"2024","Norway",0.516930269314833
"2024","Norway",0.505594742592424
"2024","Norway",0.509264649129646
"2024","Norway",0.515548804129057
"2024","Norway",0.518632010349109
"2024","Norway",0.51366168293497
"2024","Norway",0.514194165512869
"2024","Norway",0.510182917064399
"2024","Norway",0.517485678228882
"2024","Norway",0.510859264721726
"2024","Norway",0.517878256341912
"2024","Norway",0.522401500501952
"2024","Norway",0.518348561429711
"2024","Norway",0.519575402736859
"2024","Norway",0.5139202349655
"2024","Norway",0.514315429676197
"2024","Norway",0.524453471951404
"2024","Norway",0.510442374682095
"2024","Norway",0.51959484301258
"2024","Norway",0.510627704046606
"2024","Norway",0.511018287876086
"2024","Norway",0.516488075126205
"2024","Norway",0.516071452477643
"2024","Norway",0.512770617957981
"2024","Norway",0.517371530445004
"2024","Norway",0.522464916837568
"2024","Norway",0.506545583913586
"2024","Norway",0.511201263953952
"2024","Norway",0.520799635958822
"2024","Norway",0.513595824501847
"2024","Norway",0.51315565228864
"2024","Norway",0.517431069984993
"2024","Norway",0.515332259307364
"2024","Norway",0.514596457321719
"2024","Norway",0.519547649425864
"2024","Norway",0.51764729751516
"2024","Norway",0.521079585729663
"2024","Norway",0.513970470132976
"2024","Norway",0.515638101463126
"2024","Norway",0.521780584424631
"2024","Norway",0.514982545122848
"2024","Norway",0.519155220515162
"2024","Norway",0.513950034453217
"2024","Norway",0.520308605940452
"2024","Norway",0.514483016170329
"2024","Norway",0.519840058123655
"2024","Norway",0.514195484699361
"2024","Norway",0.519142814102218
"2024","Norway",0.518658359851367
"2024","Norway",0.511083780223405
"2024","Norway",0.513713233337326
"2024","Norway",0.509493612172663
"2024","Norway",0.513922133328291
"2024","Norway",0.509496304316513
"2024","Norway",0.51880993970739
"2024","Norway",0.515636364589691
"2024","Norway",0.521139708278107
"2024","Norway",0.517934279537984
"2024","Norway",0.508752770468588
"2024","Norway",0.517116852830426
"2024","Norway",0.524395829638456
"2024","Norway",0.519195960153902
"2024","Norway",0.5150040803749
"2024","Norway",0.519345996383989
"2024","Norway",0.51069504541475
"2024","Norway",0.506549317275733
"2024","Norway",0.515096629052738
"2024","Norway",0.50996681948394
"2024","Norway",0.515348294852794
"2024","Norway",0.516628494108032
"2024","Norway",0.517223369227843
"2024","Norway",0.515516443103018
"2024","Norway",0.507142921961096
"2024","Norway",0.523541186206678
"2024","Norway",0.513145038643117
"2024","Norway",0.521689723854692
"2024","Norway",0.518518118544814
"2024","Norway",0.506714749955144
"2024","Norway",0.514965807349267
"2024","Norway",0.521981756290382
"2024","Norway",0.51121362391315
"2024","Norway",0.509994426890418
"2024","Norway",0.5119022001641
"2024","Norway",0.501960478097868
"2024","Norway",0.515347285987598
"2024","Norway",0.516167510369669
"2024","Norway",0.518803306386063
"2024","Norway",0.509895440597021
"2024","Norway",0.510401510666254
"2024","Norway",0.519259081742559
"2024","Norway",0.510754306431416
"2024","Norway",0.523313009748795
"2024","Norway",0.520708886294677
"2024","Norway",0.505776895794537
"2024","Norway",0.507327755862567
"2024","Norway",0.512343639382658
"2024","Norway",0.518821597630347
"2024","Norway",0.50518115025762
"2024","Norway",0.520793763931944
"2024","Norway",0.507154407500614
"2024","Norway",0.515422790790207
"2024","Norway",0.516960501982528
"2024","Norway",0.515375956786065
"2024","Norway",0.51184738489359
"2024","Norway",0.522004046946457
"2024","Norway",0.513937653876499
"2024","Norway",0.511703616083389
"2024","Norway",0.51839502088673
"2024","Norway",0.507970600112174
"2024","Norway",0.524639488622637
"2024","Norway",0.512490508412883
"2024","Norway",0.511670882713259
"2024","Norway",0.507623808848569
"2024","Norway",0.521500760612434
"2024","Norway",0.516210663834057
"2024","Norway",0.520609633601632
"2024","Norway",0.513849661901244
"2024","Norway",0.523305770664683
"2024","Norway",0.513903004058396
"2024","Norway",0.524133345965539
"2024","Norway",0.509139437468025
"2024","Norway",0.518017595783328
"2024","Norway",0.520068140990235
"2024","Norway",0.51723975611688
"2024","Norway",0.504550044393792
"2024","Norway",0.5136249988922
"2024","Norway",0.512708945048735
"2024","Norway",0.511973438502755
"2024","Norway",0.511477547584674
"2024","Norway",0.525493817575482
"2024","Norway",0.511206340323193
"2024","Norway",0.518196448972377
"2024","Norway",0.514144318581848
"2024","Norway",0.509443193653899
"2024","Norway",0.517826154606581
"2024","Norway",0.510932726721096
"2024","Norway",0.520187556176024
"2024","Norway",0.522178771735929
"2024","Norway",0.514539561068985
"2024","Norway",0.52009917018565
"2024","Norway",0.520087829196402
"2024","Norway",0.522307323530089
"2024","Norway",0.51810938103715
"2024","Norway",0.518432577430445
"2024","Norway",0.521864943181281
"2024","Norway",0.513324149244224
"2024","Norway",0.509193658183361
"2024","Norway",0.512325164456481
"2024","Norway",0.517217793281619
"2024","Norway",0.518771412715949
"2024","Norway",0.508967940301364
"2024","Norway",0.510398119497888
"2024","Norway",0.511380362922476
"2024","Norway",0.511089108196413
"2024","Norway",0.503452184907615
"2024","Norway",0.514306069150958
"2024","Norway",0.516920202470461
"2024","Norway",0.51692840878823
"2024","Norway",0.507389380132979
"2024","Norway",0.514535929755652
"2024","Norway",0.521671466537777
"2024","Norway",0.511330425418882
"2024","Norway",0.515021602549587
"2024","Norway",0.508827618914341
"2024","Norway",0.517158646426698
"2024","Norway",0.509614996677484
"2024","Norway",0.522929189394851
"2024","Norway",0.522397447500747
"2024","Norway",0.506778193511958
"2024","Norway",0.514829312452924
"2024","Norway",0.515959094122176
"2024","Norway",0.508858775876679
"2024","Norway",0.520066550648156
"2024","Norway",0.513579032346449
"2024","Norway",0.508443057148341
"2024","Norway",0.516134578866084
"2024","Norway",0.507449454042025
"2024","Norway",0.522734698304652
"2024","Norway",0.521487571042026
"2024","Norway",0.513738021897547
"2024","Norway",0.513974116452639
"2024","Norway",0.520522831390362
"2024","Norway",0.519685741808893
"2024","Norway",0.518641293461684
"2024","Norway",0.522567587718733
"2024","Norway",0.523449278733626
"2024","Norway",0.515028485790347
"2024","Norway",0.513878804369625
"2024","Norway",0.517889234093064
"2024","Norway",0.517705987572919
"2024","Norway",0.515102991001515
"2024","Norway",0.51851831035819
"2024","Norway",0.527020280159795
"2024","Norway",0.515357232785919
"2024","Norway",0.517383178650435
"2024","Norway",0.512378490714879
"2024","Norway",0.519860348324424
"2024","Norway",0.515982079719878
"2024","Norway",0.513208081285197
"2024","Norway",0.516241270331107
"2024","Norway",0.519256360125228
"2024","Norway",0.518499701436526
"2024","Norway",0.518437747078392
"2024","Norway",0.506631929784191
"2024","Norway",0.511567933706386
"2024","Norway",0.523695307023138
"2024","Norway",0.515881877007334
"2024","Norway",0.51666829950881
"2024","Norway",0.519400685289824
"2024","Norway",0.51878939774223
"2024","Norway",0.515456489077493
"2024","Norway",0.508074690570983
"2024","Norway",0.514529081175004
"2024","Norway",0.520672139749332
"2024","Norway",0.520881027210432
"2024","Norway",0.517736149122164
"2024","Norway",0.522408769620317
"2024","Norway",0.514054158518677
"2024","Norway",0.514999985990507
"2024","Norway",0.516406738508793
"2024","Norway",0.510963716775966
"2024","Norway",0.513606046394492
"2024","Norway",0.511925297897223
"2024","Norway",0.513399690714891
"2024","Norway",0.502217815427311
"2024","Norway",0.512543828968713
"2024","Norway",0.513542372234559
"2024","Norway",0.512968556767702
"2024","Norway",0.513582378678643
"2024","Norway",0.519568023548931
"2024","Norway",0.513595628571011
"2024","Norway",0.515257893039658
"2024","Norway",0.517307662210253
"2024","Norway",0.524997611955386
"2024","Norway",0.521304463100568
"2024","Norway",0.522350194270075
"2024","Norway",0.513215962028611
"2024","Norway",0.517805554885653
"2024","Norway",0.510417352583938
"2024","Norway",0.516898814116914
"2024","Norway",0.51729266501358
"2024","Norway",0.509617521092787
"2024","Norway",0.510354179253897
"2024","Norway",0.509312749219603
"2024","Norway",0.513875966157148
"2024","Norway",0.514015423580729
"2024","Norway",0.514090296157306
"2024","Norway",0.509973363880553
"2024","Norway",0.515445094396048
"2024","Norway",0.50944665255437
"2024","Norway",0.520038310043143
"2024","Norway",0.519179613341914
"2024","Norway",0.513039559532851
"2024","Norway",0.515859097354376
"2024","Norway",0.505451713296296
"2024","Norway",0.513154984562982
"2024","Norway",0.517258276562687
"2024","Norway",0.513107395542614
"2024","Norway",0.513182671918271
"2024","Norway",0.507992296027463
"2024","Norway",0.51531110359384
"2024","Norway",0.514750038989433
"2024","Norway",0.512461673479879
"2024","Norway",0.508401894605904
"2024","Norway",0.512747984738783
"2024","Norway",0.512839715996889
"2024","Norway",0.512984386765652
"2024","Norway",0.518517959111426
"2024","Norway",0.517879180273988
"2024","Norway",0.519038369560918
"2024","Norway",0.523137634775177
"2024","Norway",0.503611941974997
"2024","Norway",0.51941711326344
"2024","Norway",0.518902806899309
"2024","Norway",0.515060100845342
"2024","Norway",0.511376537967293
"2024","Norway",0.508856494729458
"2024","Norway",0.519837005276598
"2024","Norway",0.517425760785777
"2024","Norway",0.513307084138375
"2024","Norway",0.514633169785784
"2024","Norway",0.517804703929917
"2024","Norway",0.516737091944739
"2024","Norway",0.516840248279463
"2024","Norway",0.516064163514032
"2024","Norway",0.512642915731108
"2024","Norway",0.502242328597494
"2024","Norway",0.520168399428405
"2024","Norway",0.512041405130451
"2024","Norway",0.511333973131311
"2024","Norway",0.520055211209961
"2024","Norway",0.519057958811172
"2024","Norway",0.517883663830286
"2024","Norway",0.518452566075281
"2024","Norway",0.516127245976794
"2024","Norway",0.507504077882265
"2024","Norway",0.517455707967347
"2024","Norway",0.514529997887555
"2024","Norway",0.517453509488891
"2024","Norway",0.515361009914334
"2024","Norway",0.515852769786485
"2024","Norway",0.518803315789609
"2024","Norway",0.522765443827978
"2024","Norway",0.523034002094517
"2024","Norway",0.513911602118786
"2024","Norway",0.519002968487772
"2024","Norway",0.515559754941873
"2024","Norway",0.514117460134822
"2024","Norway",0.512171725909317
"2024","Norway",0.514549787188816
"2024","Norway",0.516986821981081
"2024","Norway",0.513957076359309
"2024","Norway",0.508045095862824
"2024","Norway",0.521527690727983
"2024","Norway",0.517450367489273
"2024","Norway",0.512728288583716
"2024","Norway",0.510310665677662
"2024","Norway",0.517798598740009
"2024","Norway",0.520158722536141
"2024","Norway",0.514551246387131
"2024","Norway",0.519763546210668
"2024","Norway",0.507454544254625
"2024","Norway",0.508887437146594
"2024","Norway",0.515810676005073
"2024","Norway",0.518290233253411
"2024","Norway",0.510650100353411
"2024","Norway",0.516078850275194
"2024","Norway",0.514962817862148
"2024","Norway",0.51980316792382
"2024","Norway",0.520827514078742
"2024","Norway",0.512384621759684
"2024","Norway",0.511149334355934
"2024","Norway",0.519270603184224
"2024","Norway",0.515353361467672
"2024","Norway",0.513968920905255
"2024","Norway",0.513772327924591
"2024","Norway",0.518927153987547
"2024","Norway",0.514840828426847
"2024","Norway",0.525455316429801
"2024","Norway",0.513181549484341
"2024","Norway",0.51325992834853
"2024","Norway",0.517346233145921
"2024","Norway",0.517110995878144
"2024","Norway",0.508684233749574
"2024","Norway",0.507658544860744
"2024","Norway",0.512740277898314
"2024","Norway",0.516904905339464
"2024","Norway",0.53029844973063
"2024","Norway",0.519273733861055
"2024","Norway",0.516366653001696
"2024","Norway",0.505210254082697
"2024","Norway",0.527091099676638
"2024","Norway",0.512553203672216
"2024","Norway",0.519838887703967
"2024","Norway",0.517908903816527
"2024","Norway",0.51818623429738
"2024","Norway",0.514120180271002
"2024","Norway",0.51436022831241
"2024","Norway",0.518124361602757
"2024","Norway",0.516028338485274
"2024","Norway",0.516004444461674
"2024","Norway",0.509585382950011
"2024","Norway",0.518869960786911
"2024","Norway",0.513051066620866
"2024","Norway",0.518680570287103
"2024","Norway",0.507361451950995
"2024","Norway",0.523225673915551
"2024","Norway",0.517565874830925
"2024","Norway",0.518077217268152
"2024","Norway",0.516223476248573
"2024","Norway",0.513873440451147
"2024","Norway",0.512371651810314
"2024","Norway",0.515474942574607
"2024","Norway",0.511628253279294
"2024","Norway",0.515799030356599
"2024","Norway",0.517813542260117
"2024","Norway",0.51030513731845
"2024","Norway",0.512195705252477
"2024","Norway",0.515262805254459
"2024","Norway",0.518635523043511
"2024","Norway",0.518910717370497
"2024","Norway",0.509366100067222
"2024","Norway",0.505405195669361
"2024","Norway",0.510777128174186
"2024","Norway",0.513367340225683
"2024","Norway",0.514954686817138
"2024","Norway",0.521305090792915
"2024","Norway",0.516047100751283
"2024","Norway",0.509819251182241
"2024","Norway",0.519660080093391
"2024","Norway",0.51900755626827
"2024","Norway",0.512838527133211
"2024","Norway",0.517836551323235
"2024","Norway",0.515984199140739
"2024","Norway",0.516277052698786
"2024","Norway",0.517805841298535
"2024","Norway",0.521584389498769
"2024","Norway",0.51448754704681
"2024","Norway",0.518793788018819
"2024","Norway",0.51674391800745
"2024","Norway",0.510181715578386
"2024","Norway",0.51896043330806
"2024","Norway",0.520827599337084
"2024","Norway",0.516938356568862
"2024","Norway",0.508931789326749
"2024","Norway",0.518212009269658
"2024","Norway",0.515952008211547
"2024","Norway",0.524565294923496
"2024","Norway",0.512050309120639
"2024","Norway",0.514594742061881
"2024","Norway",0.517372171029737
"2024","Norway",0.515682676562978
"2024","Norway",0.505999462976712
"2024","Norway",0.516356341072532
"2024","Norway",0.514403891570261
"2024","Norway",0.512954337699346
"2024","Norway",0.524574762436986
"2024","Norway",0.516135533497023
"2024","Norway",0.513125142389742
"2024","Norway",0.519571739458883
"2024","Norway",0.516453426561851
"2024","Norway",0.510110995926024
"2024","Norway",0.516723092480607
"2024","Norway",0.518295420530549
"2024","Norway",0.50672985853111
"2024","Norway",0.514383358952833
"2024","Norway",0.520610657435795
"2024","Norway",0.522974475898759
"2024","Norway",0.517452790536822
"2024","Norway",0.513529516254502
"2024","Norway",0.515802447836638
"2024","Norway",0.509666099883575
"2024","Norway",0.512174164335469
"2024","Norway",0.513476446667175
"2024","Norway",0.518103914412705
"2024","Norway",0.504785058273251
"2024","Norway",0.508728766811646
"2024","Norway",0.504950145232685
"2024","Norway",0.519432442159352
"2024","Norway",0.511027026319502
"2024","Norway",0.513292895424652
"2024","Norway",0.526732139304931
"2024","Norway",0.508552634876719
"2024","Norway",0.523166994939299
"2024","Norway",0.515470774110978
"2024","Norway",0.51585380762084
"2024","Norway",0.516331131602402
"2024","Norway",0.521027043638933
"2024","Norway",0.509393400994445
"2024","Norway",0.512718815116792
"2024","Norway",0.510795572703784
"2024","Norway",0.513958725699838
"2024","Norway",0.510121307527854
"2024","Norway",0.516114637598457
"2024","Norway",0.512223232986887
"2024","Norway",0.520244451603931
"2024","Norway",0.518157076815997
"2024","Norway",0.515302154530714
"2024","Norway",0.514767117076537
"2024","Norway",0.51450058061066
"2024","Norway",0.518585972695755
"2024","Norway",0.513776895347977
"2024","Norway",0.524887682677379
"2024","Norway",0.504077148989789
"2024","Norway",0.518327379281207
"2024","Norway",0.51956230194097
"2024","Norway",0.523991458033478
"2024","Norway",0.519685729006303
"2024","Norway",0.522627824668718
"2024","Norway",0.516610491043227
"2024","Norway",0.512168657023378
"2024","Norway",0.516169370908451
"2024","Norway",0.515294402291687
"2024","Norway",0.517551068617672
"2024","Norway",0.518881535904529
"2024","Norway",0.515051812359066
"2024","Norway",0.508049757838341
"2024","Norway",0.521485648568984
"2024","Norway",0.52155387090416
"2024","Norway",0.522947751101703
"2024","Norway",0.51416732617872
"2024","Norway",0.517222093414219
"2024","Norway",0.518093243932506
"2024","Norway",0.516981591326403
"2024","Norway",0.51931330576146
"2024","Norway",0.518008687924152
"2024","Norway",0.518606325167133
"2024","Norway",0.518935859106364
"2024","Norway",0.516477693334296
"2024","Norway",0.51848885543923
"2024","Norway",0.518250817007853
"2024","Norway",0.512317477518084
"2024","Norway",0.516387653978653
"2024","Norway",0.511566187549808
"2024","Norway",0.509813051769944
"2024","Norway",0.51494747089797
"2024","Norway",0.523385715278544
"2024","Norway",0.516995705394314
"2024","Norway",0.51425044372536
"2024","Norway",0.510382514846887
"2024","Norway",0.522065668750108
"2024","Norway",0.51853721859032
"2024","Norway",0.516203118420455
"2024","Norway",0.524694045093302
"2024","Norway",0.506255355230198
"2024","Norway",0.520051746187471
"2024","Norway",0.513496156813778
"2024","Norway",0.51331588501003
"2024","Norway",0.520949914138683
"2024","Norway",0.506883048958645
"2024","Norway",0.513470438006398
"2024","Norway",0.517969911237447
"2024","Norway",0.515769765574902
"2024","Norway",0.521554484565221
"2024","Norway",0.510280261282817
"2024","Norway",0.513695133746394
"2024","Norway",0.512960380129093
"2024","Norway",0.514015377027727
"2024","Norway",0.511602485801939
"2024","Norway",0.517791163332492
"2024","Norway",0.515769000899977
"2024","Norway",0.51206331515709
"2024","Norway",0.521009120039782
"2024","Norway",0.51727957260598
"2024","Norway",0.517600466516831
"2024","Norway",0.51972193194159
"2024","Norway",0.514554144766382
"2024","Norway",0.514975952853385
"2024","Norway",0.520433790224815
"2024","Norway",0.528449281266151
"2024","Norway",0.517090123886924
"2024","Norway",0.516289206447697
"2024","Norway",0.517948149319985
"2024","Norway",0.517763884707117
"2024","Norway",0.519254466283992
"2024","Norway",0.514882345317938
"2024","Norway",0.517275094711634
"2024","Norway",0.516112586059194
"2024","Norway",0.513626254923762
"2024","Norway",0.511375692980512
"2024","Norway",0.513524937332534
"2024","Norway",0.514852873831351
"2024","Norway",0.518222754930838
"2024","Norway",0.51007831048421
"2024","Norway",0.519045446412258
"2024","Norway",0.518385802274544
"2024","Norway",0.518266058300728
"2024","Norway",0.516059556848686
"2024","Norway",0.520520207708033
"2024","Norway",0.524348233697457
"2024","Norway",0.516042451702058
"2024","Norway",0.510394417132418
"2024","Norway",0.518332236147858
"2024","Norway",0.516280416735519
"2024","Norway",0.513338139097089
"2024","Norway",0.514428021806014
"2024","Norway",0.51845511685466
"2024","Norway",0.515294774256956
"2024","Norway",0.519626264307328
"2024","Norway",0.524430074029634
"2024","Norway",0.510766202946133
"2024","Norway",0.522940380847924
"2024","Norway",0.523973002449761
"2024","Norway",0.519153977487062
"2024","Norway",0.518079133667775
"2024","Norway",0.515161584098261
"2024","Norway",0.5167490416371
"2024","Norway",0.514049750028471
"2024","Norway",0.513532273103385
"2024","Norway",0.51692150915102
"2024","Norway",0.513268789256506
"2024","Norway",0.521093159457997
"2024","Norway",0.517532456317293
"2024","Norway",0.516670222065266
"2024","Norway",0.511104643316425
"2024","Norway",0.524166834803859
"2024","Norway",0.511268418286667
"2024","Norway",0.50802294674279
"2024","Norway",0.518398375434831
"2024","Norway",0.518870713048937
"2024","Norway",0.514100739372374
"2024","Norway",0.521313694258902
"2024","Norway",0.517947090782296
"2024","Norway",0.504891969893435
"2024","Norway",0.513277510017371
"2024","Norway",0.516467249877933
"2024","Norway",0.506673981986913
"2024","Norway",0.515074381820978
"2024","Norway",0.525924334330835
"2024","Norway",0.515235178067529
"2024","Norway",0.514398502698735
"2024","Norway",0.508017906918353
"2024","Norway",0.514018039734312
"2024","Norway",0.519508926963206
"2024","Norway",0.513169614450522
"2024","Norway",0.512831842672528
"2024","Norway",0.514929689992848
"2024","Norway",0.514121474517326
"2024","Norway",0.516613634786961
"2024","Norway",0.517775403505783
"2024","Norway",0.516517042200226
"2024","Norway",0.515229166727105
"2024","Norway",0.505852529581203
"2024","Norway",0.50951877689957
"2024","Norway",0.505875719230476
"2024","Norway",0.510947319257634
"2024","Norway",0.516046023473571
"2024","Norway",0.510311993774131
"2024","Norway",0.523099300889317
"2024","Norway",0.517262065330378
"2024","Norway",0.519547539560986
"2024","Norway",0.520474283764131
"2024","Norway",0.510262138781164
"2024","Norway",0.522512905852074
"2024","Norway",0.507205991170727
"2024","Norway",0.514224958845592
"2024","Norway",0.515733230149003
"2024","Norway",0.522321366385501
"2024","Norway",0.518646568761964
"2024","Norway",0.516219970134205
"2024","Norway",0.517444029190465
"2024","Norway",0.512278882893307
"2024","Norway",0.508953586432054
"2024","Norway",0.512264945597527
"2024","Norway",0.511571498542416
"2024","Norway",0.517442371332856
"2024","Norway",0.517185970298474
"2024","Norway",0.513855201672676
"2024","Norway",0.518935614343899
"2024","Norway",0.518018684056176
"2024","Norway",0.523266415399809
"2024","Norway",0.520102894914875
"2024","Norway",0.513763213694917
"2024","Norway",0.524589740636803
"2024","Norway",0.51478867106051
"2024","Norway",0.523587472069037
"2024","Norway",0.513590376061535
"2024","Norway",0.512554888642306
"2024","Norway",0.517692491014769
"2024","Norway",0.505936384853916
"2024","Norway",0.51955015058613
"2024","Norway",0.512562908785948
"2024","Norway",0.513810064462297
"2024","Norway",0.515958050811354
"2024","Norway",0.522471678017615
"2024","Norway",0.519490832217051
"2024","Norway",0.512237083316551
"2024","Norway",0.510313333069618
"2024","Norway",0.522444829569976
"2024","Norway",0.513670875652139
"2024","Norway",0.517528393968986
"2024","Norway",0.511331308630864
"2024","Norway",0.525093474279869
"2024","Norway",0.50908318838869
"2024","Norway",0.518969704594681
"2024","Norway",0.518725312629684
"2024","Norway",0.506970956339663
"2024","Norway",0.511953703413487
"2024","Norway",0.511151932839862
"2024","Norway",0.510089314775708
"2024","Norway",0.521553053514533
"2024","Norway",0.517449893434962
"2024","Norway",0.518731046610902
"2024","Norway",0.510326678355021
"2024","Norway",0.514824197011874
"2024","Norway",0.514497279421727
"2024","Norway",0.523534995106269
"2024","Norway",0.518467429743596
"2024","Norway",0.506619559972003
"2024","Norway",0.517399933180544
"2024","Norway",0.512194424313627
"2024","Norway",0.517230714648047
"2024","Norway",0.518765305687967
"2024","Norway",0.51736145292655
"2024","Norway",0.512658557317901
"2024","Norway",0.52416820372127
"2024","Norway",0.514988277233747
"2024","Norway",0.519346826312406
"2024","Norway",0.505087539128454
"2024","Norway",0.516172919934727
"2024","Norway",0.517892703289686
"2024","Norway",0.517009569197427
"2024","Norway",0.509042810310627
"2024","Norway",0.519561465299187
"2024","Norway",0.518327983414488
"2024","Norway",0.510572884702563
"2024","Norway",0.512861079946399
"2024","Norway",0.522682399141196
"2024","Norway",0.511286659710881
"2024","Norway",0.513486680231977
"2024","Norway",0.516312469451724
"2024","Norway",0.513482695506668
"2024","Norway",0.510864215581412
"2024","Norway",0.52161170149512
"2024","Norway",0.517493152853198
"2024","Norway",0.512532215386494
"2024","Norway",0.51724466422698
"2024","Norway",0.509211807849692
"2024","Norway",0.514732424784969
"2024","Norway",0.516017677687147
"2024","Norway",0.515023777827148
"2024","Norway",0.525150821232231
"2024","Norway",0.516267854952911
"2024","Norway",0.514511788451766
"2024","Norway",0.505644686972589
"2024","Norway",0.510557622478624
"2024","Norway",0.515741256468593
"2024","Norway",0.515649024099306
"2024","Norway",0.517520896634498
"2024","Norway",0.516306052002273
"2024","Norway",0.511875416455933
"2024","Norway",0.514130818120146
"2024","Norway",0.515603905295727
"2024","Norway",0.524216119100158
"2024","Norway",0.518972457771271
"2024","Norway",0.516464048138396
"2024","Norway",0.510708790208461
"2024","Norway",0.519860457030432
"2024","Norway",0.512730881058838
"2024","Norway",0.521253038980979
"2024","Norway",0.520362162000486
"2024","Norway",0.520043091599977
"2024","Norway",0.507385628332459
"2024","Norway",0.520728589626709
"2024","Norway",0.518036630525628
"2024","Norway",0.514732815459395
"2024","Norway",0.516078606654944
"2024","Norway",0.522195913223898
"2024","Norway",0.523541189318357
"2024","Norway",0.522211826189326
"2024","Norway",0.511162673568237
"2024","Norway",0.518707925830886
"2024","Norway",0.518860500335877
"2024","Norway",0.524858885608609
"2024","Norway",0.514533015856433
"2024","Norway",0.504899911915243
"2024","Norway",0.52534214386813
"2024","Norway",0.518895809508786
"2024","Norway",0.509962933362219
"2024","Norway",0.518738721384783
"2024","Norway",0.516757411232482
"2024","Norway",0.507744058814245
"2024","Norway",0.513793783875419
"2024","Norway",0.51271433744455
"2024","Norway",0.512833480885766
"2024","Norway",0.50990652942838
"2024","Norway",0.516526538773766
"2024","Norway",0.518063966885495
"2024","Norway",0.518825356051723
"2024","Norway",0.514384715208081
"2024","Norway",0.519898976393432
"2024","Norway",0.520033966701793
"2024","Norway",0.510753614272267
"2024","Norway",0.508319115035835
"2024","Norway",0.509027526361224
"2024","Norway",0.508456840887466
"2024","Norway",0.513433194006099
"2024","Norway",0.517573307880745
"2024","Norway",0.50980527924596
"2024","Norway",0.518199663973912
"2024","Norway",0.519699705663745
"2024","Norway",0.517303410646977
"2024","Norway",0.51596048893845
"2024","Norway",0.512247456888979
"2024","Norway",0.517496413248125
"2024","Norway",0.513876477095963
"2024","Norway",0.520315282235728
"2024","Norway",0.506480562009023
"2024","Norway",0.521006414947296
"2024","Norway",0.510480107076041
"2024","Norway",0.523345005470687
"2024","Norway",0.515715736187566
"2024","Norway",0.515930799647007
"2024","Norway",0.505488536682888
"2024","Norway",0.522453264046428
"2024","Norway",0.518483727056727
"2024","Norway",0.515185037017964
"2024","Norway",0.507203729884198
"2024","Norway",0.518029920723124
"2024","Norway",0.509788949456546
"2024","Norway",0.506105223376634
"2024","Norway",0.507221292166525
"2024","Norway",0.50979979784216
"2024","Norway",0.5122770136199
"2024","Norway",0.515480971220442
"2024","Norway",0.517197526654313
"2024","Norway",0.513632788676943
"2024","Norway",0.51029112875676
"2024","Norway",0.51175807241851
"2024","Norway",0.516415154603952
"2024","Norway",0.521798031107733
"2024","Norway",0.51809943297162
"2024","Norway",0.519271141112049
"2024","Norway",0.516575536785193
"2024","Norway",0.519798943050809
"2024","Norway",0.521989048304406
"2024","Norway",0.523151543776378
"2024","Norway",0.515745310773663
"2024","Norway",0.515683664062822
"2024","Norway",0.508815509626017
"2024","Norway",0.522930607554262
"2024","Norway",0.509407845603401
"2024","Norway",0.51070876538154
"2024","Norway",0.515089545889456
"2024","Norway",0.514325781209516
"2024","Norway",0.511259499439133
"2024","Norway",0.514475222553495
"2024","Norway",0.519195840912311
"2024","Norway",0.509545610452377
"2024","Norway",0.512231101800644
"2024","Norway",0.521928221565186
"2024","Norway",0.513008099097975
"2024","Norway",0.513289593418468
"2024","Norway",0.514102870432867
"2024","Norway",0.51367729326033
"2024","Norway",0.509213118719557
"2024","Norway",0.513645471022887
"2024","Norway",0.512670506638152
"2024","Norway",0.522332108691712
"2024","Norway",0.512283698980381
"2024","Norway",0.523850322033179
"2024","Norway",0.510937254339
"2024","Norway",0.514261361478544
"2024","Norway",0.516443148765851
"2024","Norway",0.503123316273458
"2024","Norway",0.514030965753739
"2024","Norway",0.515534708345619
"2024","Norway",0.516694102011956
"2024","Norway",0.511046417365299
"2024","Norway",0.515954645211055
"2024","Norway",0.518821258062057
"2024","Norway",0.517843883140443
"2024","Norway",0.511747161296206
"2024","Norway",0.519263808317777
"2024","Norway",0.519152932100463
"2024","Norway",0.513001592107543
"2024","Norway",0.511604775093018
"2024","Norway",0.51626272763503
"2024","Norway",0.513120074716898
"2024","Norway",0.511757824456603
"2024","Norway",0.519337116427341
"2024","Norway",0.510477007090162
"2024","Norway",0.508789050233304
"2024","Norway",0.508416960092372
"2024","Norway",0.510661442973385
"2024","Norway",0.516991317398252
"2024","Norway",0.515704025926995
"2024","Norway",0.517636839783674
"2024","Norway",0.518805692719269
"2024","Norway",0.522623617541096
"2024","Norway",0.519444284851339
"2024","Norway",0.510403208259037
"2024","Norway",0.518746135036191
"2024","Norway",0.521500327419915
"2024","Norway",0.504547350964322
"2024","Norway",0.513136083504827
"2024","Norway",0.51426869108857
"2024","Norway",0.528945176611649
"2024","Norway",0.513227934751815
"2024","Norway",0.514466396290804
"2024","Norway",0.518874395075148
"2024","Norway",0.516047014380037
"2024","Norway",0.513651365030047
"2024","Norway",0.509748969038518
"2024","Norway",0.516164336046809
"2024","Norway",0.517733576459031
"2024","Norway",0.518730981303916
"2024","Norway",0.516293022066406
"2024","Norway",0.514188767189
"2024","Norway",0.511356522706636
"2024","Norway",0.513792477379943
"2024","Norway",0.520871630114441
"2024","Norway",0.510877321586872
"2024","Norway",0.509118068296929
"2024","Norway",0.512123396071423
"2024","Norway",0.510828491730497
"2024","Norway",0.507753558262665
"2024","Norway",0.51160036432088
"2024","Norway",0.516815438917459
"2024","Norway",0.516665473452309
"2024","Norway",0.519878657077891
"2024","Norway",0.517336567364703
"2024","Norway",0.52236211492523
"2024","Norway",0.513777138536909
"2024","Norway",0.516135963137003
"2024","Norway",0.525281946890969
"2024","Norway",0.514672293148097
"2024","Norway",0.516496483829015
"2024","Norway",0.517839596958159
"2024","Norway",0.520495014346794
"2024","Norway",0.513106503581471
"2024","Norway",0.521400100722614
"2024","Norway",0.512175232891168
"2024","Norway",0.519420336228151
"2024","Norway",0.517644878683314
"2024","Norway",0.520310174863192
"2024","Norway",0.514816004123249
"2024","Norway",0.507869001420651
"2024","Norway",0.52216616670026
"2024","Norway",0.523706005507572
"2024","Norway",0.521489707843195
"2024","Norway",0.517972654049039
"2024","Norway",0.517615040127628
"2024","Norway",0.516003637075985
"2024","Norway",0.522410520938253
"2024","Norway",0.509171983150328
"2024","Norway",0.507887133944817
"2024","Norway",0.513379991737411
"2024","Norway",0.509599042756292
"2024","Norway",0.510553805994365
"2024","Norway",0.51956221935238
"2024","Norway",0.526361652065214
"2024","Norway",0.523458533115995
"2024","Norway",0.511049408280274
"2024","Norway",0.516930051822314
"2024","Norway",0.520400199234788
"2024","Norway",0.516855572517993
"2024","Norway",0.519277931050619
"2024","Norway",0.517177456500251
"2024","Norway",0.513058114428661
"2024","Norway",0.524753187266714
"2024","Norway",0.514939514198234
"2024","Norway",0.519368605591687
