"period","region","sampled_mean"
"2010-2014","1",0.478888078036833
"2010-2014","1",0.461108834663256
"2010-2014","1",0.469178514385092
"2010-2014","1",0.463321478532594
"2010-2014","1",0.471521368970606
"2010-2014","1",0.460993331418754
"2010-2014","1",0.478895491007813
"2010-2014","1",0.453680316996473
"2010-2014","1",0.454618731800822
"2010-2014","1",0.466174874979497
"2010-2014","1",0.459041741708618
"2010-2014","1",0.482424928150463
"2010-2014","1",0.466448202440468
"2010-2014","1",0.471705366936876
"2010-2014","1",0.463938638768358
"2010-2014","1",0.474631071504859
"2010-2014","1",0.476867387283458
"2010-2014","1",0.475424268345764
"2010-2014","1",0.462835858863565
"2010-2014","1",0.44690364348414
"2010-2014","1",0.455297139434653
"2010-2014","1",0.461888379531678
"2010-2014","1",0.461329865452499
"2010-2014","1",0.473132987025653
"2010-2014","1",0.45169608693915
"2010-2014","1",0.461884676504881
"2010-2014","1",0.466714273339362
"2010-2014","1",0.45523467122454
"2010-2014","1",0.454758940280554
"2010-2014","1",0.473889215130317
"2010-2014","1",0.463944553871243
"2010-2014","1",0.469086902550584
"2010-2014","1",0.470495831999731
"2010-2014","1",0.46185651025694
"2010-2014","1",0.467548812769337
"2010-2014","1",0.463001198333182
"2010-2014","1",0.477163740162624
"2010-2014","1",0.467242212443803
"2010-2014","1",0.472457854416321
"2010-2014","1",0.456563700530077
"2010-2014","1",0.450260467452577
"2010-2014","1",0.458467378544742
"2010-2014","1",0.464544139471395
"2010-2014","1",0.473884795987279
"2010-2014","1",0.447635442423876
"2010-2014","1",0.467517309851383
"2010-2014","1",0.449161842839824
"2010-2014","1",0.451926892496358
"2010-2014","1",0.468384159004126
"2010-2014","1",0.47310818535052
"2010-2014","1",0.474995844794245
"2010-2014","1",0.449866464217175
"2010-2014","1",0.470147085466934
"2010-2014","1",0.482505437889454
"2010-2014","1",0.468737234249729
"2010-2014","1",0.459458122701886
"2010-2014","1",0.462638482232224
"2010-2014","1",0.458889617324519
"2010-2014","1",0.471282507348184
"2010-2014","1",0.46342631666928
"2010-2014","1",0.471178810173887
"2010-2014","1",0.467693366108912
"2010-2014","1",0.477943307581016
"2010-2014","1",0.459997429428443
"2010-2014","1",0.470647598114214
"2010-2014","1",0.469035688231634
"2010-2014","1",0.475501072871701
"2010-2014","1",0.465249464627946
"2010-2014","1",0.464213302461312
"2010-2014","1",0.470858788019046
"2010-2014","1",0.459786014567999
"2010-2014","1",0.445817145505161
"2010-2014","1",0.476773279871238
"2010-2014","1",0.465470504973074
"2010-2014","1",0.469770391664678
"2010-2014","1",0.473532415831792
"2010-2014","1",0.475470158467176
"2010-2014","1",0.461654123937109
"2010-2014","1",0.464618156284474
"2010-2014","1",0.470962516573094
"2010-2014","1",0.451191256761646
"2010-2014","1",0.4702098304488
"2010-2014","1",0.474580765348534
"2010-2014","1",0.467957459928058
"2010-2014","1",0.466885502267388
"2010-2014","1",0.479864512982952
"2010-2014","1",0.468627650593386
"2010-2014","1",0.465736668332542
"2010-2014","1",0.472629775977497
"2010-2014","1",0.457468844393217
"2010-2014","1",0.464691764060588
"2010-2014","1",0.4478557780911
"2010-2014","1",0.461420174100529
"2010-2014","1",0.478012277144272
"2010-2014","1",0.468483688495903
"2010-2014","1",0.47029622740884
"2010-2014","1",0.46261109246031
"2010-2014","1",0.457682023058571
"2010-2014","1",0.460945874386709
"2010-2014","1",0.459716865950595
"2010-2014","1",0.455776570794271
"2010-2014","1",0.465760424227148
"2010-2014","1",0.462407101225824
"2010-2014","1",0.45357135666695
"2010-2014","1",0.46771229580937
"2010-2014","1",0.45333749905173
"2010-2014","1",0.459482937753518
"2010-2014","1",0.468937351531443
"2010-2014","1",0.473877421451081
"2010-2014","1",0.466170231095827
"2010-2014","1",0.448107568111319
"2010-2014","1",0.454891332874549
"2010-2014","1",0.469477703064742
"2010-2014","1",0.459630096055853
"2010-2014","1",0.460395447643149
"2010-2014","1",0.464209908449175
"2010-2014","1",0.469610751285132
"2010-2014","1",0.465337292377655
"2010-2014","1",0.458870087529203
"2010-2014","1",0.453266092902582
"2010-2014","1",0.447063639188528
"2010-2014","1",0.462450563426265
"2010-2014","1",0.457019778114011
"2010-2014","1",0.462449753602869
"2010-2014","1",0.45814106269209
"2010-2014","1",0.457920907186074
"2010-2014","1",0.472404956662463
"2010-2014","1",0.471647478044716
"2010-2014","1",0.464166377381675
"2010-2014","1",0.461722330751002
"2010-2014","1",0.471492049925452
"2010-2014","1",0.468916601498963
"2010-2014","1",0.47472323374098
"2010-2014","1",0.468309282947371
"2010-2014","1",0.469862712965606
"2010-2014","1",0.467403810647859
"2010-2014","1",0.452565371727603
"2010-2014","1",0.475831473539391
"2010-2014","1",0.467855915489109
"2010-2014","1",0.473482400546562
"2010-2014","1",0.452648969120181
"2010-2014","1",0.452741078042742
"2010-2014","1",0.456526194950642
"2010-2014","1",0.449636523102045
"2010-2014","1",0.458819153042473
"2010-2014","1",0.452718525820179
"2010-2014","1",0.466018352108764
"2010-2014","1",0.464142680166652
"2010-2014","1",0.461887829663942
"2010-2014","1",0.478971476353656
"2010-2014","1",0.458215869847506
"2010-2014","1",0.443392515634196
"2010-2014","1",0.469531770346049
"2010-2014","1",0.450825355834547
"2010-2014","1",0.466444556424963
"2010-2014","1",0.465369694603051
"2010-2014","1",0.462051021199774
"2010-2014","1",0.472682998727348
"2010-2014","1",0.47221473011238
"2010-2014","1",0.453555001748411
"2010-2014","1",0.476908163370526
"2010-2014","1",0.450121755093978
"2010-2014","1",0.462717121527444
"2010-2014","1",0.464697796941244
"2010-2014","1",0.463014937484475
"2010-2014","1",0.461868866345883
"2010-2014","1",0.465168032476785
"2010-2014","1",0.462775417938917
"2010-2014","1",0.468738082606576
"2010-2014","1",0.47094679687757
"2010-2014","1",0.473560967575451
"2010-2014","1",0.473717724543618
"2010-2014","1",0.452270984552693
"2010-2014","1",0.461068941320023
"2010-2014","1",0.475852239514341
"2010-2014","1",0.463630920577386
"2010-2014","1",0.461355154255307
"2010-2014","1",0.468126242714363
"2010-2014","1",0.457580587738149
"2010-2014","1",0.459609009744851
"2010-2014","1",0.452202358985312
"2010-2014","1",0.482201240564738
"2010-2014","1",0.475250735372489
"2010-2014","1",0.475465896700016
"2010-2014","1",0.472541358234388
"2010-2014","1",0.469390258886692
"2010-2014","1",0.466838252372783
"2010-2014","1",0.449595126544427
"2010-2014","1",0.476374053685731
"2010-2014","1",0.475541260440543
"2010-2014","1",0.471057361384373
"2010-2014","1",0.461542940900066
"2010-2014","1",0.466031612035778
"2010-2014","1",0.472035791829957
"2010-2014","1",0.4795610465244
"2010-2014","1",0.450502619704778
"2010-2014","1",0.467547045845154
"2010-2014","1",0.455518168720437
"2010-2014","1",0.444562777556174
"2010-2014","1",0.453011785922357
"2010-2014","1",0.471670659377147
"2010-2014","1",0.459605324282386
"2010-2014","1",0.476089627081587
"2010-2014","1",0.465073463598785
"2010-2014","1",0.456312375126996
"2010-2014","1",0.467298212941632
"2010-2014","1",0.459096683621277
"2010-2014","1",0.461212059859574
"2010-2014","1",0.468101537878061
"2010-2014","1",0.462885006251243
"2010-2014","1",0.45371611417663
"2010-2014","1",0.467783923588618
"2010-2014","1",0.480496506194418
"2010-2014","1",0.478135671983903
"2010-2014","1",0.4575105527369
"2010-2014","1",0.450190055571303
"2010-2014","1",0.47614501913848
"2010-2014","1",0.45730129661838
"2010-2014","1",0.477583521466234
"2010-2014","1",0.463579305323525
"2010-2014","1",0.476149926696909
"2010-2014","1",0.465102490663858
"2010-2014","1",0.474053206523662
"2010-2014","1",0.474794342552653
"2010-2014","1",0.457054753899498
"2010-2014","1",0.473490592800573
"2010-2014","1",0.461765273880555
"2010-2014","1",0.4693817530596
"2010-2014","1",0.458878574789438
"2010-2014","1",0.474899586667308
"2010-2014","1",0.459938194046802
"2010-2014","1",0.459554520649687
"2010-2014","1",0.46483774573985
"2010-2014","1",0.45441560109116
"2010-2014","1",0.466008804778779
"2010-2014","1",0.457023527733434
"2010-2014","1",0.47753357341253
"2010-2014","1",0.464303225181347
"2010-2014","1",0.455623484094112
"2010-2014","1",0.457642440381526
"2010-2014","1",0.472723014420652
"2010-2014","1",0.473535327044647
"2010-2014","1",0.462342853534975
"2010-2014","1",0.474810757230822
"2010-2014","1",0.453353901963983
"2010-2014","1",0.473732216541466
"2010-2014","1",0.463957186623681
"2010-2014","1",0.464885487058876
"2010-2014","1",0.460226468468548
"2010-2014","1",0.466356037627968
"2010-2014","1",0.468844988650412
"2010-2014","1",0.454226117266953
"2010-2014","1",0.479609859384649
"2010-2014","1",0.456024603252247
"2010-2014","1",0.453186446009667
"2010-2014","1",0.459327880263914
"2010-2014","1",0.463597594115093
"2010-2014","1",0.458936422256783
"2010-2014","1",0.463175933491429
"2010-2014","1",0.474453989183718
"2010-2014","1",0.47313635224106
"2010-2014","1",0.461444491518292
"2010-2014","1",0.454610193340795
"2010-2014","1",0.465799247787893
"2010-2014","1",0.46805248392474
"2010-2014","1",0.477902259637355
"2010-2014","1",0.465329008205135
"2010-2014","1",0.456492602027743
"2010-2014","1",0.46881945237057
"2010-2014","1",0.46242446000233
"2010-2014","1",0.470647403085591
"2010-2014","1",0.458805961623605
"2010-2014","1",0.472349236261921
"2010-2014","1",0.467640922941407
"2010-2014","1",0.463396555487978
"2010-2014","1",0.468526483150627
"2010-2014","1",0.469603044644258
"2010-2014","1",0.461316404598597
"2010-2014","1",0.466528556513939
"2010-2014","1",0.474018714932264
"2010-2014","1",0.471252879923195
"2010-2014","1",0.470868435701754
"2010-2014","1",0.464115336055765
"2010-2014","1",0.461757770530394
"2010-2014","1",0.461126968534978
"2010-2014","1",0.458975255039616
"2010-2014","1",0.458118307074108
"2010-2014","1",0.468289132447019
"2010-2014","1",0.45736567483795
"2010-2014","1",0.458554794529082
"2010-2014","1",0.454301881055918
"2010-2014","1",0.459989642907113
"2010-2014","1",0.469774907260287
"2010-2014","1",0.476258320248152
"2010-2014","1",0.462978893362742
"2010-2014","1",0.469398149828034
"2010-2014","1",0.477942646037938
"2010-2014","1",0.451194620815904
"2010-2014","1",0.474381046484223
"2010-2014","1",0.467290364647907
"2010-2014","1",0.474422491384209
"2010-2014","1",0.474203804586138
"2010-2014","1",0.459094292965871
"2010-2014","1",0.449183842964384
"2010-2014","1",0.445018120075846
"2010-2014","1",0.467016266620995
"2010-2014","1",0.456049066633361
"2010-2014","1",0.459901433622847
"2010-2014","1",0.471817371964036
"2010-2014","1",0.474149123783184
"2010-2014","1",0.458108282594212
"2010-2014","1",0.475110722566999
"2010-2014","1",0.4671309267451
"2010-2014","1",0.472956677821426
"2010-2014","1",0.466711481950375
"2010-2014","1",0.460582352187362
"2010-2014","1",0.466565200489493
"2010-2014","1",0.454411885738841
"2010-2014","1",0.472199580245531
"2010-2014","1",0.451509043660085
"2010-2014","1",0.47807242058385
"2010-2014","1",0.463694042518
"2010-2014","1",0.457799757797466
"2010-2014","1",0.471009385397107
"2010-2014","1",0.475525073112608
"2010-2014","1",0.457456460158821
"2010-2014","1",0.470151361278701
"2010-2014","1",0.46361229610897
"2010-2014","1",0.479022862396835
"2010-2014","1",0.462606828486295
"2010-2014","1",0.466559352724795
"2010-2014","1",0.470527313963977
"2010-2014","1",0.4653255290337
"2010-2014","1",0.464126095382899
"2010-2014","1",0.471285445445542
"2010-2014","1",0.476252833948792
"2010-2014","1",0.460625830809968
"2010-2014","1",0.447517175840988
"2010-2014","1",0.459524709176056
"2010-2014","1",0.473004325722114
"2010-2014","1",0.467082925727172
"2010-2014","1",0.460652548003453
"2010-2014","1",0.465403975490431
"2010-2014","1",0.457673261696668
"2010-2014","1",0.463078072870207
"2010-2014","1",0.449381649278248
"2010-2014","1",0.468256220995747
"2010-2014","1",0.465573933801846
"2010-2014","1",0.456854120232466
"2010-2014","1",0.455285312853505
"2010-2014","1",0.460184043582666
"2010-2014","1",0.470193661122609
"2010-2014","1",0.455102389963365
"2010-2014","1",0.464955649630099
"2010-2014","1",0.46521846437972
"2010-2014","1",0.449830333118905
"2010-2014","1",0.455566992511005
"2010-2014","1",0.457290368961425
"2010-2014","1",0.477228725626752
"2010-2014","1",0.469165451953943
"2010-2014","1",0.464301813978859
"2010-2014","1",0.442696050144286
"2010-2014","1",0.461020168013758
"2010-2014","1",0.466329616894904
"2010-2014","1",0.472293990640872
"2010-2014","1",0.461028137482114
"2010-2014","1",0.470827753304785
"2010-2014","1",0.45143470903177
"2010-2014","1",0.465034939903803
"2010-2014","1",0.453042342292245
"2010-2014","1",0.469966734202256
"2010-2014","1",0.466268436201094
"2010-2014","1",0.463236904257768
"2010-2014","1",0.454572434525844
"2010-2014","1",0.467577437603323
"2010-2014","1",0.469680173323717
"2010-2014","1",0.467536698124838
"2010-2014","1",0.45664833438344
"2010-2014","1",0.462252835353133
"2010-2014","1",0.455480658815917
"2010-2014","1",0.459690855788472
"2010-2014","1",0.461775177720714
"2010-2014","1",0.453969735767698
"2010-2014","1",0.453898656131123
"2010-2014","1",0.47558342242013
"2010-2014","1",0.459380236096327
"2010-2014","1",0.461652615746868
"2010-2014","1",0.458523745098817
"2010-2014","1",0.469823603016883
"2010-2014","1",0.464048566634726
"2010-2014","1",0.464062043547819
"2010-2014","1",0.469969220997757
"2010-2014","1",0.463559828432068
"2010-2014","1",0.449791730744768
"2010-2014","1",0.453299760184275
"2010-2014","1",0.464491875324421
"2010-2014","1",0.45695224378627
"2010-2014","1",0.461605916600554
"2010-2014","1",0.470285283833546
"2010-2014","1",0.451428845914743
"2010-2014","1",0.467398748069153
"2010-2014","1",0.458683039837606
"2010-2014","1",0.460393363945511
"2010-2014","1",0.461399462003237
"2010-2014","1",0.463540622801821
"2010-2014","1",0.453814085514307
"2010-2014","1",0.457940292244951
"2010-2014","1",0.45605438750874
"2010-2014","1",0.453617533503548
"2010-2014","1",0.46969314049964
"2010-2014","1",0.462019834667544
"2010-2014","1",0.464090782048424
"2010-2014","1",0.467492129639294
"2010-2014","1",0.476075013831014
"2010-2014","1",0.468133186243487
"2010-2014","1",0.466695870267882
"2010-2014","1",0.456419954213103
"2010-2014","1",0.466360768452153
"2010-2014","1",0.451547698721588
"2010-2014","1",0.462535597746298
"2010-2014","1",0.455777630427748
"2010-2014","1",0.466842333839096
"2010-2014","1",0.463095326458465
"2010-2014","1",0.442012944410413
"2010-2014","1",0.459385153106938
"2010-2014","1",0.462789277647775
"2010-2014","1",0.477126794465531
"2010-2014","1",0.471555894876538
"2010-2014","1",0.473421128405875
"2010-2014","1",0.460451396122761
"2010-2014","1",0.475040434702359
"2010-2014","1",0.45066035036954
"2010-2014","1",0.473299301608094
"2010-2014","1",0.478471389971347
"2010-2014","1",0.479730144098837
"2010-2014","1",0.461932369625267
"2010-2014","1",0.465501519420618
"2010-2014","1",0.460308136658266
"2010-2014","1",0.44335295526243
"2010-2014","1",0.468652714536949
"2010-2014","1",0.460074452982019
"2010-2014","1",0.457799079704703
"2010-2014","1",0.46414376501139
"2010-2014","1",0.466019775814831
"2010-2014","1",0.470541685604485
"2010-2014","1",0.464975623360093
"2010-2014","1",0.477944090568074
"2010-2014","1",0.459529519871304
"2010-2014","1",0.47409720100251
"2010-2014","1",0.476868318882169
"2010-2014","1",0.46119179546723
"2010-2014","1",0.4608187211125
"2010-2014","1",0.46153358417203
"2010-2014","1",0.469567995679883
"2010-2014","1",0.47824543886466
"2010-2014","1",0.469590956456862
"2010-2014","1",0.465767112153617
"2010-2014","1",0.454752201487859
"2010-2014","1",0.467818758962032
"2010-2014","1",0.473053535256569
"2010-2014","1",0.461805382709904
"2010-2014","1",0.457426079252724
"2010-2014","1",0.468400838532754
"2010-2014","1",0.464126969656968
"2010-2014","1",0.451028850922983
"2010-2014","1",0.46985208018508
"2010-2014","1",0.468220651004521
"2010-2014","1",0.461797164212
"2010-2014","1",0.45934283517655
"2010-2014","1",0.468002192283042
"2010-2014","1",0.461963220895352
"2010-2014","1",0.49857329853322
"2010-2014","1",0.477626482141095
"2010-2014","1",0.464697716798166
"2010-2014","1",0.466303406193455
"2010-2014","1",0.475125361605654
"2010-2014","1",0.468780308363073
"2010-2014","1",0.44843496625572
"2010-2014","1",0.466152478357525
"2010-2014","1",0.461349818031406
"2010-2014","1",0.45586191261383
"2010-2014","1",0.478311392160762
"2010-2014","1",0.462584928333301
"2010-2014","1",0.46788022049075
"2010-2014","1",0.464089440497171
"2010-2014","1",0.461528328860635
"2010-2014","1",0.467452820331647
"2010-2014","1",0.463610966734262
"2010-2014","1",0.46345021430553
"2010-2014","1",0.469889214496017
"2010-2014","1",0.472992931124085
"2010-2014","1",0.456527133752074
"2010-2014","1",0.477417660640323
"2010-2014","1",0.462795179794565
"2010-2014","1",0.437246103848261
"2010-2014","1",0.469319609180465
"2010-2014","1",0.456680819999298
"2010-2014","1",0.45352931693095
"2010-2014","1",0.460166659640351
"2010-2014","1",0.446113891687583
"2010-2014","1",0.468497223043079
"2010-2014","1",0.462407925217284
"2010-2014","1",0.461060836771892
"2010-2014","1",0.446816886710064
"2010-2014","1",0.452319130171184
"2010-2014","1",0.456372746559042
"2010-2014","1",0.463878283364922
"2010-2014","1",0.470621170460981
"2010-2014","1",0.478021421595783
"2010-2014","1",0.45178244423891
"2010-2014","1",0.476524670751435
"2010-2014","1",0.453316967551139
"2010-2014","1",0.471814922813447
"2010-2014","1",0.458168435073962
"2010-2014","1",0.470166033007832
"2010-2014","1",0.473889422922674
"2010-2014","1",0.452606628145554
"2010-2014","1",0.458791332756435
"2010-2014","1",0.459751363248924
"2010-2014","1",0.472525241847178
"2010-2014","1",0.444859850049756
"2010-2014","1",0.471924690901336
"2010-2014","1",0.450259853224849
"2010-2014","1",0.457171338406556
"2010-2014","1",0.453221981922542
"2010-2014","1",0.459393317372728
"2010-2014","1",0.464299557171097
"2010-2014","1",0.463262481733519
"2010-2014","1",0.459207277059315
"2010-2014","1",0.470851545624043
"2010-2014","1",0.458500164877058
"2010-2014","1",0.471127719871487
"2010-2014","1",0.464983029676136
"2010-2014","1",0.453978610087927
"2010-2014","1",0.47177144921337
"2010-2014","1",0.459495050550918
"2010-2014","1",0.463980189547927
"2010-2014","1",0.4606154320542
"2010-2014","1",0.460143281846593
"2010-2014","1",0.461878698294373
"2010-2014","1",0.470152736009545
"2010-2014","1",0.459121420338669
"2010-2014","1",0.453381613888219
"2010-2014","1",0.484792617526036
"2010-2014","1",0.458950925169423
"2010-2014","1",0.469738960917881
"2010-2014","1",0.462227415037212
"2010-2014","1",0.455652675726419
"2010-2014","1",0.468330279076736
"2010-2014","1",0.457656732413039
"2010-2014","1",0.44741355617614
"2010-2014","1",0.458609303562179
"2010-2014","1",0.445079585269536
"2010-2014","1",0.46590465461758
"2010-2014","1",0.466124654850242
"2010-2014","1",0.469007912755143
"2010-2014","1",0.466090315590007
"2010-2014","1",0.463572159655367
"2010-2014","1",0.474473653654493
"2010-2014","1",0.481929136932102
"2010-2014","1",0.469829778981211
"2010-2014","1",0.452737658792172
"2010-2014","1",0.451168886744281
"2010-2014","1",0.460196036053951
"2010-2014","1",0.470598425954659
"2010-2014","1",0.463728390505689
"2010-2014","1",0.475676712137605
"2010-2014","1",0.461562798805954
"2010-2014","1",0.44553338762019
"2010-2014","1",0.461980011606921
"2010-2014","1",0.467861895098288
"2010-2014","1",0.462912215208954
"2010-2014","1",0.473292275186496
"2010-2014","1",0.466747787229895
"2010-2014","1",0.469653486901533
"2010-2014","1",0.463393899387057
"2010-2014","1",0.465003774154461
"2010-2014","1",0.473511548329092
"2010-2014","1",0.462494034450588
"2010-2014","1",0.459232131294551
"2010-2014","1",0.466804812335068
"2010-2014","1",0.470222066729467
"2010-2014","1",0.462145199259588
"2010-2014","1",0.474810948068083
"2010-2014","1",0.474724593205056
"2010-2014","1",0.46147702023079
"2010-2014","1",0.467023257619095
"2010-2014","1",0.481146915353694
"2010-2014","1",0.46588993232237
"2010-2014","1",0.461848551660724
"2010-2014","1",0.466734844902763
"2010-2014","1",0.464340766117377
"2010-2014","1",0.451494372760143
"2010-2014","1",0.467549277487063
"2010-2014","1",0.47298318279856
"2010-2014","1",0.478981804722206
"2010-2014","1",0.446075832913578
"2010-2014","1",0.468308271224088
"2010-2014","1",0.468448382112537
"2010-2014","1",0.462707290377196
"2010-2014","1",0.474021016234867
"2010-2014","1",0.47095988961345
"2010-2014","1",0.47545151809055
"2010-2014","1",0.462463651965063
"2010-2014","1",0.474041832208627
"2010-2014","1",0.472730414509956
"2010-2014","1",0.466053038742854
"2010-2014","1",0.457572413127529
"2010-2014","1",0.468223611259469
"2010-2014","1",0.458329770640898
"2010-2014","1",0.452038174238771
"2010-2014","1",0.473553302241016
"2010-2014","1",0.463257248106652
"2010-2014","1",0.470108167334943
"2010-2014","1",0.453372953673521
"2010-2014","1",0.47233509755933
"2010-2014","1",0.454068838760602
"2010-2014","1",0.460833923997185
"2010-2014","1",0.465177631575206
"2010-2014","1",0.460301177638638
"2010-2014","1",0.473701013545035
"2010-2014","1",0.457211850961133
"2010-2014","1",0.465705071150315
"2010-2014","1",0.461054881892063
"2010-2014","1",0.454579141762685
"2010-2014","1",0.477197176443087
"2010-2014","1",0.457763778790986
"2010-2014","1",0.477664962240547
"2010-2014","1",0.46505061117765
"2010-2014","1",0.453233985586617
"2010-2014","1",0.459838609756057
"2010-2014","1",0.467799915422725
"2010-2014","1",0.471779660365889
"2010-2014","1",0.466453024848001
"2010-2014","1",0.453828065947641
"2010-2014","1",0.450865871084116
"2010-2014","1",0.465307758581671
"2010-2014","1",0.454831555628383
"2010-2014","1",0.454136404262817
"2010-2014","1",0.455146657706869
"2010-2014","1",0.448563054040271
"2010-2014","1",0.478784742853265
"2010-2014","1",0.478949833707401
"2010-2014","1",0.460461868730382
"2010-2014","1",0.472502976313566
"2010-2014","1",0.471233834528746
"2010-2014","1",0.452429399876047
"2010-2014","1",0.470652248348479
"2010-2014","1",0.445800434631387
"2010-2014","1",0.460680760065975
"2010-2014","1",0.46959380166443
"2010-2014","1",0.452201660591753
"2010-2014","1",0.462711632814213
"2010-2014","1",0.457340736133271
"2010-2014","1",0.447882389208144
"2010-2014","1",0.46704551196527
"2010-2014","1",0.468110176024153
"2010-2014","1",0.446175464925261
"2010-2014","1",0.4693933678209
"2010-2014","1",0.450244721719659
"2010-2014","1",0.456534434170403
"2010-2014","1",0.47476270665451
"2010-2014","1",0.472704710164457
"2010-2014","1",0.470945720059538
"2010-2014","1",0.470410621294001
"2010-2014","1",0.469285277791674
"2010-2014","1",0.457047776363696
"2010-2014","1",0.458806942344005
"2010-2014","1",0.474485567774116
"2010-2014","1",0.468893174072285
"2010-2014","1",0.467812874477619
"2010-2014","1",0.471807550146823
"2010-2014","1",0.455996670889159
"2010-2014","1",0.46551242958451
"2010-2014","1",0.472639786866475
"2010-2014","1",0.473289187117591
"2010-2014","1",0.471805969456213
"2010-2014","1",0.449632974393528
"2010-2014","1",0.458199531316367
"2010-2014","1",0.457554668536891
"2010-2014","1",0.452759480120328
"2010-2014","1",0.468647275384544
"2010-2014","1",0.46036384094074
"2010-2014","1",0.468292995911682
"2010-2014","1",0.463455871795314
"2010-2014","1",0.462438562514655
"2010-2014","1",0.46988150614844
"2010-2014","1",0.447996620285787
"2010-2014","1",0.483189389042131
"2010-2014","1",0.463823544272915
"2010-2014","1",0.448493150363271
"2010-2014","1",0.474433680684619
"2010-2014","1",0.471281838017465
"2010-2014","1",0.455014322295919
"2010-2014","1",0.469659669672428
"2010-2014","1",0.474927619059626
"2010-2014","1",0.456126465712544
"2010-2014","1",0.461564731479129
"2010-2014","1",0.464519991272542
"2010-2014","1",0.472157902491543
"2010-2014","1",0.463810419915265
"2010-2014","1",0.457590714281365
"2010-2014","1",0.458263712942875
"2010-2014","1",0.465662130975782
"2010-2014","1",0.454683306868135
"2010-2014","1",0.462568945003813
"2010-2014","1",0.455741040095282
"2010-2014","1",0.477635016550152
"2010-2014","1",0.453054046017434
"2010-2014","1",0.450752037867434
"2010-2014","1",0.471683700122965
"2010-2014","1",0.459573894304234
"2010-2014","1",0.475036431024908
"2010-2014","1",0.454098872729118
"2010-2014","1",0.458259508339217
"2010-2014","1",0.465624555962622
"2010-2014","1",0.462236052404368
"2010-2014","1",0.464359559628291
"2010-2014","1",0.466901014142472
"2010-2014","1",0.459806895379918
"2010-2014","1",0.460276771484566
"2010-2014","1",0.463707032697117
"2010-2014","1",0.464012735511547
"2010-2014","1",0.454785007084636
"2010-2014","1",0.479157153111665
"2010-2014","1",0.469695338371683
"2010-2014","1",0.458189328114008
"2010-2014","1",0.460291411992626
"2010-2014","1",0.464591145144979
"2010-2014","1",0.458524944165175
"2010-2014","1",0.462719492091145
"2010-2014","1",0.455442355491424
"2010-2014","1",0.456810817173354
"2010-2014","1",0.465029502001174
"2010-2014","1",0.453955449457931
"2010-2014","1",0.458690341063184
"2010-2014","1",0.44792035377383
"2010-2014","1",0.463938318989877
"2010-2014","1",0.460126379198063
"2010-2014","1",0.46405412559603
"2010-2014","1",0.465133039133467
"2010-2014","1",0.457888617684923
"2010-2014","1",0.464794602294694
"2010-2014","1",0.473964940608621
"2010-2014","1",0.467945682802746
"2010-2014","1",0.451506330215253
"2010-2014","1",0.463604649243091
"2010-2014","1",0.451415087478122
"2010-2014","1",0.438035197289473
"2010-2014","1",0.477337511017356
"2010-2014","1",0.462483055528272
"2010-2014","1",0.468087053915771
"2010-2014","1",0.470100856270948
"2010-2014","1",0.481997492403992
"2010-2014","1",0.457166909068438
"2010-2014","1",0.464794034041957
"2010-2014","1",0.461427512909679
"2010-2014","1",0.470003598350571
"2010-2014","1",0.474254767754104
"2010-2014","1",0.469030817556666
"2010-2014","1",0.469979093203771
"2010-2014","1",0.476411257920534
"2010-2014","1",0.470505698391146
"2010-2014","1",0.445593284159195
"2010-2014","1",0.471120317711731
"2010-2014","1",0.461046548227253
"2010-2014","1",0.451564762617075
"2010-2014","1",0.470825840008369
"2010-2014","1",0.470267562916619
"2010-2014","1",0.459478816181842
"2010-2014","1",0.473359909581277
"2010-2014","1",0.45941032307495
"2010-2014","1",0.450584038951671
"2010-2014","1",0.469045613122699
"2010-2014","1",0.470542757127567
"2010-2014","1",0.472699494688705
"2010-2014","1",0.465465430879003
"2010-2014","1",0.456721968287934
"2010-2014","1",0.466857855836327
"2010-2014","1",0.476930015004624
"2010-2014","1",0.476630729949248
"2010-2014","1",0.464263912799694
"2010-2014","1",0.461387752144346
"2010-2014","1",0.465942751567272
"2010-2014","1",0.445913668887466
"2010-2014","1",0.457362512232539
"2010-2014","1",0.45883618351519
"2010-2014","1",0.468646143132284
"2010-2014","1",0.459566414578846
"2010-2014","1",0.45183701757888
"2010-2014","1",0.461365389680026
"2010-2014","1",0.483997894453158
"2010-2014","1",0.470567733580059
"2010-2014","1",0.458584071090938
"2010-2014","1",0.464987259917573
"2010-2014","1",0.456952280371426
"2010-2014","1",0.453625395355419
"2010-2014","1",0.487025565588139
"2010-2014","1",0.459769877223884
"2010-2014","1",0.451409471355727
"2010-2014","1",0.463857417461978
"2010-2014","1",0.462687584128871
"2010-2014","1",0.444823102701189
"2010-2014","1",0.463531294324994
"2010-2014","1",0.469924541819827
"2010-2014","1",0.443966693048803
"2010-2014","1",0.466019966583542
"2010-2014","1",0.472227578180504
"2010-2014","1",0.462032038705225
"2010-2014","1",0.46236633766415
"2010-2014","1",0.459267085962428
"2010-2014","1",0.474489918728809
"2010-2014","1",0.471914930044723
"2010-2014","1",0.463212669078721
"2010-2014","1",0.478099355434106
"2010-2014","1",0.477779908062108
"2010-2014","1",0.45977512430032
"2010-2014","1",0.455248379992382
"2010-2014","1",0.475952717763593
"2010-2014","1",0.465333912074027
"2010-2014","1",0.456635002776513
"2010-2014","1",0.463912068813686
"2010-2014","1",0.45669699678371
"2010-2014","1",0.457514418889762
"2010-2014","1",0.46963787740917
"2010-2014","1",0.465252137971437
"2010-2014","1",0.481837287524077
"2010-2014","1",0.459371366273377
"2010-2014","1",0.451658453353422
"2010-2014","1",0.467228976293139
"2010-2014","1",0.464806293278573
"2010-2014","1",0.460564435717813
"2010-2014","1",0.468504139182576
"2010-2014","1",0.46684517369863
"2010-2014","1",0.476270708727577
"2010-2014","1",0.469620650247952
"2010-2014","1",0.473000151061321
"2010-2014","1",0.466492775689747
"2010-2014","1",0.465168599217132
"2010-2014","1",0.460536121913552
"2010-2014","1",0.477348308521189
"2010-2014","1",0.458423115422483
"2010-2014","1",0.451371738014712
"2010-2014","1",0.463611195741117
"2010-2014","1",0.472364962064207
"2010-2014","1",0.473805994881989
"2010-2014","1",0.468128130436332
"2010-2014","1",0.4663023122769
"2010-2014","1",0.467162539213313
"2010-2014","1",0.471200550320048
"2010-2014","1",0.493117516169002
"2010-2014","1",0.466924192188381
"2010-2014","1",0.454613399305731
"2010-2014","1",0.474150783849414
"2010-2014","1",0.460138863248319
"2010-2014","1",0.465316501724207
"2010-2014","1",0.471990819988545
"2010-2014","1",0.476848772773743
"2010-2014","1",0.455670860145716
"2010-2014","1",0.463936118939911
"2010-2014","1",0.472669633703549
"2010-2014","1",0.475631500909435
"2010-2014","1",0.460590328784347
"2010-2014","1",0.459150758498484
"2010-2014","1",0.466254754055268
"2010-2014","1",0.438694138872808
"2010-2014","1",0.447831687032781
"2010-2014","1",0.452447867432824
"2010-2014","1",0.450536469518262
"2010-2014","1",0.450690492769197
"2010-2014","1",0.473222407006093
"2010-2014","1",0.470572380987845
"2010-2014","1",0.441784592075332
"2010-2014","1",0.470165112457847
"2010-2014","1",0.473188041427069
"2010-2014","1",0.46549866769247
"2010-2014","1",0.464125403184237
"2010-2014","1",0.45804748293643
"2010-2014","1",0.463398042005318
"2010-2014","1",0.464693308274001
"2010-2014","1",0.46879713484782
"2010-2014","1",0.460925489152711
"2010-2014","1",0.461941353774708
"2010-2014","1",0.483299230271533
"2010-2014","1",0.458830983542973
"2010-2014","1",0.461340230416601
"2010-2014","1",0.46724174212108
"2010-2014","1",0.461319336630945
"2010-2014","1",0.468098543258487
"2010-2014","1",0.463432274134804
"2010-2014","1",0.461051202226801
"2010-2014","1",0.465078190553796
"2010-2014","1",0.460195287154527
"2010-2014","1",0.447199079232862
"2010-2014","1",0.468748241446747
"2010-2014","1",0.453394096213278
"2010-2014","1",0.450950629724553
"2010-2014","1",0.454350711863429
"2010-2014","1",0.471495383849043
"2010-2014","1",0.46498680225296
"2010-2014","1",0.447272691723209
"2010-2014","1",0.461606677753572
"2010-2014","1",0.465524434656732
"2010-2014","1",0.470452873722447
"2010-2014","1",0.462433327317165
"2010-2014","1",0.463979790358226
"2010-2014","1",0.465796366563785
"2010-2014","1",0.458537500845706
"2010-2014","1",0.459743095433386
"2010-2014","1",0.450039003140132
"2010-2014","1",0.469243525900487
"2010-2014","1",0.475371053618507
"2010-2014","1",0.461378669021504
"2010-2014","1",0.442712659759953
"2010-2014","1",0.465899465919658
"2010-2014","1",0.46745852180694
"2010-2014","1",0.462489500072039
"2010-2014","1",0.44910626228687
"2010-2014","1",0.460519904483021
"2010-2014","1",0.474390268592038
"2010-2014","1",0.462634192006736
"2010-2014","1",0.458496934218075
"2010-2014","1",0.461298343325289
"2010-2014","1",0.463591042798257
"2010-2014","1",0.467682735768775
"2010-2014","1",0.469568036842909
"2010-2014","1",0.464257368485176
"2010-2014","1",0.47212968568441
"2010-2014","1",0.465570104939238
"2010-2014","1",0.471366677162078
"2010-2014","1",0.452427721915503
"2010-2014","1",0.467339054183893
"2010-2014","1",0.46371976315508
"2010-2014","1",0.460322726634857
"2010-2014","1",0.468551666898134
"2010-2014","1",0.458300364422327
"2010-2014","1",0.454832756273102
"2010-2014","1",0.468916917238679
"2010-2014","1",0.464883845200307
"2010-2014","1",0.465332105569138
"2010-2014","1",0.473500007619732
"2010-2014","1",0.462205554831432
"2010-2014","1",0.465802263220209
"2010-2014","1",0.467651459976718
"2010-2014","1",0.450385907542761
"2010-2014","1",0.456021598715629
"2010-2014","1",0.459524059146419
"2010-2014","1",0.481333295884985
"2010-2014","1",0.459948839986373
"2010-2014","1",0.45637596364481
"2010-2014","1",0.465971759215927
"2010-2014","1",0.462619984912811
"2010-2014","1",0.460880425349359
"2010-2014","1",0.451494125242091
"2010-2014","1",0.460427247132439
"2010-2014","1",0.458299729897833
"2010-2014","1",0.481962844016325
"2010-2014","1",0.479752397026075
"2010-2014","1",0.456078023566465
"2010-2014","1",0.467257697984914
"2010-2014","1",0.46824357690948
"2010-2014","1",0.461558508915544
"2010-2014","1",0.489238813049869
"2010-2014","1",0.459620309058757
"2010-2014","1",0.446473114980753
"2010-2014","1",0.460520495851747
"2010-2014","1",0.46884243852538
"2010-2014","1",0.45908100279618
"2010-2014","1",0.45039432035035
"2010-2014","1",0.444548856733629
"2010-2014","1",0.459310435764061
"2010-2014","1",0.476863540714993
"2010-2014","1",0.444303789074543
"2010-2014","1",0.459844690676611
"2010-2014","1",0.455142606531101
"2010-2014","1",0.458981402913068
"2010-2014","1",0.458607561279897
"2010-2014","1",0.46194292289508
"2010-2014","1",0.457574751171086
"2010-2014","1",0.454662149400958
"2010-2014","1",0.462194181761713
"2010-2014","1",0.454124105671483
"2010-2014","1",0.453828607010222
"2010-2014","1",0.465826790787379
"2010-2014","1",0.473103649376804
"2010-2014","1",0.455605266560165
"2010-2014","1",0.459357741447139
"2010-2014","1",0.472895669653154
"2010-2014","1",0.459018659872005
"2010-2014","1",0.453879709919937
"2010-2014","1",0.459041798598213
"2010-2014","1",0.470329240945535
"2010-2014","1",0.462091489369525
"2010-2014","1",0.465206498088707
"2010-2014","1",0.460434589209457
"2010-2014","1",0.469032245526598
"2010-2014","1",0.463047443284102
"2010-2014","1",0.452747848833783
"2010-2014","1",0.467639015254202
"2010-2014","1",0.457272072193655
"2010-2014","2",0.75542531301556
"2010-2014","2",0.796475894387124
"2010-2014","2",0.791906991658082
"2010-2014","2",0.742271105235066
"2010-2014","2",0.811322958924227
"2010-2014","2",0.761315773050894
"2010-2014","2",0.787777118293194
"2010-2014","2",0.780337240475396
"2010-2014","2",0.766766240102774
"2010-2014","2",0.778746705860712
"2010-2014","2",0.788723488066199
"2010-2014","2",0.784868330135574
"2010-2014","2",0.754516694191576
"2010-2014","2",0.785360213433767
"2010-2014","2",0.766767896154895
"2010-2014","2",0.782052418641259
"2010-2014","2",0.789263655926853
"2010-2014","2",0.787760058007578
"2010-2014","2",0.784949115256098
"2010-2014","2",0.784473108820271
"2010-2014","2",0.798828866474086
"2010-2014","2",0.773504170918574
"2010-2014","2",0.792031221727779
"2010-2014","2",0.753686340416601
"2010-2014","2",0.77301643665402
"2010-2014","2",0.752308302238234
"2010-2014","2",0.771542568490911
"2010-2014","2",0.806690883919826
"2010-2014","2",0.812771203196965
"2010-2014","2",0.746535648141995
"2010-2014","2",0.788190353748496
"2010-2014","2",0.785321909182815
"2010-2014","2",0.789750049312423
"2010-2014","2",0.786361134737315
"2010-2014","2",0.790310528200104
"2010-2014","2",0.774335235824533
"2010-2014","2",0.821537890229142
"2010-2014","2",0.782954953957507
"2010-2014","2",0.807194604380062
"2010-2014","2",0.783401995760019
"2010-2014","2",0.763798578568608
"2010-2014","2",0.777606042186883
"2010-2014","2",0.795294652489234
"2010-2014","2",0.809965528150273
"2010-2014","2",0.775710495609348
"2010-2014","2",0.755836556354497
"2010-2014","2",0.754703640029225
"2010-2014","2",0.810077308830751
"2010-2014","2",0.761054170223101
"2010-2014","2",0.760794897936587
"2010-2014","2",0.773142312946778
"2010-2014","2",0.783562692001195
"2010-2014","2",0.800073301248919
"2010-2014","2",0.803907025057815
"2010-2014","2",0.802084378732293
"2010-2014","2",0.748407597095732
"2010-2014","2",0.802383068564143
"2010-2014","2",0.812804426793321
"2010-2014","2",0.832451317919807
"2010-2014","2",0.801529153166837
"2010-2014","2",0.760073265924329
"2010-2014","2",0.83182168014481
"2010-2014","2",0.776391698364429
"2010-2014","2",0.751648125810897
"2010-2014","2",0.787879911400087
"2010-2014","2",0.830463606769305
"2010-2014","2",0.787847716293888
"2010-2014","2",0.760967234790821
"2010-2014","2",0.775875158325607
"2010-2014","2",0.786209368604984
"2010-2014","2",0.7840021378794
"2010-2014","2",0.785458597442784
"2010-2014","2",0.779997875844063
"2010-2014","2",0.777594967865454
"2010-2014","2",0.7660856501847
"2010-2014","2",0.798573545233058
"2010-2014","2",0.773771713624194
"2010-2014","2",0.782491298120928
"2010-2014","2",0.768931821068801
"2010-2014","2",0.739320149550804
"2010-2014","2",0.800578281954495
"2010-2014","2",0.769384542433453
"2010-2014","2",0.802472657235255
"2010-2014","2",0.754466259426549
"2010-2014","2",0.775356030247477
"2010-2014","2",0.767559809013452
"2010-2014","2",0.806862522517517
"2010-2014","2",0.761314590909478
"2010-2014","2",0.765087012390882
"2010-2014","2",0.787971972740264
"2010-2014","2",0.783154599756719
"2010-2014","2",0.791317938404538
"2010-2014","2",0.734371276316686
"2010-2014","2",0.755568945923494
"2010-2014","2",0.798390035314114
"2010-2014","2",0.792679915311687
"2010-2014","2",0.738486718881041
"2010-2014","2",0.75525300766843
"2010-2014","2",0.815434062112638
"2010-2014","2",0.771634712244053
"2010-2014","2",0.755552925885197
"2010-2014","2",0.7946279227061
"2010-2014","2",0.755900151324832
"2010-2014","2",0.790677537640449
"2010-2014","2",0.817920849141671
"2010-2014","2",0.801647096824237
"2010-2014","2",0.795821562818452
"2010-2014","2",0.800869882407132
"2010-2014","2",0.795908623705928
"2010-2014","2",0.82073393466152
"2010-2014","2",0.818829359594428
"2010-2014","2",0.798463092195475
"2010-2014","2",0.773692223021231
"2010-2014","2",0.7639109880559
"2010-2014","2",0.786149427370369
"2010-2014","2",0.82884061810107
"2010-2014","2",0.794675514296918
"2010-2014","2",0.778198460243347
"2010-2014","2",0.788605416031932
"2010-2014","2",0.779941875460953
"2010-2014","2",0.764386259074473
"2010-2014","2",0.783001982169816
"2010-2014","2",0.776618084790601
"2010-2014","2",0.794360381374293
"2010-2014","2",0.82571015710444
"2010-2014","2",0.79490971479613
"2010-2014","2",0.81393106740684
"2010-2014","2",0.747348263838578
"2010-2014","2",0.782601425930593
"2010-2014","2",0.763008358352202
"2010-2014","2",0.773348532387213
"2010-2014","2",0.727874723469373
"2010-2014","2",0.77904738614812
"2010-2014","2",0.771320557764918
"2010-2014","2",0.824603881842139
"2010-2014","2",0.772388518317263
"2010-2014","2",0.748787863506698
"2010-2014","2",0.828336695503389
"2010-2014","2",0.811787216833253
"2010-2014","2",0.766561090634375
"2010-2014","2",0.762341094583328
"2010-2014","2",0.734882197699018
"2010-2014","2",0.803533655154367
"2010-2014","2",0.758630010295308
"2010-2014","2",0.755899258396123
"2010-2014","2",0.800967503991269
"2010-2014","2",0.796120904702044
"2010-2014","2",0.77168717890302
"2010-2014","2",0.80606172894601
"2010-2014","2",0.787902202917838
"2010-2014","2",0.747900666823794
"2010-2014","2",0.803845282424115
"2010-2014","2",0.796494460634726
"2010-2014","2",0.782243902428454
"2010-2014","2",0.796991087951655
"2010-2014","2",0.809075675180716
"2010-2014","2",0.768220928190828
"2010-2014","2",0.75373335637911
"2010-2014","2",0.765848643619515
"2010-2014","2",0.781227902959974
"2010-2014","2",0.77844175439335
"2010-2014","2",0.778187933865504
"2010-2014","2",0.785911248554988
"2010-2014","2",0.781709520028131
"2010-2014","2",0.802049451516779
"2010-2014","2",0.775768930880478
"2010-2014","2",0.779063408939
"2010-2014","2",0.811578654331293
"2010-2014","2",0.807429293456262
"2010-2014","2",0.746939157383414
"2010-2014","2",0.791705863458906
"2010-2014","2",0.767355400589857
"2010-2014","2",0.772196982131549
"2010-2014","2",0.798517859592486
"2010-2014","2",0.746613761998468
"2010-2014","2",0.808177832635639
"2010-2014","2",0.782894853636714
"2010-2014","2",0.813857480951948
"2010-2014","2",0.788077110179129
"2010-2014","2",0.767924823326632
"2010-2014","2",0.770474223021701
"2010-2014","2",0.785543427699291
"2010-2014","2",0.795240036663117
"2010-2014","2",0.789225894339831
"2010-2014","2",0.760655612582612
"2010-2014","2",0.761783766564727
"2010-2014","2",0.789723540167774
"2010-2014","2",0.750361928601828
"2010-2014","2",0.777286477949504
"2010-2014","2",0.787672689079564
"2010-2014","2",0.82017671709017
"2010-2014","2",0.782750001436156
"2010-2014","2",0.822172019528699
"2010-2014","2",0.766620860079853
"2010-2014","2",0.74777785073864
"2010-2014","2",0.788946866132631
"2010-2014","2",0.759108549941774
"2010-2014","2",0.770560882109833
"2010-2014","2",0.803749941229905
"2010-2014","2",0.73891268979703
"2010-2014","2",0.806145982295721
"2010-2014","2",0.766188853788069
"2010-2014","2",0.763124050488538
"2010-2014","2",0.7802717036735
"2010-2014","2",0.763483636318587
"2010-2014","2",0.772950307964027
"2010-2014","2",0.81955208897444
"2010-2014","2",0.758196108636259
"2010-2014","2",0.795296366627669
"2010-2014","2",0.786299281675985
"2010-2014","2",0.767295920708903
"2010-2014","2",0.771660352263598
"2010-2014","2",0.76143724114538
"2010-2014","2",0.807706012236647
"2010-2014","2",0.765050879810627
"2010-2014","2",0.810841919863016
"2010-2014","2",0.767150885958191
"2010-2014","2",0.761627610161451
"2010-2014","2",0.798803682123542
"2010-2014","2",0.761860297683779
"2010-2014","2",0.754961250627486
"2010-2014","2",0.830199206879022
"2010-2014","2",0.766204231792776
"2010-2014","2",0.819804584798265
"2010-2014","2",0.785208499690597
"2010-2014","2",0.776641419877542
"2010-2014","2",0.791481022158015
"2010-2014","2",0.822126858666087
"2010-2014","2",0.77950547287086
"2010-2014","2",0.790702687206584
"2010-2014","2",0.784560337478776
"2010-2014","2",0.81109883741291
"2010-2014","2",0.759419142787423
"2010-2014","2",0.806455671217523
"2010-2014","2",0.814583373846751
"2010-2014","2",0.833348537319105
"2010-2014","2",0.793035034449003
"2010-2014","2",0.774264855874886
"2010-2014","2",0.763959949432397
"2010-2014","2",0.78736900464877
"2010-2014","2",0.809946737252651
"2010-2014","2",0.833733446348553
"2010-2014","2",0.789460071659082
"2010-2014","2",0.77113615430905
"2010-2014","2",0.782598025432262
"2010-2014","2",0.813988514776105
"2010-2014","2",0.798254880936153
"2010-2014","2",0.761290323099412
"2010-2014","2",0.766892501421913
"2010-2014","2",0.789398771584017
"2010-2014","2",0.777329978299054
"2010-2014","2",0.770259494674522
"2010-2014","2",0.767373666698876
"2010-2014","2",0.759427856789338
"2010-2014","2",0.770996101082628
"2010-2014","2",0.758031217118891
"2010-2014","2",0.777423702803502
"2010-2014","2",0.822423268389981
"2010-2014","2",0.769866876505133
"2010-2014","2",0.818429782137528
"2010-2014","2",0.772853831712444
"2010-2014","2",0.788375804149352
"2010-2014","2",0.757463367014965
"2010-2014","2",0.786938981786252
"2010-2014","2",0.762529864213876
"2010-2014","2",0.842158309418052
"2010-2014","2",0.784334468733383
"2010-2014","2",0.781284794024137
"2010-2014","2",0.807035091839401
"2010-2014","2",0.799204449345057
"2010-2014","2",0.825436750708464
"2010-2014","2",0.770235121792736
"2010-2014","2",0.786529394359778
"2010-2014","2",0.805080194307791
"2010-2014","2",0.813332590919854
"2010-2014","2",0.796466546601677
"2010-2014","2",0.776703898244307
"2010-2014","2",0.763352668746796
"2010-2014","2",0.82029699092806
"2010-2014","2",0.784780682027971
"2010-2014","2",0.779901504020525
"2010-2014","2",0.736030197876255
"2010-2014","2",0.796824881853385
"2010-2014","2",0.779502125153603
"2010-2014","2",0.76386087601588
"2010-2014","2",0.728754440116898
"2010-2014","2",0.79061877576424
"2010-2014","2",0.748476877642844
"2010-2014","2",0.792852029558199
"2010-2014","2",0.74916244042391
"2010-2014","2",0.826342474408296
"2010-2014","2",0.793183672042522
"2010-2014","2",0.787949803734735
"2010-2014","2",0.811082704375808
"2010-2014","2",0.786677385044463
"2010-2014","2",0.762808877894413
"2010-2014","2",0.785178318558974
"2010-2014","2",0.74305810856111
"2010-2014","2",0.762138791410132
"2010-2014","2",0.771437995737094
"2010-2014","2",0.826767597394133
"2010-2014","2",0.776966535492637
"2010-2014","2",0.791572415909634
"2010-2014","2",0.793149577135106
"2010-2014","2",0.785605838201168
"2010-2014","2",0.774891911217613
"2010-2014","2",0.79571445917199
"2010-2014","2",0.815766449259795
"2010-2014","2",0.767965739642363
"2010-2014","2",0.766214356158631
"2010-2014","2",0.817630094482782
"2010-2014","2",0.798112293087744
"2010-2014","2",0.809294025753241
"2010-2014","2",0.813622143746751
"2010-2014","2",0.823993579203579
"2010-2014","2",0.788302641733655
"2010-2014","2",0.793008218734823
"2010-2014","2",0.772119992164181
"2010-2014","2",0.774234602426651
"2010-2014","2",0.768304567205707
"2010-2014","2",0.782445372370582
"2010-2014","2",0.820579753479928
"2010-2014","2",0.748287918654682
"2010-2014","2",0.800456357566303
"2010-2014","2",0.77829352331813
"2010-2014","2",0.778698595640494
"2010-2014","2",0.769408361560051
"2010-2014","2",0.826501999008615
"2010-2014","2",0.756833055842894
"2010-2014","2",0.796959455132605
"2010-2014","2",0.755089204663178
"2010-2014","2",0.760482183378637
"2010-2014","2",0.798054760975957
"2010-2014","2",0.817401753254223
"2010-2014","2",0.737189875309064
"2010-2014","2",0.817921171858326
"2010-2014","2",0.769881893415364
"2010-2014","2",0.79931774860496
"2010-2014","2",0.810171023638346
"2010-2014","2",0.746420301700495
"2010-2014","2",0.799886105633482
"2010-2014","2",0.764497355633131
"2010-2014","2",0.800546565753938
"2010-2014","2",0.777453492153323
"2010-2014","2",0.752313496193553
"2010-2014","2",0.822863355356815
"2010-2014","2",0.800146644284213
"2010-2014","2",0.771128242271975
"2010-2014","2",0.777882135624672
"2010-2014","2",0.820587986738327
"2010-2014","2",0.755294969626504
"2010-2014","2",0.77268704361196
"2010-2014","2",0.771777724650479
"2010-2014","2",0.809614331510199
"2010-2014","2",0.789025080859177
"2010-2014","2",0.798382978287166
"2010-2014","2",0.803676828878198
"2010-2014","2",0.77083934793296
"2010-2014","2",0.779435505999276
"2010-2014","2",0.812955611898755
"2010-2014","2",0.805032664599341
"2010-2014","2",0.750306979175749
"2010-2014","2",0.774910530641802
"2010-2014","2",0.817512283953807
"2010-2014","2",0.783599474118162
"2010-2014","2",0.821904054662016
"2010-2014","2",0.758405778186927
"2010-2014","2",0.794777196207498
"2010-2014","2",0.771455441081143
"2010-2014","2",0.765531784097158
"2010-2014","2",0.772959546800374
"2010-2014","2",0.743785892382248
"2010-2014","2",0.772765797684661
"2010-2014","2",0.746858893218973
"2010-2014","2",0.783214286660451
"2010-2014","2",0.807180477830814
"2010-2014","2",0.767207454914855
"2010-2014","2",0.774115054404561
"2010-2014","2",0.759894288402628
"2010-2014","2",0.792299471306839
"2010-2014","2",0.783746009671593
"2010-2014","2",0.81203630838597
"2010-2014","2",0.780376254942178
"2010-2014","2",0.742608183002588
"2010-2014","2",0.815669964471014
"2010-2014","2",0.77820440713449
"2010-2014","2",0.788731823646494
"2010-2014","2",0.770741596275204
"2010-2014","2",0.812814525407182
"2010-2014","2",0.784885179058261
"2010-2014","2",0.765321997954774
"2010-2014","2",0.761775186113799
"2010-2014","2",0.758201965003523
"2010-2014","2",0.776003699847078
"2010-2014","2",0.733383646190951
"2010-2014","2",0.802226761281644
"2010-2014","2",0.819127644646307
"2010-2014","2",0.782720491084611
"2010-2014","2",0.808233476145484
"2010-2014","2",0.798098785236803
"2010-2014","2",0.793709712851187
"2010-2014","2",0.806609657182844
"2010-2014","2",0.7661849035249
"2010-2014","2",0.778028639792281
"2010-2014","2",0.808636540701612
"2010-2014","2",0.76507409729977
"2010-2014","2",0.764175583781557
"2010-2014","2",0.773217076152999
"2010-2014","2",0.778234869004774
"2010-2014","2",0.790472923253599
"2010-2014","2",0.772879451280319
"2010-2014","2",0.797440176065737
"2010-2014","2",0.765817922398655
"2010-2014","2",0.739348599705968
"2010-2014","2",0.823793758071599
"2010-2014","2",0.787377037979525
"2010-2014","2",0.782115107369478
"2010-2014","2",0.82588128350967
"2010-2014","2",0.760928273919566
"2010-2014","2",0.809577558956784
"2010-2014","2",0.798973302755433
"2010-2014","2",0.751803840704638
"2010-2014","2",0.790830638264033
"2010-2014","2",0.799317800460102
"2010-2014","2",0.806064613058144
"2010-2014","2",0.785589154357257
"2010-2014","2",0.771586380750223
"2010-2014","2",0.766527996350169
"2010-2014","2",0.806136844200822
"2010-2014","2",0.771091696786157
"2010-2014","2",0.764195356549186
"2010-2014","2",0.747358080891737
"2010-2014","2",0.792095075694169
"2010-2014","2",0.803141623124896
"2010-2014","2",0.795025103304519
"2010-2014","2",0.791660033192762
"2010-2014","2",0.804762864789774
"2010-2014","2",0.733789171145607
"2010-2014","2",0.828645569115479
"2010-2014","2",0.79607230127808
"2010-2014","2",0.740513973849694
"2010-2014","2",0.746355002074924
"2010-2014","2",0.759716698204544
"2010-2014","2",0.78780119057875
"2010-2014","2",0.794792510530775
"2010-2014","2",0.792565206683303
"2010-2014","2",0.788759576062357
"2010-2014","2",0.735702115087001
"2010-2014","2",0.782277573998165
"2010-2014","2",0.759254413134767
"2010-2014","2",0.799905592204146
"2010-2014","2",0.781567657921118
"2010-2014","2",0.82650262978484
"2010-2014","2",0.795869003557697
"2010-2014","2",0.759927196830955
"2010-2014","2",0.805679373616554
"2010-2014","2",0.773862236815906
"2010-2014","2",0.808259027404131
"2010-2014","2",0.785559619749063
"2010-2014","2",0.786209412757869
"2010-2014","2",0.817570818911415
"2010-2014","2",0.778637141982017
"2010-2014","2",0.788209217376761
"2010-2014","2",0.747037368412448
"2010-2014","2",0.788445557877538
"2010-2014","2",0.770043998284548
"2010-2014","2",0.758282738247559
"2010-2014","2",0.778391045563726
"2010-2014","2",0.79048692039397
"2010-2014","2",0.808537314330774
"2010-2014","2",0.84139627177575
"2010-2014","2",0.766553552927617
"2010-2014","2",0.770773254425989
"2010-2014","2",0.811270458325477
"2010-2014","2",0.773098263021269
"2010-2014","2",0.757223873274103
"2010-2014","2",0.774064289454561
"2010-2014","2",0.785906013520569
"2010-2014","2",0.759265206716145
"2010-2014","2",0.807546966233587
"2010-2014","2",0.801803071343805
"2010-2014","2",0.797895661786731
"2010-2014","2",0.780321773159096
"2010-2014","2",0.770941797721229
"2010-2014","2",0.794011714038894
"2010-2014","2",0.80308035429713
"2010-2014","2",0.797639385500168
"2010-2014","2",0.803873846627973
"2010-2014","2",0.771625512302892
"2010-2014","2",0.774353070237508
"2010-2014","2",0.769725607710485
"2010-2014","2",0.797135822609446
"2010-2014","2",0.778225505567706
"2010-2014","2",0.811977909517847
"2010-2014","2",0.78833778288717
"2010-2014","2",0.761875294041844
"2010-2014","2",0.79351645534703
"2010-2014","2",0.773269418410422
"2010-2014","2",0.761592481209668
"2010-2014","2",0.786461760160024
"2010-2014","2",0.760691709217182
"2010-2014","2",0.78446627306899
"2010-2014","2",0.769271695707593
"2010-2014","2",0.820260106851916
"2010-2014","2",0.765290367886732
"2010-2014","2",0.780367886898805
"2010-2014","2",0.789688912378705
"2010-2014","2",0.758641358635005
"2010-2014","2",0.797725010723561
"2010-2014","2",0.78464348632536
"2010-2014","2",0.777649145113824
"2010-2014","2",0.773517229182461
"2010-2014","2",0.780018571766785
"2010-2014","2",0.737881652968033
"2010-2014","2",0.813690439397384
"2010-2014","2",0.793084402061274
"2010-2014","2",0.833720404550515
"2010-2014","2",0.758385546007261
"2010-2014","2",0.810944848792514
"2010-2014","2",0.748583283230718
"2010-2014","2",0.820982497151593
"2010-2014","2",0.847121967043294
"2010-2014","2",0.746740177456953
"2010-2014","2",0.799988988502915
"2010-2014","2",0.765587150271461
"2010-2014","2",0.806673252307476
"2010-2014","2",0.780684419289126
"2010-2014","2",0.791938484125057
"2010-2014","2",0.799437710334887
"2010-2014","2",0.814197722922233
"2010-2014","2",0.808605653986673
"2010-2014","2",0.775170523450013
"2010-2014","2",0.777852071866605
"2010-2014","2",0.79948079236937
"2010-2014","2",0.800914162519957
"2010-2014","2",0.794146639232151
"2010-2014","2",0.783562022446351
"2010-2014","2",0.734434044380289
"2010-2014","2",0.775486531860753
"2010-2014","2",0.853762205739246
"2010-2014","2",0.770228041181597
"2010-2014","2",0.79675194369742
"2010-2014","2",0.823818132002406
"2010-2014","2",0.844061908392739
"2010-2014","2",0.810675259025909
"2010-2014","2",0.809921043391274
"2010-2014","2",0.77271900371438
"2010-2014","2",0.804046921980753
"2010-2014","2",0.810502493601817
"2010-2014","2",0.761770704546504
"2010-2014","2",0.785994261242853
"2010-2014","2",0.792933030607141
"2010-2014","2",0.792719678827008
"2010-2014","2",0.787108137415065
"2010-2014","2",0.782446194463093
"2010-2014","2",0.812983529021945
"2010-2014","2",0.799053881847262
"2010-2014","2",0.815244941950536
"2010-2014","2",0.762911082345273
"2010-2014","2",0.775682577119218
"2010-2014","2",0.801851747112164
"2010-2014","2",0.759024415322821
"2010-2014","2",0.768788322031578
"2010-2014","2",0.794904081881856
"2010-2014","2",0.781121524385542
"2010-2014","2",0.760604746319673
"2010-2014","2",0.793772389649899
"2010-2014","2",0.800044346273869
"2010-2014","2",0.738320722827103
"2010-2014","2",0.784054041223821
"2010-2014","2",0.794871235728814
"2010-2014","2",0.751221752519223
"2010-2014","2",0.794788889620876
"2010-2014","2",0.795369672682341
"2010-2014","2",0.789848774262491
"2010-2014","2",0.772871769128815
"2010-2014","2",0.808987931718637
"2010-2014","2",0.801726952627828
"2010-2014","2",0.778647270146554
"2010-2014","2",0.791590924983536
"2010-2014","2",0.760413503870183
"2010-2014","2",0.797128044237299
"2010-2014","2",0.769020193450521
"2010-2014","2",0.780599467873733
"2010-2014","2",0.773863712993371
"2010-2014","2",0.785408928978365
"2010-2014","2",0.759535539586811
"2010-2014","2",0.747978440568069
"2010-2014","2",0.747151532902691
"2010-2014","2",0.797221686888887
"2010-2014","2",0.762981394875365
"2010-2014","2",0.747564042719795
"2010-2014","2",0.787055051625821
"2010-2014","2",0.837873927279927
"2010-2014","2",0.778037573066798
"2010-2014","2",0.770830357494171
"2010-2014","2",0.789501942544223
"2010-2014","2",0.785718468570384
"2010-2014","2",0.780407008050373
"2010-2014","2",0.825537568543079
"2010-2014","2",0.767556986438244
"2010-2014","2",0.797068946848803
"2010-2014","2",0.779236950747386
"2010-2014","2",0.807246731947856
"2010-2014","2",0.765456554228795
"2010-2014","2",0.764650497906495
"2010-2014","2",0.776054769198247
"2010-2014","2",0.758139318610119
"2010-2014","2",0.79830244030711
"2010-2014","2",0.783706029285598
"2010-2014","2",0.765902359447242
"2010-2014","2",0.759338022395194
"2010-2014","2",0.799224401865277
"2010-2014","2",0.807888244372377
"2010-2014","2",0.763912138007045
"2010-2014","2",0.778862348666158
"2010-2014","2",0.749752374963904
"2010-2014","2",0.793186877803046
"2010-2014","2",0.790667226007928
"2010-2014","2",0.787901377498542
"2010-2014","2",0.779310534082111
"2010-2014","2",0.767002535334394
"2010-2014","2",0.775977723024625
"2010-2014","2",0.768037257435427
"2010-2014","2",0.789124996697144
"2010-2014","2",0.766130925129295
"2010-2014","2",0.76781233857813
"2010-2014","2",0.809862152491489
"2010-2014","2",0.790653072927346
"2010-2014","2",0.746761349547214
"2010-2014","2",0.769096169751109
"2010-2014","2",0.781534662030995
"2010-2014","2",0.754226117054792
"2010-2014","2",0.783646289682521
"2010-2014","2",0.814362471474073
"2010-2014","2",0.789533168634372
"2010-2014","2",0.828299671574764
"2010-2014","2",0.811371884647172
"2010-2014","2",0.77839842247305
"2010-2014","2",0.769899075819767
"2010-2014","2",0.763157732904151
"2010-2014","2",0.760645157339694
"2010-2014","2",0.789089768231025
"2010-2014","2",0.748892951438504
"2010-2014","2",0.770090905894195
"2010-2014","2",0.828866729972236
"2010-2014","2",0.840916738685581
"2010-2014","2",0.786599721600497
"2010-2014","2",0.755098503310111
"2010-2014","2",0.773443073291874
"2010-2014","2",0.750781699839931
"2010-2014","2",0.803400204312158
"2010-2014","2",0.790203537704353
"2010-2014","2",0.832797579385614
"2010-2014","2",0.787513536802844
"2010-2014","2",0.758298053233626
"2010-2014","2",0.794260074455299
"2010-2014","2",0.816623062772083
"2010-2014","2",0.806402467455811
"2010-2014","2",0.781862209072634
"2010-2014","2",0.782092564650417
"2010-2014","2",0.808008302659752
"2010-2014","2",0.739549424818876
"2010-2014","2",0.770145790275252
"2010-2014","2",0.792986473029625
"2010-2014","2",0.785620794984503
"2010-2014","2",0.793123000432865
"2010-2014","2",0.77065073209982
"2010-2014","2",0.77496751768022
"2010-2014","2",0.813851017828173
"2010-2014","2",0.760266063847933
"2010-2014","2",0.74894607672598
"2010-2014","2",0.791208320528685
"2010-2014","2",0.760747029573032
"2010-2014","2",0.787777351408751
"2010-2014","2",0.794546784039144
"2010-2014","2",0.746151974974146
"2010-2014","2",0.783572741133324
"2010-2014","2",0.76342281831557
"2010-2014","2",0.78476569682553
"2010-2014","2",0.762876247587887
"2010-2014","2",0.799113008066351
"2010-2014","2",0.781380979229879
"2010-2014","2",0.789955188673766
"2010-2014","2",0.773948378795275
"2010-2014","2",0.858130457515882
"2010-2014","2",0.809191231120498
"2010-2014","2",0.791266947392408
"2010-2014","2",0.758091061322252
"2010-2014","2",0.821063957223295
"2010-2014","2",0.79324661942928
"2010-2014","2",0.815088398611487
"2010-2014","2",0.796535695312552
"2010-2014","2",0.787518047978783
"2010-2014","2",0.777960749208767
"2010-2014","2",0.799279502202188
"2010-2014","2",0.74368551197876
"2010-2014","2",0.796041908079267
"2010-2014","2",0.78013679178906
"2010-2014","2",0.786475237151144
"2010-2014","2",0.819950820550286
"2010-2014","2",0.766249468847703
"2010-2014","2",0.762138503850202
"2010-2014","2",0.769935602460198
"2010-2014","2",0.814432925830254
"2010-2014","2",0.741753677190406
"2010-2014","2",0.746233833538675
"2010-2014","2",0.784063448442448
"2010-2014","2",0.827123568575768
"2010-2014","2",0.749806323700475
"2010-2014","2",0.812026377173069
"2010-2014","2",0.8029119927425
"2010-2014","2",0.79603052703237
"2010-2014","2",0.833049699099851
"2010-2014","2",0.819754176471885
"2010-2014","2",0.804649418139603
"2010-2014","2",0.801192977388362
"2010-2014","2",0.776998068288157
"2010-2014","2",0.767518442470896
"2010-2014","2",0.793752656456934
"2010-2014","2",0.774924659689508
"2010-2014","2",0.808460164093619
"2010-2014","2",0.767650274479823
"2010-2014","2",0.774309476811597
"2010-2014","2",0.77559294795027
"2010-2014","2",0.815342660603072
"2010-2014","2",0.771483085249711
"2010-2014","2",0.785184878846709
"2010-2014","2",0.813217505376075
"2010-2014","2",0.784267587521443
"2010-2014","2",0.771321359868071
"2010-2014","2",0.802609316599513
"2010-2014","2",0.798157540511133
"2010-2014","2",0.777802838606259
"2010-2014","2",0.802671097791452
"2010-2014","2",0.797053363575804
"2010-2014","2",0.763636178686281
"2010-2014","2",0.79800367597768
"2010-2014","2",0.789085383004875
"2010-2014","2",0.807039386814778
"2010-2014","2",0.787715877897016
"2010-2014","2",0.777575643039868
"2010-2014","2",0.800440900047277
"2010-2014","2",0.793389589499972
"2010-2014","2",0.799335761938266
"2010-2014","2",0.742624601977744
"2010-2014","2",0.772447964849121
"2010-2014","2",0.776733940288723
"2010-2014","2",0.79212749566736
"2010-2014","2",0.80367083849038
"2010-2014","2",0.760580584628062
"2010-2014","2",0.796515274817439
"2010-2014","2",0.788251187720089
"2010-2014","2",0.77159491462406
"2010-2014","2",0.786536588017484
"2010-2014","2",0.794041358700103
"2010-2014","2",0.789876835724774
"2010-2014","2",0.756869926678567
"2010-2014","2",0.729630655778209
"2010-2014","2",0.759867487887051
"2010-2014","2",0.769880657832315
"2010-2014","2",0.755077976032789
"2010-2014","2",0.758893206901686
"2010-2014","2",0.774675676807045
"2010-2014","2",0.749031420297914
"2010-2014","2",0.769889521837784
"2010-2014","2",0.781437144005636
"2010-2014","2",0.770177741719001
"2010-2014","2",0.799137301479658
"2010-2014","2",0.780878742379656
"2010-2014","2",0.777577673140685
"2010-2014","2",0.770550431744925
"2010-2014","2",0.800173922459226
"2010-2014","2",0.770569293358023
"2010-2014","2",0.808255629821048
"2010-2014","2",0.786562990296028
"2010-2014","2",0.786564470028489
"2010-2014","2",0.790616145928957
"2010-2014","2",0.804042275237991
"2010-2014","2",0.736099882702569
"2010-2014","2",0.774609254972752
"2010-2014","2",0.760624709078548
"2010-2014","2",0.787297258396726
"2010-2014","2",0.764232799205203
"2010-2014","2",0.838827834095922
"2010-2014","2",0.775783642961125
"2010-2014","2",0.790906281188536
"2010-2014","2",0.785781023245377
"2010-2014","2",0.780386589764505
"2010-2014","2",0.779439870643677
"2010-2014","2",0.78504082711326
"2010-2014","2",0.790452206351712
"2010-2014","2",0.810841438535642
"2010-2014","2",0.778038472252266
"2010-2014","2",0.789379207784907
"2010-2014","2",0.826024539418334
"2010-2014","2",0.806347137037306
"2010-2014","2",0.779363630092241
"2010-2014","2",0.762689767533439
"2010-2014","2",0.794504856753089
"2010-2014","2",0.770625925716075
"2010-2014","2",0.753195638509702
"2010-2014","2",0.787748105979636
"2010-2014","2",0.784362429452163
"2010-2014","2",0.714388878936936
"2010-2014","2",0.790033334086593
"2010-2014","2",0.779174361560687
"2010-2014","2",0.792568935972308
"2010-2014","2",0.815038696048665
"2010-2014","2",0.788210893156978
"2010-2014","2",0.781079039944621
"2010-2014","2",0.794320814062378
"2010-2014","2",0.776423413527682
"2010-2014","2",0.774243737272386
"2010-2014","2",0.815297186183938
"2010-2014","2",0.773091291758896
"2010-2014","2",0.793123520094474
"2010-2014","2",0.798753510920236
"2010-2014","2",0.761325193266711
"2010-2014","2",0.809372943339424
"2010-2014","2",0.773929404190495
"2010-2014","2",0.767417044664746
"2010-2014","2",0.778789253804829
"2010-2014","2",0.784538897018203
"2010-2014","2",0.761705412116059
"2010-2014","2",0.80823818988351
"2010-2014","2",0.798553596368185
"2010-2014","2",0.769748118455643
"2010-2014","2",0.81694828956549
"2010-2014","2",0.802626655080338
"2010-2014","2",0.737871553079683
"2010-2014","2",0.80857264495998
"2010-2014","2",0.767371089639661
"2010-2014","2",0.798806629724215
"2010-2014","2",0.814584687059248
"2010-2014","2",0.792915344230739
"2010-2014","2",0.760717747726679
"2010-2014","2",0.768144150937181
"2010-2014","2",0.762358273196927
"2010-2014","2",0.781862505042273
"2010-2014","2",0.769083619513143
"2010-2014","2",0.793232404262857
"2010-2014","2",0.842345596719684
"2010-2014","2",0.808580616878753
"2010-2014","2",0.782737207460467
"2010-2014","2",0.815698595602934
"2010-2014","2",0.786498807766453
"2010-2014","2",0.772734450774656
"2010-2014","2",0.788497484046751
"2010-2014","2",0.79777817739285
"2010-2014","2",0.798910865933016
"2010-2014","2",0.790445811118232
"2010-2014","2",0.76561864024905
"2010-2014","2",0.792445647597472
"2010-2014","2",0.749940428779059
"2010-2014","2",0.754837536136761
"2010-2014","2",0.767605480167812
"2010-2014","2",0.775619337270826
"2010-2014","2",0.732967597728651
"2010-2014","2",0.762661935000176
"2010-2014","2",0.797114598928992
"2010-2014","2",0.810755404404662
"2010-2014","2",0.728325075071358
"2010-2014","2",0.77703116788405
"2010-2014","2",0.765152797840584
"2010-2014","2",0.787257624932848
"2010-2014","2",0.770462603750141
"2010-2014","2",0.788648148074187
"2010-2014","2",0.775216319389806
"2010-2014","2",0.779333398568241
"2010-2014","2",0.808830709083069
"2010-2014","2",0.759264961833454
"2010-2014","2",0.767993117324764
"2010-2014","2",0.810279469184623
"2010-2014","2",0.788930344052927
"2010-2014","2",0.829833275843968
"2010-2014","2",0.804588134630819
"2010-2014","2",0.80744725843654
"2010-2014","2",0.825178581224362
"2010-2014","2",0.781871371000649
"2010-2014","2",0.786719442568968
"2010-2014","2",0.795936197408082
"2010-2014","2",0.826927313547736
"2010-2014","2",0.760115999367902
"2010-2014","2",0.786460223570172
"2010-2014","2",0.751273555605058
"2010-2014","2",0.789839940666796
"2010-2014","2",0.792044103519145
"2010-2014","2",0.778734997921268
"2010-2014","2",0.78455872284263
"2010-2014","2",0.754056786136506
"2010-2014","2",0.768047621198942
"2010-2014","2",0.78934796562053
"2010-2014","2",0.780482905296223
"2010-2014","2",0.833119906805804
"2010-2014","2",0.792931952526941
"2010-2014","2",0.798998734475993
"2010-2014","2",0.75461873260118
"2010-2014","2",0.829527824561773
"2010-2014","2",0.756830357626787
"2010-2014","2",0.728856427267837
"2010-2014","2",0.801693331800902
"2010-2014","2",0.811950480185214
"2010-2014","2",0.789888802374498
"2010-2014","2",0.793254747858235
"2010-2014","2",0.801542070606961
"2010-2014","2",0.781806687912291
"2010-2014","2",0.817365515350668
"2010-2014","2",0.726707122154545
"2010-2014","2",0.801334607546031
"2010-2014","2",0.788408964110262
"2010-2014","2",0.777149279312103
"2010-2014","2",0.775751152066434
"2010-2014","2",0.811158937680134
"2010-2014","2",0.772182794682638
"2010-2014","2",0.805620940755072
"2010-2014","2",0.761370551311216
"2010-2014","2",0.823539550718732
"2010-2014","2",0.762117719337559
"2010-2014","2",0.786482700397292
"2010-2014","2",0.798597227520705
"2010-2014","2",0.767286253949703
"2010-2014","2",0.773081075226485
"2010-2014","2",0.761504339778741
"2010-2014","2",0.792528753047725
"2010-2014","2",0.780483934930108
"2010-2014","2",0.775933076482077
"2010-2014","2",0.803765894269364
"2010-2014","2",0.77392760716844
"2010-2014","2",0.766827823179234
"2010-2014","2",0.791039715335331
"2010-2014","2",0.767838388988014
"2010-2014","2",0.789048389374519
"2010-2014","2",0.81467033428608
"2010-2014","2",0.812892161369268
"2010-2014","2",0.797570811636995
"2010-2014","2",0.799123031021323
"2010-2014","2",0.779114274735724
"2010-2014","2",0.799304742944382
"2010-2014","2",0.790698338100449
"2010-2014","2",0.751735986643906
"2010-2014","2",0.780771253959797
"2010-2014","2",0.789946755290573
"2010-2014","2",0.793823582184275
"2010-2014","2",0.769747880654443
"2010-2014","2",0.780501050389047
"2010-2014","2",0.761506472519425
"2010-2014","2",0.781647877333711
"2010-2014","2",0.791728951956229
"2010-2014","2",0.801094096625858
"2010-2014","2",0.766374069399958
"2010-2014","2",0.797726073918384
"2010-2014","2",0.805642455661848
"2010-2014","2",0.789687944185666
"2010-2014","2",0.783068289392389
"2010-2014","2",0.776674217880925
"2010-2014","2",0.785854458467626
"2010-2014","2",0.761966236482743
"2010-2014","2",0.77546257746913
"2010-2014","2",0.768315833931758
"2010-2014","2",0.744947388085876
"2010-2014","2",0.776988655903774
"2010-2014","2",0.802164885016352
"2010-2014","2",0.746103119203627
"2010-2014","2",0.767909578106246
"2010-2014","2",0.763279993270609
"2010-2014","2",0.723857068114042
"2010-2014","2",0.760989387447189
"2010-2014","2",0.764436063628193
"2010-2014","2",0.773269183407574
"2010-2014","2",0.779457102385858
"2010-2014","2",0.789451847910379
"2010-2014","2",0.769268018821589
"2010-2014","2",0.801003209344748
"2010-2014","2",0.767664327035997
"2010-2014","2",0.796789104485598
"2010-2014","2",0.760798164923813
"2010-2014","2",0.712959828015868
"2010-2014","2",0.782666067188412
"2010-2014","2",0.75612629385937
"2010-2014","2",0.771092244364593
"2010-2014","2",0.799035517359532
"2010-2014","2",0.794471257623981
"2010-2014","2",0.800614758431122
"2010-2014","2",0.803499634196796
"2010-2014","2",0.783649857716571
"2010-2014","2",0.778059153322568
"2010-2014","2",0.764957976009855
"2010-2014","2",0.758954422564325
"2010-2014","2",0.785799512733518
"2010-2014","2",0.750307829976864
"2010-2014","2",0.752492361071925
"2010-2014","2",0.799203323144505
"2010-2014","2",0.784542509475855
"2010-2014","2",0.809126600107524
"2010-2014","2",0.800651295016635
"2010-2014","2",0.766502423665202
"2010-2014","2",0.794503909858279
"2010-2014","2",0.787075129665432
"2010-2014","2",0.784510756882257
"2010-2014","3",0.751957474580698
"2010-2014","3",0.826889960290059
"2010-2014","3",0.761428474849713
"2010-2014","3",0.769044976508183
"2010-2014","3",0.786382501799567
"2010-2014","3",0.797757032608563
"2010-2014","3",0.755032942362643
"2010-2014","3",0.738999568716616
"2010-2014","3",0.771482233316099
"2010-2014","3",0.77121963726824
"2010-2014","3",0.78602392445952
"2010-2014","3",0.806171477576856
"2010-2014","3",0.774401862838099
"2010-2014","3",0.760683214431038
"2010-2014","3",0.784009837331281
"2010-2014","3",0.758392924685097
"2010-2014","3",0.753019772127807
"2010-2014","3",0.755519263409665
"2010-2014","3",0.828193661976388
"2010-2014","3",0.746451481465546
"2010-2014","3",0.759871417837623
"2010-2014","3",0.790543222039331
"2010-2014","3",0.736894631423434
"2010-2014","3",0.799764770470653
"2010-2014","3",0.716057239650862
"2010-2014","3",0.743294480865786
"2010-2014","3",0.780174725296465
"2010-2014","3",0.810949583469993
"2010-2014","3",0.773815733735366
"2010-2014","3",0.797763579405015
"2010-2014","3",0.782324623316383
"2010-2014","3",0.806103586340767
"2010-2014","3",0.808829577451975
"2010-2014","3",0.777223006116219
"2010-2014","3",0.704896442635501
"2010-2014","3",0.771158059351729
"2010-2014","3",0.779528013965159
"2010-2014","3",0.775096118021855
"2010-2014","3",0.742224565899146
"2010-2014","3",0.771534812470238
"2010-2014","3",0.715146038288708
"2010-2014","3",0.774756539522828
"2010-2014","3",0.771166736478673
"2010-2014","3",0.754453107761279
"2010-2014","3",0.769176970158582
"2010-2014","3",0.729448897638459
"2010-2014","3",0.800633529154712
"2010-2014","3",0.77642912412833
"2010-2014","3",0.708707430889569
"2010-2014","3",0.789904118635461
"2010-2014","3",0.74509031096479
"2010-2014","3",0.712624820336976
"2010-2014","3",0.803428681153255
"2010-2014","3",0.783911167636892
"2010-2014","3",0.774591750012771
"2010-2014","3",0.755695233414386
"2010-2014","3",0.80667753172267
"2010-2014","3",0.754342135121527
"2010-2014","3",0.771582181452724
"2010-2014","3",0.756025256325152
"2010-2014","3",0.794732050707637
"2010-2014","3",0.770072514244455
"2010-2014","3",0.761851523055598
"2010-2014","3",0.838699976577849
"2010-2014","3",0.782772529344946
"2010-2014","3",0.750213127770062
"2010-2014","3",0.726951284743713
"2010-2014","3",0.793208191935388
"2010-2014","3",0.778546086996573
"2010-2014","3",0.775050400773354
"2010-2014","3",0.838160541196473
"2010-2014","3",0.783872364766466
"2010-2014","3",0.7632589191297
"2010-2014","3",0.787056887262697
"2010-2014","3",0.744876076887732
"2010-2014","3",0.785606524583234
"2010-2014","3",0.838064876849544
"2010-2014","3",0.781436472925493
"2010-2014","3",0.74273551299482
"2010-2014","3",0.74838110046897
"2010-2014","3",0.795182931836423
"2010-2014","3",0.835819125165146
"2010-2014","3",0.720774758243745
"2010-2014","3",0.803217342832709
"2010-2014","3",0.73618461716612
"2010-2014","3",0.756352023285833
"2010-2014","3",0.72601160911247
"2010-2014","3",0.837465169391672
"2010-2014","3",0.796870127213513
"2010-2014","3",0.70858808282303
"2010-2014","3",0.778635931069763
"2010-2014","3",0.799794359421242
"2010-2014","3",0.814787806253559
"2010-2014","3",0.757528523549081
"2010-2014","3",0.712634418949821
"2010-2014","3",0.715621166696876
"2010-2014","3",0.788613836015941
"2010-2014","3",0.712972120551343
"2010-2014","3",0.820475516758124
"2010-2014","3",0.786238487127721
"2010-2014","3",0.79164727742461
"2010-2014","3",0.780385611130527
"2010-2014","3",0.808873182400843
"2010-2014","3",0.826939815838214
"2010-2014","3",0.79210705679915
"2010-2014","3",0.786540862172681
"2010-2014","3",0.745742635078564
"2010-2014","3",0.786521363015131
"2010-2014","3",0.769162997610886
"2010-2014","3",0.75846874918464
"2010-2014","3",0.749773890349893
"2010-2014","3",0.756106832349915
"2010-2014","3",0.746016704492747
"2010-2014","3",0.746572364960482
"2010-2014","3",0.745120862113594
"2010-2014","3",0.740130398022575
"2010-2014","3",0.798689247511169
"2010-2014","3",0.816701456846819
"2010-2014","3",0.78113722809367
"2010-2014","3",0.775652694227008
"2010-2014","3",0.791195909896089
"2010-2014","3",0.793526047622285
"2010-2014","3",0.764291059076507
"2010-2014","3",0.754165726422722
"2010-2014","3",0.77036907827957
"2010-2014","3",0.777908173875469
"2010-2014","3",0.820249851894077
"2010-2014","3",0.763322732665095
"2010-2014","3",0.793989508627349
"2010-2014","3",0.751051777631798
"2010-2014","3",0.775020652684943
"2010-2014","3",0.70217885306579
"2010-2014","3",0.747598389279217
"2010-2014","3",0.782827978581584
"2010-2014","3",0.778637564867295
"2010-2014","3",0.762680990404159
"2010-2014","3",0.794942385557994
"2010-2014","3",0.79092661481104
"2010-2014","3",0.824447366447666
"2010-2014","3",0.721866293867892
"2010-2014","3",0.833494679307453
"2010-2014","3",0.70851593526198
"2010-2014","3",0.723847594966745
"2010-2014","3",0.775151693929622
"2010-2014","3",0.824223197416335
"2010-2014","3",0.76135037497808
"2010-2014","3",0.778760397864664
"2010-2014","3",0.771917679113579
"2010-2014","3",0.778199172429163
"2010-2014","3",0.756916432553179
"2010-2014","3",0.727165140555206
"2010-2014","3",0.754230297618908
"2010-2014","3",0.830460551238568
"2010-2014","3",0.778451265747621
"2010-2014","3",0.747299861074226
"2010-2014","3",0.753503609602788
"2010-2014","3",0.806064031811684
"2010-2014","3",0.760551651123624
"2010-2014","3",0.755722727372627
"2010-2014","3",0.79244517203452
"2010-2014","3",0.801197391214663
"2010-2014","3",0.762916821571964
"2010-2014","3",0.747550345253321
"2010-2014","3",0.788263689561481
"2010-2014","3",0.7829442016423
"2010-2014","3",0.800750759788779
"2010-2014","3",0.807098332003165
"2010-2014","3",0.748093689902864
"2010-2014","3",0.778924136217316
"2010-2014","3",0.79465049307203
"2010-2014","3",0.740427591107399
"2010-2014","3",0.762599442771974
"2010-2014","3",0.791414003823898
"2010-2014","3",0.721703159906678
"2010-2014","3",0.814372099751329
"2010-2014","3",0.773319568654966
"2010-2014","3",0.795684824423081
"2010-2014","3",0.718827024003934
"2010-2014","3",0.751157246240652
"2010-2014","3",0.74672843008925
"2010-2014","3",0.728434437530683
"2010-2014","3",0.764239229951004
"2010-2014","3",0.769405765457951
"2010-2014","3",0.757851234298955
"2010-2014","3",0.752662521868445
"2010-2014","3",0.793782696549946
"2010-2014","3",0.848013217159553
"2010-2014","3",0.784430693078661
"2010-2014","3",0.784418378030625
"2010-2014","3",0.714614103559804
"2010-2014","3",0.762456554576943
"2010-2014","3",0.79620758484314
"2010-2014","3",0.748089176316962
"2010-2014","3",0.769052193653358
"2010-2014","3",0.769948141415828
"2010-2014","3",0.762548327871333
"2010-2014","3",0.770490873202875
"2010-2014","3",0.772940741659873
"2010-2014","3",0.756977834266145
"2010-2014","3",0.79648719676108
"2010-2014","3",0.746581789049204
"2010-2014","3",0.737610409928222
"2010-2014","3",0.804000355835321
"2010-2014","3",0.764723985488032
"2010-2014","3",0.803914439093499
"2010-2014","3",0.745870082788638
"2010-2014","3",0.74797150462554
"2010-2014","3",0.770219043567499
"2010-2014","3",0.781494462579725
"2010-2014","3",0.753295975009976
"2010-2014","3",0.770607951068308
"2010-2014","3",0.755773859354363
"2010-2014","3",0.77866010682312
"2010-2014","3",0.76021229885602
"2010-2014","3",0.793699257496792
"2010-2014","3",0.80225004351196
"2010-2014","3",0.76195156216103
"2010-2014","3",0.757877268891929
"2010-2014","3",0.773228164079333
"2010-2014","3",0.787938255463154
"2010-2014","3",0.757831378047826
"2010-2014","3",0.714511957219734
"2010-2014","3",0.758231354014417
"2010-2014","3",0.78047901333297
"2010-2014","3",0.718901299961981
"2010-2014","3",0.739204674128304
"2010-2014","3",0.808146093499371
"2010-2014","3",0.779031847803594
"2010-2014","3",0.760259179487829
"2010-2014","3",0.785911934375545
"2010-2014","3",0.76047648291179
"2010-2014","3",0.7042804149979
"2010-2014","3",0.786062342783408
"2010-2014","3",0.759283959275356
"2010-2014","3",0.778796040274297
"2010-2014","3",0.757350692136533
"2010-2014","3",0.757870448268227
"2010-2014","3",0.743833514623653
"2010-2014","3",0.762196407178791
"2010-2014","3",0.778159260024437
"2010-2014","3",0.815296805105046
"2010-2014","3",0.734565042727571
"2010-2014","3",0.801719214358383
"2010-2014","3",0.787517672868935
"2010-2014","3",0.75521864489881
"2010-2014","3",0.791206030757025
"2010-2014","3",0.75868197440677
"2010-2014","3",0.798626348177572
"2010-2014","3",0.803311301967211
"2010-2014","3",0.805377331968188
"2010-2014","3",0.737702303426832
"2010-2014","3",0.787116480053769
"2010-2014","3",0.792256519380967
"2010-2014","3",0.769775435824982
"2010-2014","3",0.746921277501681
"2010-2014","3",0.80218586664713
"2010-2014","3",0.753233576803707
"2010-2014","3",0.779784425874734
"2010-2014","3",0.791586178432324
"2010-2014","3",0.761261448582119
"2010-2014","3",0.74630822689447
"2010-2014","3",0.743705277897978
"2010-2014","3",0.747651531061315
"2010-2014","3",0.788023284121261
"2010-2014","3",0.789179712362949
"2010-2014","3",0.751881766025164
"2010-2014","3",0.726521495654806
"2010-2014","3",0.782904526795851
"2010-2014","3",0.771223037450331
"2010-2014","3",0.737137571210018
"2010-2014","3",0.754956413927281
"2010-2014","3",0.713570032532381
"2010-2014","3",0.76430797001275
"2010-2014","3",0.81224711514837
"2010-2014","3",0.743937237740313
"2010-2014","3",0.752836240475904
"2010-2014","3",0.749515288948307
"2010-2014","3",0.71089647660441
"2010-2014","3",0.765998682711591
"2010-2014","3",0.794453853548845
"2010-2014","3",0.743190087502904
"2010-2014","3",0.755182077777329
"2010-2014","3",0.806875069656933
"2010-2014","3",0.775025899321764
"2010-2014","3",0.781353261398711
"2010-2014","3",0.745007945580968
"2010-2014","3",0.765358539167398
"2010-2014","3",0.730966034411163
"2010-2014","3",0.783626975324192
"2010-2014","3",0.799790290624471
"2010-2014","3",0.830078465901765
"2010-2014","3",0.753838438459257
"2010-2014","3",0.804267596304226
"2010-2014","3",0.767418879531249
"2010-2014","3",0.787613287159959
"2010-2014","3",0.796131982650033
"2010-2014","3",0.773843534453097
"2010-2014","3",0.754421412441315
"2010-2014","3",0.711006406916933
"2010-2014","3",0.755062955684554
"2010-2014","3",0.771715250455332
"2010-2014","3",0.781764748692807
"2010-2014","3",0.69746397200413
"2010-2014","3",0.791983777799621
"2010-2014","3",0.719158389210096
"2010-2014","3",0.75114117556334
"2010-2014","3",0.756118026549578
"2010-2014","3",0.820479837796656
"2010-2014","3",0.791233052805949
"2010-2014","3",0.681533052921544
"2010-2014","3",0.768337143627411
"2010-2014","3",0.793645837381508
"2010-2014","3",0.794698869304403
"2010-2014","3",0.830830088576402
"2010-2014","3",0.813400931057422
"2010-2014","3",0.774568947890084
"2010-2014","3",0.787093149257714
"2010-2014","3",0.760884810045755
"2010-2014","3",0.784841754332511
"2010-2014","3",0.774785412804747
"2010-2014","3",0.761174970195637
"2010-2014","3",0.820545636833298
"2010-2014","3",0.796569789013765
"2010-2014","3",0.761987925873055
"2010-2014","3",0.796892542259299
"2010-2014","3",0.78423742833637
"2010-2014","3",0.788999619654795
"2010-2014","3",0.735540077562037
"2010-2014","3",0.772156860971681
"2010-2014","3",0.786671036045805
"2010-2014","3",0.757780085474677
"2010-2014","3",0.818752084793811
"2010-2014","3",0.776374315049846
"2010-2014","3",0.794494168280725
"2010-2014","3",0.725341305752019
"2010-2014","3",0.723101050941144
"2010-2014","3",0.733330395741258
"2010-2014","3",0.749993340315323
"2010-2014","3",0.771156675981817
"2010-2014","3",0.843861193787322
"2010-2014","3",0.736787571754593
"2010-2014","3",0.766170112271416
"2010-2014","3",0.808731828662005
"2010-2014","3",0.774311928292206
"2010-2014","3",0.761367013440859
"2010-2014","3",0.766542896879724
"2010-2014","3",0.726440450555469
"2010-2014","3",0.796135001132145
"2010-2014","3",0.76785228415525
"2010-2014","3",0.780749557779495
"2010-2014","3",0.827225261647123
"2010-2014","3",0.757668113968604
"2010-2014","3",0.800980376983547
"2010-2014","3",0.743418572119256
"2010-2014","3",0.795524779893519
"2010-2014","3",0.710973147395247
"2010-2014","3",0.758079001620714
"2010-2014","3",0.768893495841971
"2010-2014","3",0.721599119003403
"2010-2014","3",0.732471447884966
"2010-2014","3",0.820000005807485
"2010-2014","3",0.802482977110691
"2010-2014","3",0.727847207476022
"2010-2014","3",0.734574665246053
"2010-2014","3",0.78018132170885
"2010-2014","3",0.718059605295292
"2010-2014","3",0.772444343559425
"2010-2014","3",0.744436430831692
"2010-2014","3",0.823697785619591
"2010-2014","3",0.802502195542992
"2010-2014","3",0.793614675684807
"2010-2014","3",0.784925175161154
"2010-2014","3",0.801100079497123
"2010-2014","3",0.784110028723253
"2010-2014","3",0.748410339257928
"2010-2014","3",0.745435927799928
"2010-2014","3",0.751599520174646
"2010-2014","3",0.755292903034388
"2010-2014","3",0.752606271959254
"2010-2014","3",0.773483644767604
"2010-2014","3",0.768686989461383
"2010-2014","3",0.827326433672148
"2010-2014","3",0.778068121731819
"2010-2014","3",0.727589815829288
"2010-2014","3",0.737140660225903
"2010-2014","3",0.762910030003714
"2010-2014","3",0.773867939514474
"2010-2014","3",0.755619133665768
"2010-2014","3",0.777091700080887
"2010-2014","3",0.729891268333591
"2010-2014","3",0.800572953903697
"2010-2014","3",0.780129049122102
"2010-2014","3",0.709675043496949
"2010-2014","3",0.80938372780154
"2010-2014","3",0.726252601153315
"2010-2014","3",0.799432151208254
"2010-2014","3",0.735095333425324
"2010-2014","3",0.765831234426537
"2010-2014","3",0.773522857807834
"2010-2014","3",0.784609863893113
"2010-2014","3",0.762749441917372
"2010-2014","3",0.759109620718129
"2010-2014","3",0.801720190366108
"2010-2014","3",0.71417679808665
"2010-2014","3",0.794504369505019
"2010-2014","3",0.803364847779655
"2010-2014","3",0.764834454261428
"2010-2014","3",0.779907159488647
"2010-2014","3",0.763256200053876
"2010-2014","3",0.737699053032398
"2010-2014","3",0.705713907065746
"2010-2014","3",0.762703634350076
"2010-2014","3",0.767213364313866
"2010-2014","3",0.748057473497556
"2010-2014","3",0.763457202575775
"2010-2014","3",0.758752743366009
"2010-2014","3",0.72625692892565
"2010-2014","3",0.754121061390791
"2010-2014","3",0.743421640741823
"2010-2014","3",0.754876826735332
"2010-2014","3",0.762280034966714
"2010-2014","3",0.771345606586748
"2010-2014","3",0.787235568994627
"2010-2014","3",0.782131371525916
"2010-2014","3",0.841453438763811
"2010-2014","3",0.726879337935837
"2010-2014","3",0.750574017342718
"2010-2014","3",0.750333392392577
"2010-2014","3",0.781050952532566
"2010-2014","3",0.773746198574811
"2010-2014","3",0.783407469671362
"2010-2014","3",0.777699031033719
"2010-2014","3",0.796639149202197
"2010-2014","3",0.771604222019786
"2010-2014","3",0.759771696958803
"2010-2014","3",0.75179899327053
"2010-2014","3",0.769116718723238
"2010-2014","3",0.726173472072125
"2010-2014","3",0.711364511104363
"2010-2014","3",0.716776587139743
"2010-2014","3",0.768852366818847
"2010-2014","3",0.786905062692857
"2010-2014","3",0.789034751668149
"2010-2014","3",0.798742595929862
"2010-2014","3",0.761239526777689
"2010-2014","3",0.758154160174907
"2010-2014","3",0.702166417332187
"2010-2014","3",0.715079688920593
"2010-2014","3",0.702054956806022
"2010-2014","3",0.812762173581718
"2010-2014","3",0.822685320647905
"2010-2014","3",0.805437255575324
"2010-2014","3",0.742118579013975
"2010-2014","3",0.735801997838228
"2010-2014","3",0.701840988386797
"2010-2014","3",0.79369218427394
"2010-2014","3",0.806206031501882
"2010-2014","3",0.751267748314541
"2010-2014","3",0.724790366356331
"2010-2014","3",0.786860559113059
"2010-2014","3",0.803828678364683
"2010-2014","3",0.763527586484298
"2010-2014","3",0.74910436712281
"2010-2014","3",0.765386506552971
"2010-2014","3",0.779302877996538
"2010-2014","3",0.783303707953654
"2010-2014","3",0.740062384463328
"2010-2014","3",0.787256257045373
"2010-2014","3",0.745899068816682
"2010-2014","3",0.745491077863253
"2010-2014","3",0.736630234452758
"2010-2014","3",0.765467270580381
"2010-2014","3",0.762345103999051
"2010-2014","3",0.69335592609255
"2010-2014","3",0.741467456240287
"2010-2014","3",0.751823171631807
"2010-2014","3",0.796577131563235
"2010-2014","3",0.74897107644622
"2010-2014","3",0.745055989444986
"2010-2014","3",0.769659483227489
"2010-2014","3",0.823543407199911
"2010-2014","3",0.809114685917296
"2010-2014","3",0.767479143440685
"2010-2014","3",0.841888858210793
"2010-2014","3",0.760364343426823
"2010-2014","3",0.787786110232031
"2010-2014","3",0.817665018570343
"2010-2014","3",0.758918082380047
"2010-2014","3",0.79698660325691
"2010-2014","3",0.805130747060462
"2010-2014","3",0.743423279920476
"2010-2014","3",0.743815868624119
"2010-2014","3",0.74336600033405
"2010-2014","3",0.779240164040138
"2010-2014","3",0.736383065998797
"2010-2014","3",0.754097811886299
"2010-2014","3",0.756387096301519
"2010-2014","3",0.77437598051416
"2010-2014","3",0.756892161057635
"2010-2014","3",0.757973764638733
"2010-2014","3",0.758857168680831
"2010-2014","3",0.797715720299605
"2010-2014","3",0.784442387288815
"2010-2014","3",0.737449667961867
"2010-2014","3",0.773367586327824
"2010-2014","3",0.775519223478208
"2010-2014","3",0.734837574524405
"2010-2014","3",0.789399301078785
"2010-2014","3",0.747304823549074
"2010-2014","3",0.824206134530524
"2010-2014","3",0.807050944728351
"2010-2014","3",0.773908510168519
"2010-2014","3",0.713180701842949
"2010-2014","3",0.766555633483652
"2010-2014","3",0.694012746216217
"2010-2014","3",0.820686647750419
"2010-2014","3",0.7420932746034
"2010-2014","3",0.709814301542922
"2010-2014","3",0.833947161233015
"2010-2014","3",0.804909317897004
"2010-2014","3",0.748774917335812
"2010-2014","3",0.784989347432359
"2010-2014","3",0.787977038975027
"2010-2014","3",0.768362714690928
"2010-2014","3",0.797619335317608
"2010-2014","3",0.727947755874989
"2010-2014","3",0.794911336693951
"2010-2014","3",0.778783420269897
"2010-2014","3",0.755321876973208
"2010-2014","3",0.804262473330144
"2010-2014","3",0.753031655485842
"2010-2014","3",0.775649448018611
"2010-2014","3",0.76452137981031
"2010-2014","3",0.752634434544503
"2010-2014","3",0.767451855114579
"2010-2014","3",0.78420679476404
"2010-2014","3",0.76344568823505
"2010-2014","3",0.759115182322025
"2010-2014","3",0.764849000027117
"2010-2014","3",0.742409706067449
"2010-2014","3",0.803598099092652
"2010-2014","3",0.786766263466058
"2010-2014","3",0.73313055164343
"2010-2014","3",0.771756731634855
"2010-2014","3",0.716555124905479
"2010-2014","3",0.765057913852718
"2010-2014","3",0.77935662812868
"2010-2014","3",0.729466442766158
"2010-2014","3",0.723778469404953
"2010-2014","3",0.791366191078007
"2010-2014","3",0.786149802299464
"2010-2014","3",0.785422038972091
"2010-2014","3",0.745465681305864
"2010-2014","3",0.782819065644434
"2010-2014","3",0.738159868935463
"2010-2014","3",0.787298355105411
"2010-2014","3",0.724236529516868
"2010-2014","3",0.782304351334759
"2010-2014","3",0.773950054231753
"2010-2014","3",0.740059466900385
"2010-2014","3",0.818927554302872
"2010-2014","3",0.790708079939279
"2010-2014","3",0.814703678539175
"2010-2014","3",0.821720128362655
"2010-2014","3",0.802322812328876
"2010-2014","3",0.747423645190544
"2010-2014","3",0.780328437597394
"2010-2014","3",0.716049227757762
"2010-2014","3",0.813779455623521
"2010-2014","3",0.765087950760786
"2010-2014","3",0.801007305580333
"2010-2014","3",0.750433814197289
"2010-2014","3",0.776535725568576
"2010-2014","3",0.741672860328917
"2010-2014","3",0.791707415158979
"2010-2014","3",0.829097533804878
"2010-2014","3",0.729635657641607
"2010-2014","3",0.767048399628116
"2010-2014","3",0.728892763677985
"2010-2014","3",0.815380326507292
"2010-2014","3",0.806743611640219
"2010-2014","3",0.767104973414829
"2010-2014","3",0.821250658060055
"2010-2014","3",0.784234909893034
"2010-2014","3",0.779433771529441
"2010-2014","3",0.74323088449217
"2010-2014","3",0.7454298909537
"2010-2014","3",0.770318057361282
"2010-2014","3",0.763213766115556
"2010-2014","3",0.761064424552487
"2010-2014","3",0.745870304173525
"2010-2014","3",0.780155836515694
"2010-2014","3",0.75017158030048
"2010-2014","3",0.817461440554618
"2010-2014","3",0.772943212093981
"2010-2014","3",0.814513428570857
"2010-2014","3",0.797029096473449
"2010-2014","3",0.77094680585344
"2010-2014","3",0.756817399328629
"2010-2014","3",0.766829152240698
"2010-2014","3",0.707785533505049
"2010-2014","3",0.749322041186208
"2010-2014","3",0.767531400050287
"2010-2014","3",0.828426957159487
"2010-2014","3",0.753305894589476
"2010-2014","3",0.858593340334056
"2010-2014","3",0.794873792713213
"2010-2014","3",0.76931957055051
"2010-2014","3",0.78792126437063
"2010-2014","3",0.759300039785879
"2010-2014","3",0.791766671372009
"2010-2014","3",0.77843884657041
"2010-2014","3",0.726879255752829
"2010-2014","3",0.770370526142638
"2010-2014","3",0.796115984727852
"2010-2014","3",0.795037689306779
"2010-2014","3",0.811512678456928
"2010-2014","3",0.771486752449325
"2010-2014","3",0.750065735425198
"2010-2014","3",0.746586711440531
"2010-2014","3",0.763030746778188
"2010-2014","3",0.758486865872382
"2010-2014","3",0.721507900692888
"2010-2014","3",0.76074514795277
"2010-2014","3",0.726272733667754
"2010-2014","3",0.803975146265009
"2010-2014","3",0.746334187784457
"2010-2014","3",0.747844504514663
"2010-2014","3",0.796970876151468
"2010-2014","3",0.765530332766299
"2010-2014","3",0.720236707036005
"2010-2014","3",0.746914878855295
"2010-2014","3",0.782261341107065
"2010-2014","3",0.812599684071124
"2010-2014","3",0.805446769107725
"2010-2014","3",0.807032867920317
"2010-2014","3",0.728817559122782
"2010-2014","3",0.781308047246851
"2010-2014","3",0.759027928944036
"2010-2014","3",0.759093282400386
"2010-2014","3",0.75602263158356
"2010-2014","3",0.719213290604979
"2010-2014","3",0.771713068915633
"2010-2014","3",0.761150102869205
"2010-2014","3",0.869202096960379
"2010-2014","3",0.753382329342919
"2010-2014","3",0.759183562525345
"2010-2014","3",0.803441423032778
"2010-2014","3",0.745536730597555
"2010-2014","3",0.740326541483604
"2010-2014","3",0.774428644991374
"2010-2014","3",0.751379195771717
"2010-2014","3",0.728936308596451
"2010-2014","3",0.771776107123001
"2010-2014","3",0.799433448541961
"2010-2014","3",0.716743994569313
"2010-2014","3",0.762617972808252
"2010-2014","3",0.770168206998302
"2010-2014","3",0.791106561049894
"2010-2014","3",0.847773695743022
"2010-2014","3",0.704692320585436
"2010-2014","3",0.744732321627078
"2010-2014","3",0.85732683687693
"2010-2014","3",0.734341077683537
"2010-2014","3",0.756555516459555
"2010-2014","3",0.756650731124199
"2010-2014","3",0.73326666424612
"2010-2014","3",0.768118409703721
"2010-2014","3",0.786034206317589
"2010-2014","3",0.795578718676709
"2010-2014","3",0.719026684224346
"2010-2014","3",0.721908727335384
"2010-2014","3",0.747713239227134
"2010-2014","3",0.782851593927708
"2010-2014","3",0.728569893084007
"2010-2014","3",0.795177015883967
"2010-2014","3",0.7875113142365
"2010-2014","3",0.814295632618088
"2010-2014","3",0.769519202125884
"2010-2014","3",0.728296721710184
"2010-2014","3",0.728271724811843
"2010-2014","3",0.720350369202991
"2010-2014","3",0.797090495657749
"2010-2014","3",0.803847769655048
"2010-2014","3",0.80548348899191
"2010-2014","3",0.747350534655993
"2010-2014","3",0.781721512446868
"2010-2014","3",0.767273893744083
"2010-2014","3",0.794268958985181
"2010-2014","3",0.75946597578617
"2010-2014","3",0.718498861000529
"2010-2014","3",0.702761768515814
"2010-2014","3",0.743303575501548
"2010-2014","3",0.823774173065382
"2010-2014","3",0.820118831862097
"2010-2014","3",0.723273816955466
"2010-2014","3",0.727750170382489
"2010-2014","3",0.782747453734461
"2010-2014","3",0.760220316658055
"2010-2014","3",0.761226529139988
"2010-2014","3",0.805923416419381
"2010-2014","3",0.749269498973833
"2010-2014","3",0.710980140391161
"2010-2014","3",0.761477542816181
"2010-2014","3",0.838447014800151
"2010-2014","3",0.817273638098642
"2010-2014","3",0.712081366967585
"2010-2014","3",0.753943270901587
"2010-2014","3",0.798836488491281
"2010-2014","3",0.769148275344134
"2010-2014","3",0.744820896729653
"2010-2014","3",0.734759303343419
"2010-2014","3",0.713329735391704
"2010-2014","3",0.801844447572835
"2010-2014","3",0.749487324597601
"2010-2014","3",0.788346649570822
"2010-2014","3",0.76777898580143
"2010-2014","3",0.799514398447635
"2010-2014","3",0.818859661004554
"2010-2014","3",0.783674886270118
"2010-2014","3",0.730810282049657
"2010-2014","3",0.720500416503103
"2010-2014","3",0.757815463326697
"2010-2014","3",0.770948016990923
"2010-2014","3",0.771792435073236
"2010-2014","3",0.753851814087341
"2010-2014","3",0.703618700885363
"2010-2014","3",0.700426359233067
"2010-2014","3",0.738961441873857
"2010-2014","3",0.762127906666763
"2010-2014","3",0.787611873517879
"2010-2014","3",0.791958787783503
"2010-2014","3",0.782371553290578
"2010-2014","3",0.777660748528127
"2010-2014","3",0.75820819448942
"2010-2014","3",0.791678740510932
"2010-2014","3",0.696542976861008
"2010-2014","3",0.694337027989884
"2010-2014","3",0.782529558857846
"2010-2014","3",0.703712577026169
"2010-2014","3",0.828728857364891
"2010-2014","3",0.77563217175388
"2010-2014","3",0.711016688032853
"2010-2014","3",0.733103707738509
"2010-2014","3",0.736201112547243
"2010-2014","3",0.751599004043969
"2010-2014","3",0.741541844686836
"2010-2014","3",0.803711664370714
"2010-2014","3",0.769883467352153
"2010-2014","3",0.760449328004303
"2010-2014","3",0.765262532628443
"2010-2014","3",0.76823951011493
"2010-2014","3",0.742903951101225
"2010-2014","3",0.758985647341536
"2010-2014","3",0.749746516225041
"2010-2014","3",0.719956525582418
"2010-2014","3",0.802060702476853
"2010-2014","3",0.784656814773323
"2010-2014","3",0.757406911197118
"2010-2014","3",0.784563332766439
"2010-2014","3",0.758400503965805
"2010-2014","3",0.745670584326968
"2010-2014","3",0.775946167350983
"2010-2014","3",0.760800581780603
"2010-2014","3",0.783218405453194
"2010-2014","3",0.77675877899219
"2010-2014","3",0.752958502585878
"2010-2014","3",0.737191677004044
"2010-2014","3",0.770832913126205
"2010-2014","3",0.798422830067878
"2010-2014","3",0.779597507184115
"2010-2014","3",0.772390401473514
"2010-2014","3",0.731151253413376
"2010-2014","3",0.75121035534671
"2010-2014","3",0.766287892414781
"2010-2014","3",0.761070207682913
"2010-2014","3",0.758076591603418
"2010-2014","3",0.739282530692622
"2010-2014","3",0.743710889850567
"2010-2014","3",0.79904965261288
"2010-2014","3",0.810426783158065
"2010-2014","3",0.718522052326438
"2010-2014","3",0.800166533673288
"2010-2014","3",0.755355180745085
"2010-2014","3",0.804992840211636
"2010-2014","3",0.738565942713077
"2010-2014","3",0.782558333304834
"2010-2014","3",0.750924909248915
"2010-2014","3",0.785427132107819
"2010-2014","3",0.756849633713969
"2010-2014","3",0.730861673051437
"2010-2014","3",0.756114015137946
"2010-2014","3",0.724241737609969
"2010-2014","3",0.768862861734708
"2010-2014","3",0.778979706193332
"2010-2014","3",0.776462821586526
"2010-2014","3",0.721980743840057
"2010-2014","3",0.832125253881456
"2010-2014","3",0.820934104684393
"2010-2014","3",0.730247527768716
"2010-2014","3",0.74769135890895
"2010-2014","3",0.761035656670903
"2010-2014","3",0.775556129907298
"2010-2014","3",0.789722856058364
"2010-2014","3",0.788411374464436
"2010-2014","3",0.753003412087406
"2010-2014","3",0.791956795860848
"2010-2014","3",0.731403317684697
"2010-2014","3",0.748738401624794
"2010-2014","3",0.790551877344117
"2010-2014","3",0.779652922014582
"2010-2014","3",0.758371321912351
"2010-2014","3",0.734299295012063
"2010-2014","3",0.71947782652537
"2010-2014","3",0.787302711449795
"2010-2014","3",0.79654755635356
"2010-2014","3",0.731155733459338
"2010-2014","3",0.716018509008204
"2010-2014","3",0.80549470176692
"2010-2014","3",0.809567875473599
"2010-2014","3",0.772832087639285
"2010-2014","3",0.762639568827281
"2010-2014","3",0.718607635174945
"2010-2014","3",0.761547188255835
"2010-2014","3",0.802235257015217
"2010-2014","3",0.810984662622514
"2010-2014","3",0.694199105134692
"2010-2014","3",0.741504477369768
"2010-2014","3",0.757817901430735
"2010-2014","3",0.705622629283828
"2010-2014","3",0.794774452077214
"2010-2014","3",0.79701105701941
"2010-2014","3",0.768218205098375
"2010-2014","3",0.760639603724619
"2010-2014","3",0.735351408146638
"2010-2014","3",0.783788768355988
"2010-2014","3",0.804990868399
"2010-2014","3",0.797921669983679
"2010-2014","3",0.800917068782407
"2010-2014","3",0.838063420139777
"2010-2014","3",0.746284748790381
"2010-2014","3",0.760621762634717
"2010-2014","3",0.735361425096796
"2010-2014","3",0.74846720010439
"2010-2014","3",0.777286417746983
"2010-2014","3",0.770781247298807
"2010-2014","3",0.712370117289845
"2010-2014","3",0.752888681563673
"2010-2014","3",0.746276061659233
"2010-2014","3",0.692776544937442
"2010-2014","3",0.75524457514377
"2010-2014","3",0.799338700414108
"2010-2014","3",0.770912255315378
"2010-2014","3",0.822181135412961
"2010-2014","3",0.746958498303673
"2010-2014","3",0.817371345888146
"2010-2014","3",0.778035364089555
"2010-2014","3",0.757962944406315
"2010-2014","3",0.768793791351418
"2010-2014","3",0.786486361305823
"2010-2014","3",0.740815623803325
"2010-2014","3",0.719082653218041
"2010-2014","3",0.740889755124736
"2010-2014","3",0.764498190554627
"2010-2014","3",0.797215884172401
"2010-2014","3",0.77353693443999
"2010-2014","3",0.75139860686432
"2010-2014","3",0.790529715004456
"2010-2014","3",0.739069024345602
"2010-2014","3",0.788041771137128
"2010-2014","3",0.824259966885718
"2010-2014","3",0.773880323542094
"2010-2014","3",0.812455289839517
"2010-2014","3",0.747740151725707
"2010-2014","3",0.749281500832834
"2010-2014","3",0.709425879937066
"2010-2014","3",0.738553572915038
"2010-2014","3",0.855304192719796
"2010-2014","3",0.807940104854464
"2010-2014","3",0.789241573362848
"2010-2014","3",0.79895111477523
"2010-2014","3",0.760328887161181
"2010-2014","3",0.741040944545818
"2010-2014","3",0.764267210099563
"2010-2014","3",0.789089058953641
"2010-2014","3",0.754784543524888
"2010-2014","3",0.77256280288818
"2010-2014","3",0.734193970273995
"2010-2014","3",0.800057667362931
"2010-2014","3",0.793060760968325
"2010-2014","3",0.758058664032922
"2010-2014","3",0.752045943864508
"2010-2014","3",0.768839480793531
"2010-2014","3",0.77441691392778
"2010-2014","3",0.743977201765483
"2010-2014","3",0.758001003068717
"2010-2014","3",0.70932459905457
"2010-2014","3",0.791859924943939
"2010-2014","3",0.830053709564047
"2010-2014","3",0.738780013983939
"2010-2014","3",0.794468606910741
"2010-2014","3",0.852609168087309
"2010-2014","3",0.74791209204657
"2010-2014","3",0.743815650822366
"2010-2014","3",0.731985673820296
"2010-2014","3",0.792062567253111
"2010-2014","3",0.779887195145898
"2010-2014","3",0.794516569426078
"2010-2014","3",0.729222007348067
"2010-2014","3",0.711376983529886
"2010-2014","3",0.7780130401863
"2010-2014","3",0.750220334979084
"2010-2014","3",0.778703882123077
"2010-2014","3",0.732629695586083
"2010-2014","3",0.789875795538645
"2010-2014","3",0.761384464959477
"2010-2014","3",0.729403294814104
"2010-2014","3",0.729116828566484
"2010-2014","3",0.718197977204971
"2010-2014","3",0.784966522491383
"2010-2014","3",0.760285259335307
"2010-2014","3",0.828526325868181
"2010-2014","3",0.813544455663978
"2010-2014","3",0.782657949805277
"2010-2014","3",0.761727577183145
"2010-2014","3",0.765185803858409
"2010-2014","3",0.740412633489421
"2010-2014","3",0.791108153573878
"2010-2014","3",0.74331965440285
"2010-2014","3",0.773333005292609
"2010-2014","3",0.78085967829587
"2010-2014","3",0.706658716341384
"2010-2014","3",0.737221661206914
"2010-2014","3",0.807549629040624
"2010-2014","3",0.792103236035369
"2010-2014","3",0.788875614483675
"2010-2014","3",0.815961852116879
"2010-2014","3",0.747864722247675
"2010-2014","3",0.75890658154652
"2010-2014","3",0.773998433606067
"2010-2014","3",0.797783414044445
"2010-2014","3",0.757510170067275
"2010-2014","3",0.738509266635243
"2010-2014","3",0.780968363932689
"2010-2014","3",0.763798132537395
"2010-2014","3",0.749403707061029
"2010-2014","3",0.801960010367374
"2010-2014","3",0.795713746052316
"2010-2014","3",0.807263858094593
"2010-2014","3",0.817189714979782
"2010-2014","3",0.756723998283565
"2010-2014","3",0.779410541698246
"2010-2014","3",0.766834267978687
"2010-2014","3",0.746239644320158
"2010-2014","3",0.755726029304981
"2010-2014","3",0.813094374891823
"2010-2014","3",0.797246003230474
"2010-2014","3",0.749113503591957
"2010-2014","3",0.766095513997311
"2010-2014","3",0.776003942745177
"2010-2014","3",0.773467070535091
"2010-2014","3",0.822897230854322
"2010-2014","3",0.749831778171062
"2010-2014","3",0.798160295584761
"2010-2014","3",0.801617933548151
"2010-2014","3",0.75538336614766
"2010-2014","3",0.819998461119619
"2010-2014","3",0.764930906985726
"2010-2014","3",0.733219860054483
"2010-2014","3",0.74733922954172
"2010-2014","3",0.795452388381441
"2010-2014","3",0.784679532988375
"2010-2014","3",0.745538454096585
"2010-2014","3",0.782864510281317
"2010-2014","3",0.757883524281167
"2010-2014","3",0.786185799392585
"2010-2014","3",0.803254887773922
"2010-2014","3",0.740353313934688
"2010-2014","3",0.774657798772382
"2010-2014","3",0.725731859184372
"2010-2014","3",0.764306928238932
"2010-2014","3",0.775194066295793
"2010-2014","3",0.789748745352662
"2010-2014","3",0.764329846539636
"2010-2014","3",0.72009907341541
"2010-2014","3",0.806803468932419
"2010-2014","3",0.720704930867561
"2010-2014","3",0.796615094638867
"2010-2014","3",0.734048296657944
"2010-2014","3",0.73972472766245
"2010-2014","3",0.737351596082056
"2010-2014","3",0.813764091063423
"2010-2014","3",0.708334316545423
"2010-2014","3",0.815089707828221
"2010-2014","3",0.717298410793716
"2010-2014","3",0.797752232070384
"2010-2014","3",0.822352801503129
"2010-2014","3",0.787874002379537
"2010-2014","3",0.738223417133033
"2010-2014","3",0.769105406935722
"2010-2014","4",0.654436029619729
"2010-2014","4",0.68232257726593
"2010-2014","4",0.68174940859182
"2010-2014","4",0.66481761340653
"2010-2014","4",0.67095010218004
"2010-2014","4",0.6942307524415
"2010-2014","4",0.65609893861476
"2010-2014","4",0.672652154556729
"2010-2014","4",0.651202980358525
"2010-2014","4",0.652791745435057
"2010-2014","4",0.664994980550293
"2010-2014","4",0.701485025171535
"2010-2014","4",0.670341196694145
"2010-2014","4",0.680138491669039
"2010-2014","4",0.672214535797685
"2010-2014","4",0.676015198968263
"2010-2014","4",0.677487871691961
"2010-2014","4",0.679379927792714
"2010-2014","4",0.662042051183694
"2010-2014","4",0.673408982792589
"2010-2014","4",0.719922175165461
"2010-2014","4",0.684159181193546
"2010-2014","4",0.724882055115403
"2010-2014","4",0.653785981732998
"2010-2014","4",0.720602683343229
"2010-2014","4",0.639855648907025
"2010-2014","4",0.68472242258408
"2010-2014","4",0.637224117968137
"2010-2014","4",0.68477759936844
"2010-2014","4",0.702596692359702
"2010-2014","4",0.694999697766444
"2010-2014","4",0.679712682388649
"2010-2014","4",0.64605828079615
"2010-2014","4",0.64540523332322
"2010-2014","4",0.684359973774749
"2010-2014","4",0.663539905362114
"2010-2014","4",0.686676101028908
"2010-2014","4",0.66310860870075
"2010-2014","4",0.709378785207282
"2010-2014","4",0.694263120809196
"2010-2014","4",0.673032531525438
"2010-2014","4",0.686588823964258
"2010-2014","4",0.69870017628623
"2010-2014","4",0.663615423602948
"2010-2014","4",0.67840838078454
"2010-2014","4",0.661006825678877
"2010-2014","4",0.675137576840522
"2010-2014","4",0.651176788260604
"2010-2014","4",0.665722989282277
"2010-2014","4",0.654576171311024
"2010-2014","4",0.659734742291464
"2010-2014","4",0.650966735262763
"2010-2014","4",0.715773780452464
"2010-2014","4",0.649574696932038
"2010-2014","4",0.666365416747678
"2010-2014","4",0.675006969874742
"2010-2014","4",0.69553868873603
"2010-2014","4",0.683169059196728
"2010-2014","4",0.650093576856692
"2010-2014","4",0.643260256550167
"2010-2014","4",0.678597971426597
"2010-2014","4",0.6538032560399
"2010-2014","4",0.675333082986674
"2010-2014","4",0.708401623883376
"2010-2014","4",0.676097676461235
"2010-2014","4",0.683866414423993
"2010-2014","4",0.682501160890182
"2010-2014","4",0.664314980154713
"2010-2014","4",0.672063696874939
"2010-2014","4",0.710698028637795
"2010-2014","4",0.674271301241823
"2010-2014","4",0.673335500579664
"2010-2014","4",0.659229635560577
"2010-2014","4",0.644484462911162
"2010-2014","4",0.661317137773094
"2010-2014","4",0.68511647241878
"2010-2014","4",0.6591589733377
"2010-2014","4",0.679710527625963
"2010-2014","4",0.668977316627779
"2010-2014","4",0.655788930237879
"2010-2014","4",0.695002569195737
"2010-2014","4",0.662223905933696
"2010-2014","4",0.683853183709872
"2010-2014","4",0.687387888468156
"2010-2014","4",0.632354592144715
"2010-2014","4",0.686812212519278
"2010-2014","4",0.666877247710845
"2010-2014","4",0.683621498728707
"2010-2014","4",0.688802941054653
"2010-2014","4",0.673818072270709
"2010-2014","4",0.671489296047709
"2010-2014","4",0.685036332238142
"2010-2014","4",0.657668794382467
"2010-2014","4",0.676560754147214
"2010-2014","4",0.674864455294733
"2010-2014","4",0.680007929357413
"2010-2014","4",0.663416748970786
"2010-2014","4",0.672249444617059
"2010-2014","4",0.671320057836746
"2010-2014","4",0.679839878500236
"2010-2014","4",0.681154425941384
"2010-2014","4",0.655360624334367
"2010-2014","4",0.653665568484042
"2010-2014","4",0.713873392439386
"2010-2014","4",0.666148931281912
"2010-2014","4",0.669665810812635
"2010-2014","4",0.66131181748715
"2010-2014","4",0.666807196713181
"2010-2014","4",0.666313427353293
"2010-2014","4",0.682922680052869
"2010-2014","4",0.667739490308008
"2010-2014","4",0.674854481986705
"2010-2014","4",0.651341646295973
"2010-2014","4",0.684765030913917
"2010-2014","4",0.667439454578546
"2010-2014","4",0.663941590457631
"2010-2014","4",0.681806085801466
"2010-2014","4",0.68306718132237
"2010-2014","4",0.679465967174688
"2010-2014","4",0.693772547368723
"2010-2014","4",0.678763656820434
"2010-2014","4",0.652987631590314
"2010-2014","4",0.681935776880472
"2010-2014","4",0.688533172810763
"2010-2014","4",0.652752098624412
"2010-2014","4",0.690435011773822
"2010-2014","4",0.691338250411089
"2010-2014","4",0.655188882347084
"2010-2014","4",0.677041973425129
"2010-2014","4",0.68930445413497
"2010-2014","4",0.661198747819678
"2010-2014","4",0.647419848369696
"2010-2014","4",0.660578510485097
"2010-2014","4",0.709334655274874
"2010-2014","4",0.677594472335526
"2010-2014","4",0.668399460135352
"2010-2014","4",0.653965621035934
"2010-2014","4",0.66042394855056
"2010-2014","4",0.73132251766288
"2010-2014","4",0.679529990601299
"2010-2014","4",0.663962708534173
"2010-2014","4",0.683200153972634
"2010-2014","4",0.685369692346816
"2010-2014","4",0.677127606740102
"2010-2014","4",0.669946633457529
"2010-2014","4",0.696702538350314
"2010-2014","4",0.671569871409071
"2010-2014","4",0.664660704345099
"2010-2014","4",0.65789930528816
"2010-2014","4",0.703362395133603
"2010-2014","4",0.687637950451014
"2010-2014","4",0.654256287083652
"2010-2014","4",0.679011143831334
"2010-2014","4",0.648714923531162
"2010-2014","4",0.691576091606396
"2010-2014","4",0.697375426108374
"2010-2014","4",0.672745964689723
"2010-2014","4",0.664485735256169
"2010-2014","4",0.665534007093381
"2010-2014","4",0.6555448523604
"2010-2014","4",0.690048531540473
"2010-2014","4",0.624784295958014
"2010-2014","4",0.681119897407261
"2010-2014","4",0.67143295279616
"2010-2014","4",0.699602808871388
"2010-2014","4",0.685745841057439
"2010-2014","4",0.677423111830513
"2010-2014","4",0.64860928159036
"2010-2014","4",0.682478071425343
"2010-2014","4",0.65267430252141
"2010-2014","4",0.690302520391118
"2010-2014","4",0.656600334938711
"2010-2014","4",0.67359391211708
"2010-2014","4",0.670018029762793
"2010-2014","4",0.687306663813723
"2010-2014","4",0.703611303162787
"2010-2014","4",0.668705990402726
"2010-2014","4",0.683611401396457
"2010-2014","4",0.657527347477507
"2010-2014","4",0.683209255275141
"2010-2014","4",0.666510846080071
"2010-2014","4",0.652996542884762
"2010-2014","4",0.658876500414641
"2010-2014","4",0.667248534740136
"2010-2014","4",0.653351188699098
"2010-2014","4",0.667746166524188
"2010-2014","4",0.683496478390207
"2010-2014","4",0.665275346277179
"2010-2014","4",0.683184494690084
"2010-2014","4",0.657779319401619
"2010-2014","4",0.657526187356142
"2010-2014","4",0.713747637730255
"2010-2014","4",0.650453992689162
"2010-2014","4",0.667134402660943
"2010-2014","4",0.665566464023899
"2010-2014","4",0.702325337119699
"2010-2014","4",0.67876316038378
"2010-2014","4",0.655585105248958
"2010-2014","4",0.709321797964229
"2010-2014","4",0.636612289948954
"2010-2014","4",0.658745655605832
"2010-2014","4",0.697287382576402
"2010-2014","4",0.685925225857752
"2010-2014","4",0.672077805260462
"2010-2014","4",0.679206458249971
"2010-2014","4",0.63427441608229
"2010-2014","4",0.671721451567245
"2010-2014","4",0.675451295304047
"2010-2014","4",0.698525446506245
"2010-2014","4",0.669096558207988
"2010-2014","4",0.688696865424146
"2010-2014","4",0.64909077760495
"2010-2014","4",0.65497959020187
"2010-2014","4",0.673285720970741
"2010-2014","4",0.698789088583973
"2010-2014","4",0.695326280478306
"2010-2014","4",0.663937766589883
"2010-2014","4",0.671233119567571
"2010-2014","4",0.653461915925956
"2010-2014","4",0.669855542603284
"2010-2014","4",0.684623929838563
"2010-2014","4",0.672682916662319
"2010-2014","4",0.671273498358745
"2010-2014","4",0.676704484725969
"2010-2014","4",0.675371830063959
"2010-2014","4",0.658322250294067
"2010-2014","4",0.673629771784618
"2010-2014","4",0.69036236796056
"2010-2014","4",0.689511193612496
"2010-2014","4",0.673314911544349
"2010-2014","4",0.665581764394897
"2010-2014","4",0.659857361381061
"2010-2014","4",0.70307198248369
"2010-2014","4",0.68289300787007
"2010-2014","4",0.663446139707182
"2010-2014","4",0.695600858880397
"2010-2014","4",0.666636109357882
"2010-2014","4",0.654343247208344
"2010-2014","4",0.662008620927259
"2010-2014","4",0.693704905314485
"2010-2014","4",0.676438720682953
"2010-2014","4",0.68783269027319
"2010-2014","4",0.652635118359027
"2010-2014","4",0.683715074535058
"2010-2014","4",0.669419994420056
"2010-2014","4",0.68334312440737
"2010-2014","4",0.68317545427239
"2010-2014","4",0.630337789641946
"2010-2014","4",0.681580924516134
"2010-2014","4",0.703718681976501
"2010-2014","4",0.669052536810093
"2010-2014","4",0.664540213798257
"2010-2014","4",0.682371002479797
"2010-2014","4",0.692855779551513
"2010-2014","4",0.687223826143878
"2010-2014","4",0.660359808502881
"2010-2014","4",0.673230819755166
"2010-2014","4",0.673186456698603
"2010-2014","4",0.648964213843716
"2010-2014","4",0.684349789730333
"2010-2014","4",0.673547226061072
"2010-2014","4",0.660749581082108
"2010-2014","4",0.679762577546416
"2010-2014","4",0.656915450031813
"2010-2014","4",0.708059529511219
"2010-2014","4",0.655319513655855
"2010-2014","4",0.695971423304168
"2010-2014","4",0.660230788263907
"2010-2014","4",0.679078322428169
"2010-2014","4",0.694212814099871
"2010-2014","4",0.679678195710179
"2010-2014","4",0.683363354028571
"2010-2014","4",0.648788114515357
"2010-2014","4",0.673768146912021
"2010-2014","4",0.6746732621657
"2010-2014","4",0.676421826439064
"2010-2014","4",0.6715111646154
"2010-2014","4",0.647234727771729
"2010-2014","4",0.691243832214476
"2010-2014","4",0.646119567279236
"2010-2014","4",0.654341582732373
"2010-2014","4",0.699323572583896
"2010-2014","4",0.67525344575278
"2010-2014","4",0.690983410447073
"2010-2014","4",0.650326454818203
"2010-2014","4",0.681714926978717
"2010-2014","4",0.660321599262882
"2010-2014","4",0.656762699134291
"2010-2014","4",0.652621894598616
"2010-2014","4",0.680309734756181
"2010-2014","4",0.683282913693914
"2010-2014","4",0.645881592105618
"2010-2014","4",0.666613207179681
"2010-2014","4",0.690255992086825
"2010-2014","4",0.725472568717761
"2010-2014","4",0.661940298678715
"2010-2014","4",0.679153349073313
"2010-2014","4",0.679230003034826
"2010-2014","4",0.687722216502581
"2010-2014","4",0.688591496294746
"2010-2014","4",0.692481849874104
"2010-2014","4",0.668304042824868
"2010-2014","4",0.659594687215634
"2010-2014","4",0.653320526509654
"2010-2014","4",0.670790538081776
"2010-2014","4",0.686089728848512
"2010-2014","4",0.67379914847383
"2010-2014","4",0.649959601651605
"2010-2014","4",0.64447030388287
"2010-2014","4",0.668932546836085
"2010-2014","4",0.684009060476092
"2010-2014","4",0.684644135454102
"2010-2014","4",0.694385170789353
"2010-2014","4",0.690454536908723
"2010-2014","4",0.670707489285026
"2010-2014","4",0.676342499069337
"2010-2014","4",0.69392418947758
"2010-2014","4",0.673042183431104
"2010-2014","4",0.656167768241561
"2010-2014","4",0.657058255573195
"2010-2014","4",0.647782081170158
"2010-2014","4",0.66271883427053
"2010-2014","4",0.659525136998876
"2010-2014","4",0.678984015185687
"2010-2014","4",0.654210314653632
"2010-2014","4",0.674309887685472
"2010-2014","4",0.710954424541599
"2010-2014","4",0.672328123100943
"2010-2014","4",0.68559865426905
"2010-2014","4",0.695806373137344
"2010-2014","4",0.66906134551005
"2010-2014","4",0.675125506400969
"2010-2014","4",0.712744240276125
"2010-2014","4",0.663113896282697
"2010-2014","4",0.68003464821607
"2010-2014","4",0.626835085518592
"2010-2014","4",0.658046146597721
"2010-2014","4",0.686722339594369
"2010-2014","4",0.645694738379751
"2010-2014","4",0.707149406726366
"2010-2014","4",0.672864392760938
"2010-2014","4",0.674469244330835
"2010-2014","4",0.665610129643163
"2010-2014","4",0.642555170126935
"2010-2014","4",0.653001607961428
"2010-2014","4",0.676842402793155
"2010-2014","4",0.686721664532538
"2010-2014","4",0.629442517478689
"2010-2014","4",0.674614395190256
"2010-2014","4",0.649828406117312
"2010-2014","4",0.670935538361899
"2010-2014","4",0.630885594914099
"2010-2014","4",0.697413047323111
"2010-2014","4",0.673412079439807
"2010-2014","4",0.672522418629607
"2010-2014","4",0.651438782216228
"2010-2014","4",0.67950101446001
"2010-2014","4",0.686341274901512
"2010-2014","4",0.699881907332973
"2010-2014","4",0.69334961663172
"2010-2014","4",0.665855211246522
"2010-2014","4",0.672238721096917
"2010-2014","4",0.68328514299946
"2010-2014","4",0.68364719390934
"2010-2014","4",0.689406595185605
"2010-2014","4",0.680718363711928
"2010-2014","4",0.637333506608919
"2010-2014","4",0.722425816524929
"2010-2014","4",0.677859489380795
"2010-2014","4",0.700166794432671
"2010-2014","4",0.684973612789011
"2010-2014","4",0.657494396033019
"2010-2014","4",0.678202230673751
"2010-2014","4",0.635463982755086
"2010-2014","4",0.665638756867883
"2010-2014","4",0.678442122926704
"2010-2014","4",0.674053172941293
"2010-2014","4",0.669307022995672
"2010-2014","4",0.69634896647322
"2010-2014","4",0.656162762162433
"2010-2014","4",0.678974734534039
"2010-2014","4",0.691418801412436
"2010-2014","4",0.655030646609853
"2010-2014","4",0.683215476427234
"2010-2014","4",0.668108959297983
"2010-2014","4",0.674287786583898
"2010-2014","4",0.697219090957355
"2010-2014","4",0.694390276437506
"2010-2014","4",0.677725750458692
"2010-2014","4",0.69430290777098
"2010-2014","4",0.678076785961898
"2010-2014","4",0.654228363338352
"2010-2014","4",0.663622093645271
"2010-2014","4",0.695509006403873
"2010-2014","4",0.696464612035448
"2010-2014","4",0.67133683469928
"2010-2014","4",0.689890011330896
"2010-2014","4",0.643200671116236
"2010-2014","4",0.662287639861096
"2010-2014","4",0.690934022922677
"2010-2014","4",0.672531123563683
"2010-2014","4",0.649830027349172
"2010-2014","4",0.688644620608013
"2010-2014","4",0.669934607650153
"2010-2014","4",0.631917500532286
"2010-2014","4",0.684376735792695
"2010-2014","4",0.651186329714949
"2010-2014","4",0.694797464423233
"2010-2014","4",0.664576149232893
"2010-2014","4",0.747793174731327
"2010-2014","4",0.654754009704452
"2010-2014","4",0.696322220086507
"2010-2014","4",0.644562333141224
"2010-2014","4",0.676266166262724
"2010-2014","4",0.669733966423111
"2010-2014","4",0.70662749463517
"2010-2014","4",0.717599409658308
"2010-2014","4",0.695306231429989
"2010-2014","4",0.659551974125559
"2010-2014","4",0.667937867932987
"2010-2014","4",0.65381168189274
"2010-2014","4",0.675774695568322
"2010-2014","4",0.695322763632851
"2010-2014","4",0.642293226310947
"2010-2014","4",0.686572199647649
"2010-2014","4",0.677928765743063
"2010-2014","4",0.68818577107414
"2010-2014","4",0.695180974895849
"2010-2014","4",0.692728473723571
"2010-2014","4",0.673920619896122
"2010-2014","4",0.697764801177386
"2010-2014","4",0.663399839964543
"2010-2014","4",0.688560804769864
"2010-2014","4",0.689638582689081
"2010-2014","4",0.677863499662499
"2010-2014","4",0.692631532986279
"2010-2014","4",0.682103645248522
"2010-2014","4",0.672419595618039
"2010-2014","4",0.681090574303307
"2010-2014","4",0.671580167127399
"2010-2014","4",0.645281902466497
"2010-2014","4",0.7110416614509
"2010-2014","4",0.661635471543013
"2010-2014","4",0.653628756516662
"2010-2014","4",0.676377546034651
"2010-2014","4",0.67118341376873
"2010-2014","4",0.685523084352524
"2010-2014","4",0.694393829935417
"2010-2014","4",0.656820336253678
"2010-2014","4",0.678387231915437
"2010-2014","4",0.646710113499816
"2010-2014","4",0.690508373419138
"2010-2014","4",0.689388227919311
"2010-2014","4",0.682012056496385
"2010-2014","4",0.693634900658476
"2010-2014","4",0.668253318134344
"2010-2014","4",0.640567606232708
"2010-2014","4",0.660362538370655
"2010-2014","4",0.663094401199463
"2010-2014","4",0.668989133839472
"2010-2014","4",0.66565010349592
"2010-2014","4",0.679136983842161
"2010-2014","4",0.657361608969842
"2010-2014","4",0.694109147155257
"2010-2014","4",0.674275340180945
"2010-2014","4",0.635792671440169
"2010-2014","4",0.661629292476632
"2010-2014","4",0.681338983447807
"2010-2014","4",0.666859818728846
"2010-2014","4",0.643653773942936
"2010-2014","4",0.660891338566082
"2010-2014","4",0.677525042843615
"2010-2014","4",0.664119312636358
"2010-2014","4",0.688884991056669
"2010-2014","4",0.682762209130329
"2010-2014","4",0.660756889908758
"2010-2014","4",0.68747785916087
"2010-2014","4",0.634272017171479
"2010-2014","4",0.696424077004962
"2010-2014","4",0.66662911258982
"2010-2014","4",0.66608823785786
"2010-2014","4",0.646538912862472
"2010-2014","4",0.648370111024201
"2010-2014","4",0.725272604436707
"2010-2014","4",0.669155762217915
"2010-2014","4",0.666866886715272
"2010-2014","4",0.66446138739644
"2010-2014","4",0.652707080768491
"2010-2014","4",0.662695126350092
"2010-2014","4",0.649459917574952
"2010-2014","4",0.663313834753918
"2010-2014","4",0.679612145884344
"2010-2014","4",0.649117800471874
"2010-2014","4",0.668684474648204
"2010-2014","4",0.67522307357352
"2010-2014","4",0.662725012879245
"2010-2014","4",0.651266907796535
"2010-2014","4",0.662439522973944
"2010-2014","4",0.678397637464177
"2010-2014","4",0.686607135617205
"2010-2014","4",0.681601100729376
"2010-2014","4",0.671125901437915
"2010-2014","4",0.674580687244225
"2010-2014","4",0.680765442970725
"2010-2014","4",0.701794054264297
"2010-2014","4",0.676928589109838
"2010-2014","4",0.679493920605082
"2010-2014","4",0.669296598534994
"2010-2014","4",0.668651840679423
"2010-2014","4",0.693178612569822
"2010-2014","4",0.705432049577432
"2010-2014","4",0.656354997081974
"2010-2014","4",0.676105283817139
"2010-2014","4",0.645704362168933
"2010-2014","4",0.712385151319817
"2010-2014","4",0.692835588465122
"2010-2014","4",0.689834022809547
"2010-2014","4",0.686334469378793
"2010-2014","4",0.667746109408683
"2010-2014","4",0.682997867795421
"2010-2014","4",0.657677746053375
"2010-2014","4",0.680070987747495
"2010-2014","4",0.697217862714481
"2010-2014","4",0.671712427663458
"2010-2014","4",0.699895905512255
"2010-2014","4",0.6817629066902
"2010-2014","4",0.672315711635601
"2010-2014","4",0.672134379775889
"2010-2014","4",0.653037343818812
"2010-2014","4",0.624638233993148
"2010-2014","4",0.668254400275765
"2010-2014","4",0.679802477863211
"2010-2014","4",0.682692413385164
"2010-2014","4",0.647683155075456
"2010-2014","4",0.669232868263202
"2010-2014","4",0.66845949679611
"2010-2014","4",0.687484186088703
"2010-2014","4",0.677128008513525
"2010-2014","4",0.649659509356292
"2010-2014","4",0.67168133061874
"2010-2014","4",0.670164304091986
"2010-2014","4",0.677975194522085
"2010-2014","4",0.661276705326029
"2010-2014","4",0.700482130896914
"2010-2014","4",0.653471056283879
"2010-2014","4",0.680378625757172
"2010-2014","4",0.644453016700722
"2010-2014","4",0.701448086330035
"2010-2014","4",0.628666867306818
"2010-2014","4",0.660107671915154
"2010-2014","4",0.676292377891208
"2010-2014","4",0.691068632792265
"2010-2014","4",0.671589403505582
"2010-2014","4",0.711499446226603
"2010-2014","4",0.673565273745075
"2010-2014","4",0.68045742877192
"2010-2014","4",0.660272302481613
"2010-2014","4",0.686675660675629
"2010-2014","4",0.664932468306652
"2010-2014","4",0.685323850847603
"2010-2014","4",0.652361015754481
"2010-2014","4",0.674635595362115
"2010-2014","4",0.653262089677682
"2010-2014","4",0.662975706388573
"2010-2014","4",0.665651825639869
"2010-2014","4",0.67732144765856
"2010-2014","4",0.680953903165638
"2010-2014","4",0.705698864642741
"2010-2014","4",0.693377130373482
"2010-2014","4",0.660748617261917
"2010-2014","4",0.651965568403982
"2010-2014","4",0.670422386469134
"2010-2014","4",0.665720796789714
"2010-2014","4",0.662485446709775
"2010-2014","4",0.703035325279608
"2010-2014","4",0.710611743674446
"2010-2014","4",0.680414156894852
"2010-2014","4",0.675148465346756
"2010-2014","4",0.688020986675669
"2010-2014","4",0.669214510007204
"2010-2014","4",0.642020302253778
"2010-2014","4",0.64715039295778
"2010-2014","4",0.68192674916798
"2010-2014","4",0.682671451973993
"2010-2014","4",0.666833722016868
"2010-2014","4",0.678651087802318
"2010-2014","4",0.672827077948465
"2010-2014","4",0.663325261409986
"2010-2014","4",0.643221242900567
"2010-2014","4",0.680034976180866
"2010-2014","4",0.709573374176611
"2010-2014","4",0.690517073721495
"2010-2014","4",0.63545956413044
"2010-2014","4",0.681239664551031
"2010-2014","4",0.676285829443727
"2010-2014","4",0.661641667101291
"2010-2014","4",0.675127413600045
"2010-2014","4",0.670084851403482
"2010-2014","4",0.671458053703897
"2010-2014","4",0.672351116656377
"2010-2014","4",0.673994911531922
"2010-2014","4",0.665800944864973
"2010-2014","4",0.65220217866498
"2010-2014","4",0.664038016952502
"2010-2014","4",0.684809341894529
"2010-2014","4",0.670441185116081
"2010-2014","4",0.677145409272749
"2010-2014","4",0.674403032398743
"2010-2014","4",0.687934649345681
"2010-2014","4",0.696109461339714
"2010-2014","4",0.652984662664606
"2010-2014","4",0.688103630093152
"2010-2014","4",0.658847945134276
"2010-2014","4",0.672955477201302
"2010-2014","4",0.662019727412075
"2010-2014","4",0.662678223426969
"2010-2014","4",0.692048856235669
"2010-2014","4",0.646361837175164
"2010-2014","4",0.702847465822235
"2010-2014","4",0.700959902849794
"2010-2014","4",0.662929934050106
"2010-2014","4",0.653669916567218
"2010-2014","4",0.702211246630127
"2010-2014","4",0.676143627585506
"2010-2014","4",0.655598460449316
"2010-2014","4",0.642020335214115
"2010-2014","4",0.650949316379006
"2010-2014","4",0.673449774124991
"2010-2014","4",0.673799805109946
"2010-2014","4",0.634636033306487
"2010-2014","4",0.664124687163047
"2010-2014","4",0.672877521752453
"2010-2014","4",0.662284369112458
"2010-2014","4",0.689049241986921
"2010-2014","4",0.670224540616355
"2010-2014","4",0.669049181296705
"2010-2014","4",0.619803326023182
"2010-2014","4",0.658209036341162
"2010-2014","4",0.667817702599977
"2010-2014","4",0.695082243736098
"2010-2014","4",0.668923518479901
"2010-2014","4",0.667825474939975
"2010-2014","4",0.687693138037182
"2010-2014","4",0.647641320888582
"2010-2014","4",0.666306983530035
"2010-2014","4",0.684979424975635
"2010-2014","4",0.675429466143428
"2010-2014","4",0.673778424874683
"2010-2014","4",0.66976051976257
"2010-2014","4",0.691731444480696
"2010-2014","4",0.67787535245498
"2010-2014","4",0.658830410789752
"2010-2014","4",0.67688767936522
"2010-2014","4",0.682644627572712
"2010-2014","4",0.642905107109897
"2010-2014","4",0.671928545387475
"2010-2014","4",0.672906685152505
"2010-2014","4",0.659675261255423
"2010-2014","4",0.698343747668359
"2010-2014","4",0.685877513396677
"2010-2014","4",0.649980532173269
"2010-2014","4",0.671906059769472
"2010-2014","4",0.667597247045578
"2010-2014","4",0.681594523993606
"2010-2014","4",0.677576184895301
"2010-2014","4",0.661634191511516
"2010-2014","4",0.710716645077176
"2010-2014","4",0.670520262161358
"2010-2014","4",0.708517987699881
"2010-2014","4",0.708937968312285
"2010-2014","4",0.640818134742298
"2010-2014","4",0.659967615342358
"2010-2014","4",0.681118265764269
"2010-2014","4",0.653177381354811
"2010-2014","4",0.660059755555869
"2010-2014","4",0.693136463333843
"2010-2014","4",0.661195649089904
"2010-2014","4",0.669737486373639
"2010-2014","4",0.680830205025815
"2010-2014","4",0.686010729563932
"2010-2014","4",0.67860257965018
"2010-2014","4",0.676559154659385
"2010-2014","4",0.664078265997821
"2010-2014","4",0.674223600890269
"2010-2014","4",0.681005972509941
"2010-2014","4",0.680785574179065
"2010-2014","4",0.666682617420428
"2010-2014","4",0.671582220099186
"2010-2014","4",0.661707454132841
"2010-2014","4",0.681557476679402
"2010-2014","4",0.655889981823739
"2010-2014","4",0.6437243371909
"2010-2014","4",0.673536660552297
"2010-2014","4",0.704437124916986
"2010-2014","4",0.66614825356144
"2010-2014","4",0.687826528857053
"2010-2014","4",0.665297518287417
"2010-2014","4",0.681885844795067
"2010-2014","4",0.67997280442486
"2010-2014","4",0.683454960777639
"2010-2014","4",0.667545841548249
"2010-2014","4",0.671169935368762
"2010-2014","4",0.65629898788685
"2010-2014","4",0.679790817807501
"2010-2014","4",0.684844418798246
"2010-2014","4",0.668179767536903
"2010-2014","4",0.654806945104816
"2010-2014","4",0.680629463542803
"2010-2014","4",0.69112739419108
"2010-2014","4",0.655711755317098
"2010-2014","4",0.653119539126412
"2010-2014","4",0.674627599054152
"2010-2014","4",0.66208621984574
"2010-2014","4",0.687329749543625
"2010-2014","4",0.673458287431005
"2010-2014","4",0.691171456964009
"2010-2014","4",0.644346950628859
"2010-2014","4",0.685004267825231
"2010-2014","4",0.695448094453724
"2010-2014","4",0.639026836591829
"2010-2014","4",0.668862316767091
"2010-2014","4",0.704632125853072
"2010-2014","4",0.648074481101195
"2010-2014","4",0.660116026370173
"2010-2014","4",0.679470178224504
"2010-2014","4",0.70445935126725
"2010-2014","4",0.68550857675192
"2010-2014","4",0.673618182225151
"2010-2014","4",0.651018181716905
"2010-2014","4",0.634538223601546
"2010-2014","4",0.655972341947759
"2010-2014","4",0.667223724575615
"2010-2014","4",0.702309725812383
"2010-2014","4",0.672400539372378
"2010-2014","4",0.69884291265781
"2010-2014","4",0.642389152208192
"2010-2014","4",0.660922202775437
"2010-2014","4",0.661264657886038
"2010-2014","4",0.680382016211344
"2010-2014","4",0.678649142876058
"2010-2014","4",0.669929581189825
"2010-2014","4",0.663389620981807
"2010-2014","4",0.669639591802473
"2010-2014","4",0.667396443532066
"2010-2014","4",0.719722826170408
"2010-2014","4",0.676043648310076
"2010-2014","4",0.662443717551297
"2010-2014","4",0.676181359884067
"2010-2014","4",0.667444403500763
"2010-2014","4",0.689865082181673
"2010-2014","4",0.678787018421803
"2010-2014","4",0.680749318025661
"2010-2014","4",0.705959847989288
"2010-2014","4",0.665275091074962
"2010-2014","4",0.671513933784955
"2010-2014","4",0.695781304895991
"2010-2014","4",0.675157175235236
"2010-2014","4",0.670597681031382
"2010-2014","4",0.679228747897333
"2010-2014","4",0.631200773910781
"2010-2014","4",0.69615984663611
"2010-2014","4",0.695014787554413
"2010-2014","4",0.669555247850331
"2010-2014","4",0.657280442450576
"2010-2014","4",0.68222186609487
"2010-2014","4",0.650179411907977
"2010-2014","4",0.661802558008656
"2010-2014","4",0.654450047622839
"2010-2014","4",0.692624727642434
"2010-2014","4",0.714440605112916
"2010-2014","4",0.72694726539021
"2010-2014","4",0.701725877854983
"2010-2014","4",0.691439573921986
"2010-2014","4",0.668769443123246
"2010-2014","4",0.667692472439625
"2010-2014","4",0.693202932258181
"2010-2014","4",0.671893212392653
"2010-2014","4",0.685019599801302
"2010-2014","4",0.667770856035153
"2010-2014","4",0.649225604916058
"2010-2014","4",0.671292847621242
"2010-2014","4",0.63913675775192
"2010-2014","4",0.67631981790397
"2010-2014","4",0.708154917899702
"2010-2014","4",0.682346871340583
"2010-2014","4",0.718463293021895
"2010-2014","4",0.658147945047369
"2010-2014","4",0.667132440280353
"2010-2014","4",0.685797613796492
"2010-2014","4",0.657694258477942
"2010-2014","4",0.684226895079202
"2010-2014","4",0.664562009130251
"2010-2014","4",0.66717950034724
"2010-2014","4",0.689208000461915
"2010-2014","4",0.676287394075205
"2010-2014","4",0.661175592187411
"2010-2014","4",0.6704817738453
"2010-2014","4",0.700506659730566
"2010-2014","4",0.668830428484728
"2010-2014","4",0.662751676889112
"2010-2014","4",0.66611321404669
"2010-2014","4",0.636174927515347
"2010-2014","4",0.679039037507409
"2010-2014","4",0.690969399138656
"2010-2014","4",0.643010331385417
"2010-2014","4",0.677317087854376
"2010-2014","4",0.658850300515143
"2010-2014","4",0.691743637806961
"2010-2014","4",0.693085157395512
"2010-2014","4",0.658241570905639
"2010-2014","4",0.671859372532712
"2010-2014","4",0.646196860811372
"2010-2014","4",0.688393057916802
"2010-2014","4",0.658150024774447
"2010-2014","4",0.654168593777084
"2010-2014","4",0.692475365025563
"2010-2014","4",0.648399407817492
"2010-2014","4",0.693749400462846
"2010-2014","4",0.666507249383732
"2010-2014","4",0.667764719207631
"2010-2014","4",0.677176247220027
"2010-2014","4",0.669409594813826
"2010-2014","4",0.642788375462829
"2010-2014","4",0.635403537102552
"2010-2014","4",0.640770639508475
"2010-2014","4",0.682548567822466
"2010-2014","4",0.648394546607603
"2010-2014","4",0.693919020304111
"2010-2014","4",0.681118672647604
"2010-2014","4",0.672901015662935
"2010-2014","4",0.71159710160289
"2010-2014","4",0.668277726194537
"2010-2014","4",0.660790513062448
"2010-2014","4",0.636994223833899
"2010-2014","4",0.689652722107761
"2010-2014","4",0.698020720340233
"2010-2014","4",0.640872815502872
"2010-2014","4",0.635736067142917
"2010-2014","4",0.65631038351502
"2010-2014","4",0.692501850694912
"2010-2014","4",0.662812687574984
"2010-2014","4",0.631762738132773
"2010-2014","4",0.639273879176088
"2010-2014","4",0.679043943897161
"2010-2014","4",0.650460792477522
"2010-2014","4",0.66694248027772
"2010-2014","4",0.682062072568216
"2010-2014","4",0.669907685661865
"2010-2014","4",0.651408823180403
"2010-2014","4",0.669970900232826
"2010-2014","4",0.673911163435258
"2010-2014","4",0.69211763050282
"2010-2014","4",0.664801868640259
"2010-2014","4",0.699203847963836
"2010-2014","4",0.663570380676552
"2010-2014","4",0.674274724645304
"2010-2014","4",0.698542848272982
"2010-2014","4",0.695967554629918
"2010-2014","4",0.696649098083148
"2010-2014","4",0.6771265244529
"2010-2014","4",0.664884270995264
"2010-2014","4",0.66475060308761
"2010-2014","4",0.673782141305731
"2010-2014","4",0.711723804820461
"2010-2014","4",0.674840133412622
"2010-2014","4",0.651987707773926
"2010-2014","4",0.697917410007148
"2010-2014","4",0.665293941360674
"2010-2014","4",0.688954841888255
"2010-2014","4",0.675293395129775
"2010-2014","4",0.689720071735096
"2010-2014","4",0.664975083578363
"2010-2014","4",0.679223223438914
"2010-2014","4",0.66319194747643
"2010-2014","4",0.696112759895973
"2010-2014","4",0.688302663868027
"2010-2014","4",0.6835433672172
"2010-2014","4",0.679108644384501
"2010-2014","4",0.675458367644561
"2010-2014","4",0.688259437856948
"2010-2014","4",0.667573394280347
"2010-2014","4",0.666546917954253
"2010-2014","4",0.662809902223155
"2010-2014","4",0.659038250628045
"2010-2014","4",0.680981173835538
"2010-2014","4",0.704157476466672
"2010-2014","4",0.646889213194335
"2010-2014","4",0.639667831446602
"2010-2014","4",0.689144994529225
"2010-2014","4",0.66927910743812
"2010-2014","4",0.653661348946635
"2010-2014","4",0.714122140572198
"2010-2014","4",0.672554462859171
"2010-2014","4",0.688819411032466
"2010-2014","4",0.66653424529392
"2010-2014","4",0.668949374078314
"2010-2014","4",0.692227348992288
"2010-2014","4",0.669978198565141
"2010-2014","4",0.667291436614043
"2010-2014","4",0.688345482241563
"2010-2014","4",0.64832189365289
"2010-2014","4",0.698540959493203
"2010-2014","4",0.707773228826484
"2010-2014","4",0.689733556463148
"2010-2014","4",0.704864960256165
"2010-2014","4",0.643336704330818
"2010-2014","4",0.633278537105237
"2010-2014","4",0.716481362887471
"2010-2014","4",0.660899643496021
"2010-2014","4",0.667929740100703
"2010-2014","4",0.67424809765187
"2010-2014","4",0.656930158940376
"2010-2014","4",0.621748293541947
"2010-2014","4",0.645736980540254
"2010-2014","4",0.661827131067419
"2010-2014","4",0.676457661051018
"2010-2014","4",0.69007068105078
"2010-2014","4",0.653259387319238
"2010-2014","4",0.624841744407456
"2010-2014","4",0.672221021416049
"2010-2014","4",0.666556397053738
"2010-2014","4",0.648844042874461
"2010-2014","4",0.648624579574797
"2010-2014","4",0.680099668864575
"2010-2014","4",0.640449783023885
"2010-2014","4",0.674856082556384
"2010-2014","4",0.664777483085037
"2010-2014","4",0.660435436995627
"2010-2014","4",0.680023744457294
"2010-2014","4",0.659881394824888
"2010-2014","4",0.710852926265146
"2010-2014","4",0.662167703690165
"2010-2014","4",0.649975221057152
"2010-2014","4",0.664436498110471
"2010-2014","4",0.692337687948633
"2010-2014","4",0.686088669007605
"2010-2014","4",0.675360259879689
"2010-2014","4",0.662877809386787
"2010-2014","4",0.679453146970927
"2010-2014","4",0.672918033276199
"2010-2014","4",0.714925107391606
"2010-2014","4",0.706606630268402
"2010-2014","4",0.685470147485113
"2010-2014","4",0.666914408905988
"2010-2014","4",0.641244773719092
"2010-2014","4",0.664800972176997
"2010-2014","4",0.682911789971138
"2010-2014","4",0.628683916398378
"2010-2014","4",0.670535478004309
"2010-2014","4",0.652558565767692
"2010-2014","4",0.686463044318462
"2010-2014","4",0.694798385619887
"2010-2014","4",0.646807777974908
"2010-2014","4",0.664719058298848
"2010-2014","4",0.677401043778039
"2010-2014","4",0.684505525009103
"2010-2014","4",0.688679628777714
"2010-2014","4",0.653186855516404
"2010-2014","4",0.657632756073076
"2010-2014","4",0.682580675672393
"2010-2014","4",0.674031745729903
"2010-2014","4",0.662747192309206
"2010-2014","4",0.645932257880458
"2010-2014","4",0.660531758751419
"2010-2014","4",0.687484358235144
"2010-2014","4",0.693564803539103
"2010-2014","4",0.616675789532858
"2010-2014","4",0.679048714815151
"2010-2014","4",0.683480701344411
"2010-2014","4",0.683554592333767
"2010-2014","4",0.705309763528846
"2010-2014","4",0.650823057429666
"2010-2014","4",0.714247499277123
"2010-2014","4",0.697336055661827
"2010-2014","4",0.681986393116449
"2010-2014","4",0.656365003965173
"2010-2014","4",0.678448300381854
"2010-2014","4",0.674849674726583
"2010-2014","4",0.677795929103272
"2010-2014","4",0.673549366961724
"2010-2014","4",0.686284007594993
"2010-2014","4",0.666194722367756
"2010-2014","4",0.719960597712683
"2010-2014","4",0.674781907882696
"2010-2014","4",0.66034787704283
"2010-2014","4",0.647463522974319
"2010-2014","4",0.672619328328207
"2010-2014","4",0.662524653672579
"2010-2014","4",0.664942304620769
"2010-2014","4",0.649670701177155
"2010-2014","4",0.645024700089322
"2010-2014","4",0.650027327070005
"2010-2014","4",0.631222542032704
"2010-2014","4",0.62166849270228
"2010-2014","4",0.707707132277626
"2010-2014","4",0.663274877687328
"2010-2014","4",0.677514758379337
"2010-2014","4",0.663835822709722
"2010-2014","4",0.679492631202256
"2010-2014","4",0.675880174727602
"2010-2014","5",0.314625445344514
"2010-2014","5",0.331976403402889
"2010-2014","5",0.32988100346622
"2010-2014","5",0.331578417617205
"2010-2014","5",0.354664469254627
"2010-2014","5",0.339164388871436
"2010-2014","5",0.340233808232955
"2010-2014","5",0.333496627679567
"2010-2014","5",0.366031846650767
"2010-2014","5",0.346908363359194
"2010-2014","5",0.349022681793219
"2010-2014","5",0.349047584122859
"2010-2014","5",0.35188651746843
"2010-2014","5",0.32788656617839
"2010-2014","5",0.357758493340258
"2010-2014","5",0.32970921351667
"2010-2014","5",0.357995822031323
"2010-2014","5",0.35821815409574
"2010-2014","5",0.3415747274983
"2010-2014","5",0.355398374301033
"2010-2014","5",0.351996190330992
"2010-2014","5",0.315870619900753
"2010-2014","5",0.358586655701684
"2010-2014","5",0.343233915303892
"2010-2014","5",0.335095405030275
"2010-2014","5",0.337690522091957
"2010-2014","5",0.331369805455441
"2010-2014","5",0.366739807723937
"2010-2014","5",0.345223600409106
"2010-2014","5",0.333986335227351
"2010-2014","5",0.335616001830992
"2010-2014","5",0.343519656097233
"2010-2014","5",0.357954028301525
"2010-2014","5",0.339487069977221
"2010-2014","5",0.357538067904935
"2010-2014","5",0.346995160032804
"2010-2014","5",0.344236928425512
"2010-2014","5",0.354801473940226
"2010-2014","5",0.337880894931075
"2010-2014","5",0.34747691925058
"2010-2014","5",0.32933398729798
"2010-2014","5",0.324242733484019
"2010-2014","5",0.340116573173467
"2010-2014","5",0.346374127649688
"2010-2014","5",0.338402381055591
"2010-2014","5",0.349056256298665
"2010-2014","5",0.360313338334477
"2010-2014","5",0.360764812928886
"2010-2014","5",0.350104307925831
"2010-2014","5",0.339430528379604
"2010-2014","5",0.344900057919474
"2010-2014","5",0.347097182532121
"2010-2014","5",0.350455370290485
"2010-2014","5",0.333662929354365
"2010-2014","5",0.326151254205319
"2010-2014","5",0.326165070210191
"2010-2014","5",0.320498834972646
"2010-2014","5",0.355331040191419
"2010-2014","5",0.351210405918153
"2010-2014","5",0.354605023033799
"2010-2014","5",0.349516380768604
"2010-2014","5",0.332818948288573
"2010-2014","5",0.336650231518907
"2010-2014","5",0.32388704836848
"2010-2014","5",0.330633422901982
"2010-2014","5",0.34666906169425
"2010-2014","5",0.360070224358108
"2010-2014","5",0.334098430622049
"2010-2014","5",0.327948786194823
"2010-2014","5",0.340141664980777
"2010-2014","5",0.345954060837115
"2010-2014","5",0.32828591101223
"2010-2014","5",0.342490724069409
"2010-2014","5",0.359681371137878
"2010-2014","5",0.349992666583103
"2010-2014","5",0.354978560000927
"2010-2014","5",0.329291353305724
"2010-2014","5",0.330429780424796
"2010-2014","5",0.33238875114339
"2010-2014","5",0.35722454587268
"2010-2014","5",0.352422123615474
"2010-2014","5",0.325223286139154
"2010-2014","5",0.336983446905841
"2010-2014","5",0.331683227588699
"2010-2014","5",0.328292113865179
"2010-2014","5",0.349256890150917
"2010-2014","5",0.341922893883087
"2010-2014","5",0.352196488054744
"2010-2014","5",0.3548499009966
"2010-2014","5",0.358269934972745
"2010-2014","5",0.340510317119311
"2010-2014","5",0.33992565130633
"2010-2014","5",0.333962400116124
"2010-2014","5",0.342588438954595
"2010-2014","5",0.343487972115959
"2010-2014","5",0.324500944857937
"2010-2014","5",0.326571166682497
"2010-2014","5",0.325466740212362
"2010-2014","5",0.337622742546498
"2010-2014","5",0.359113354646989
"2010-2014","5",0.337387684798544
"2010-2014","5",0.315618184478378
"2010-2014","5",0.345923871223334
"2010-2014","5",0.337818193336387
"2010-2014","5",0.363914980034138
"2010-2014","5",0.355906682745191
"2010-2014","5",0.351088764557558
"2010-2014","5",0.323787934642914
"2010-2014","5",0.329444022508705
"2010-2014","5",0.338699653521205
"2010-2014","5",0.339097524234076
"2010-2014","5",0.322085837805069
"2010-2014","5",0.354504081871859
"2010-2014","5",0.373602024975144
"2010-2014","5",0.33877505927207
"2010-2014","5",0.350993165206991
"2010-2014","5",0.331205839861616
"2010-2014","5",0.357214179681405
"2010-2014","5",0.354757693751777
"2010-2014","5",0.324924338478432
"2010-2014","5",0.353999499155739
"2010-2014","5",0.352800469841866
"2010-2014","5",0.333140555930289
"2010-2014","5",0.346869887547736
"2010-2014","5",0.335047081851754
"2010-2014","5",0.324061537753672
"2010-2014","5",0.326358174761643
"2010-2014","5",0.344144208349637
"2010-2014","5",0.352203232315372
"2010-2014","5",0.332472473875541
"2010-2014","5",0.342304090466421
"2010-2014","5",0.337406233729383
"2010-2014","5",0.340451229868357
"2010-2014","5",0.33676310509248
"2010-2014","5",0.351354330566708
"2010-2014","5",0.346003471643763
"2010-2014","5",0.323194810725051
"2010-2014","5",0.328670654071714
"2010-2014","5",0.335312704998492
"2010-2014","5",0.338763932967327
"2010-2014","5",0.351421486886865
"2010-2014","5",0.32829447746099
"2010-2014","5",0.325757937271477
"2010-2014","5",0.323959199104372
"2010-2014","5",0.332446571886752
"2010-2014","5",0.343400848622948
"2010-2014","5",0.333340096894263
"2010-2014","5",0.34480068259843
"2010-2014","5",0.336863181092869
"2010-2014","5",0.340274956494459
"2010-2014","5",0.339469106959671
"2010-2014","5",0.346721660809096
"2010-2014","5",0.342701115373671
"2010-2014","5",0.344050410100944
"2010-2014","5",0.330572585334873
"2010-2014","5",0.330703830319711
"2010-2014","5",0.340448152040336
"2010-2014","5",0.333771358690829
"2010-2014","5",0.313082512299463
"2010-2014","5",0.348091940879429
"2010-2014","5",0.326428450696711
"2010-2014","5",0.344793383396278
"2010-2014","5",0.340680793288118
"2010-2014","5",0.344045752558898
"2010-2014","5",0.34026425328585
"2010-2014","5",0.341346648850554
"2010-2014","5",0.338379086127494
"2010-2014","5",0.359925599267638
"2010-2014","5",0.36032892251758
"2010-2014","5",0.316040179025822
"2010-2014","5",0.335065708010455
"2010-2014","5",0.341433216174166
"2010-2014","5",0.342275669550099
"2010-2014","5",0.345167361068646
"2010-2014","5",0.335213745469428
"2010-2014","5",0.32134781325797
"2010-2014","5",0.331432015435371
"2010-2014","5",0.344883226597138
"2010-2014","5",0.331723977735625
"2010-2014","5",0.328135541867766
"2010-2014","5",0.346098463912646
"2010-2014","5",0.329027110359173
"2010-2014","5",0.332847963881869
"2010-2014","5",0.32734827482997
"2010-2014","5",0.332242498579875
"2010-2014","5",0.335325151960109
"2010-2014","5",0.348650584176132
"2010-2014","5",0.354459140357332
"2010-2014","5",0.351978086919422
"2010-2014","5",0.342936908212223
"2010-2014","5",0.328013297553422
"2010-2014","5",0.329868492454015
"2010-2014","5",0.352536179670644
"2010-2014","5",0.337892170546741
"2010-2014","5",0.334743493030527
"2010-2014","5",0.351650794180777
"2010-2014","5",0.322197739219821
"2010-2014","5",0.324508827924021
"2010-2014","5",0.353023576654561
"2010-2014","5",0.312652561427902
"2010-2014","5",0.340878218395931
"2010-2014","5",0.324454083715391
"2010-2014","5",0.342539875411176
"2010-2014","5",0.359590007705999
"2010-2014","5",0.33910377150965
"2010-2014","5",0.348306848628211
"2010-2014","5",0.356002672914042
"2010-2014","5",0.338709931711382
"2010-2014","5",0.318459965655832
"2010-2014","5",0.357115029747972
"2010-2014","5",0.341139865796166
"2010-2014","5",0.333643588430848
"2010-2014","5",0.351838452885189
"2010-2014","5",0.330694816235054
"2010-2014","5",0.335422693894503
"2010-2014","5",0.370267113495879
"2010-2014","5",0.338965128203241
"2010-2014","5",0.333522425465562
"2010-2014","5",0.339532004726426
"2010-2014","5",0.333299327522831
"2010-2014","5",0.347014149313624
"2010-2014","5",0.347968927944612
"2010-2014","5",0.337464689897795
"2010-2014","5",0.34827019254013
"2010-2014","5",0.338438515167071
"2010-2014","5",0.359679100829801
"2010-2014","5",0.331886279579583
"2010-2014","5",0.329991141792072
"2010-2014","5",0.31915649957336
"2010-2014","5",0.336872093837403
"2010-2014","5",0.338882972983988
"2010-2014","5",0.35505233896707
"2010-2014","5",0.373734135648883
"2010-2014","5",0.324953441655491
"2010-2014","5",0.321999663148675
"2010-2014","5",0.333315192537677
"2010-2014","5",0.330960099095575
"2010-2014","5",0.348946455034001
"2010-2014","5",0.344035735593792
"2010-2014","5",0.358264352783488
"2010-2014","5",0.342479332408224
"2010-2014","5",0.354322059098797
"2010-2014","5",0.355984304611055
"2010-2014","5",0.330561367462469
"2010-2014","5",0.349023481370896
"2010-2014","5",0.358968085564274
"2010-2014","5",0.335133818279236
"2010-2014","5",0.337153675559382
"2010-2014","5",0.333808424548021
"2010-2014","5",0.335559852368803
"2010-2014","5",0.335010613465785
"2010-2014","5",0.344172222759151
"2010-2014","5",0.337393464970556
"2010-2014","5",0.332310542481542
"2010-2014","5",0.343672182324446
"2010-2014","5",0.33165961174414
"2010-2014","5",0.338222232342523
"2010-2014","5",0.338803809885477
"2010-2014","5",0.363871100836576
"2010-2014","5",0.331967207865924
"2010-2014","5",0.329366588055175
"2010-2014","5",0.338393110579629
"2010-2014","5",0.337711158352895
"2010-2014","5",0.327635894013624
"2010-2014","5",0.336268186724678
"2010-2014","5",0.342337300117356
"2010-2014","5",0.329204911579618
"2010-2014","5",0.342164509139108
"2010-2014","5",0.322000893076025
"2010-2014","5",0.331942377416601
"2010-2014","5",0.343281057826674
"2010-2014","5",0.35377645428106
"2010-2014","5",0.327869040315321
"2010-2014","5",0.341724715716084
"2010-2014","5",0.349806112655319
"2010-2014","5",0.364497634837611
"2010-2014","5",0.333958591167924
"2010-2014","5",0.348093608079217
"2010-2014","5",0.332715545017209
"2010-2014","5",0.333771945451454
"2010-2014","5",0.381841610193264
"2010-2014","5",0.330981600827874
"2010-2014","5",0.318260530537206
"2010-2014","5",0.313948748360552
"2010-2014","5",0.334615409091305
"2010-2014","5",0.356660255990059
"2010-2014","5",0.351293795472723
"2010-2014","5",0.345404911248393
"2010-2014","5",0.335269119481747
"2010-2014","5",0.321761288047999
"2010-2014","5",0.359735478704288
"2010-2014","5",0.339021514963286
"2010-2014","5",0.351255340010825
"2010-2014","5",0.350274031220644
"2010-2014","5",0.338074492868996
"2010-2014","5",0.329018586911996
"2010-2014","5",0.341935581223052
"2010-2014","5",0.349228501519091
"2010-2014","5",0.343176701842597
"2010-2014","5",0.354644644683032
"2010-2014","5",0.346332479229507
"2010-2014","5",0.342513380111684
"2010-2014","5",0.348922989985903
"2010-2014","5",0.333043478732723
"2010-2014","5",0.338413205780192
"2010-2014","5",0.329798391196484
"2010-2014","5",0.355214160604759
"2010-2014","5",0.348438265826593
"2010-2014","5",0.346592845229859
"2010-2014","5",0.328968593521162
"2010-2014","5",0.341414259065417
"2010-2014","5",0.345073781330945
"2010-2014","5",0.338764466627704
"2010-2014","5",0.338259892992637
"2010-2014","5",0.346241885518653
"2010-2014","5",0.350613572807913
"2010-2014","5",0.350352281372641
"2010-2014","5",0.330528230757657
"2010-2014","5",0.334926357527982
"2010-2014","5",0.333647608741503
"2010-2014","5",0.345207678465317
"2010-2014","5",0.334159201360796
"2010-2014","5",0.343649005091118
"2010-2014","5",0.326828113395649
"2010-2014","5",0.323178133855415
"2010-2014","5",0.353527773333023
"2010-2014","5",0.366571641912921
"2010-2014","5",0.344113946556697
"2010-2014","5",0.34419292742553
"2010-2014","5",0.342954535037337
"2010-2014","5",0.322055195011676
"2010-2014","5",0.34182511722494
"2010-2014","5",0.321129335085666
"2010-2014","5",0.342213368863531
"2010-2014","5",0.333000764077601
"2010-2014","5",0.337197720484148
"2010-2014","5",0.350194399332905
"2010-2014","5",0.339785205633062
"2010-2014","5",0.34265804434543
"2010-2014","5",0.32492140684844
"2010-2014","5",0.344538204621605
"2010-2014","5",0.349035509207858
"2010-2014","5",0.361394184689862
"2010-2014","5",0.346247392283547
"2010-2014","5",0.329567215204144
"2010-2014","5",0.352235419533649
"2010-2014","5",0.336546470599859
"2010-2014","5",0.346328059195362
"2010-2014","5",0.330680743348013
"2010-2014","5",0.343120115877969
"2010-2014","5",0.335257938149035
"2010-2014","5",0.339375826165626
"2010-2014","5",0.337166456644026
"2010-2014","5",0.348535394262252
"2010-2014","5",0.338689413434571
"2010-2014","5",0.331045422174892
"2010-2014","5",0.338172133427122
"2010-2014","5",0.333292521594439
"2010-2014","5",0.333855605376157
"2010-2014","5",0.342946591441514
"2010-2014","5",0.321596435674118
"2010-2014","5",0.340346513055013
"2010-2014","5",0.362004660038866
"2010-2014","5",0.321978633162858
"2010-2014","5",0.368716220122972
"2010-2014","5",0.34321521555363
"2010-2014","5",0.33080146275981
"2010-2014","5",0.359336457507399
"2010-2014","5",0.339362173590572
"2010-2014","5",0.327038768654959
"2010-2014","5",0.354551243806736
"2010-2014","5",0.344768236717929
"2010-2014","5",0.33689372776985
"2010-2014","5",0.347806396881505
"2010-2014","5",0.341697007456229
"2010-2014","5",0.341477996983453
"2010-2014","5",0.353911544638415
"2010-2014","5",0.332720125643838
"2010-2014","5",0.336276891602721
"2010-2014","5",0.331264679616965
"2010-2014","5",0.34287100376368
"2010-2014","5",0.361038868217285
"2010-2014","5",0.336693252616008
"2010-2014","5",0.33852636456913
"2010-2014","5",0.329885703972559
"2010-2014","5",0.328266488924263
"2010-2014","5",0.326452449158906
"2010-2014","5",0.337206591649848
"2010-2014","5",0.343246064575876
"2010-2014","5",0.342539422117082
"2010-2014","5",0.344104793080003
"2010-2014","5",0.326961654191179
"2010-2014","5",0.318408218233758
"2010-2014","5",0.342774068276338
"2010-2014","5",0.346551477954644
"2010-2014","5",0.310432949033038
"2010-2014","5",0.334890086010259
"2010-2014","5",0.325890179745112
"2010-2014","5",0.341635031042196
"2010-2014","5",0.329980096741756
"2010-2014","5",0.352560485034109
"2010-2014","5",0.35620270093769
"2010-2014","5",0.35043762101654
"2010-2014","5",0.348616973757265
"2010-2014","5",0.320216617083047
"2010-2014","5",0.337432455293391
"2010-2014","5",0.35497831840202
"2010-2014","5",0.360507918318612
"2010-2014","5",0.340599766706893
"2010-2014","5",0.333945462857418
"2010-2014","5",0.326225273544042
"2010-2014","5",0.368273590429687
"2010-2014","5",0.336166017433888
"2010-2014","5",0.323596844590845
"2010-2014","5",0.330344823756678
"2010-2014","5",0.334763011629481
"2010-2014","5",0.347662035754941
"2010-2014","5",0.342248333187166
"2010-2014","5",0.349545315113548
"2010-2014","5",0.350247743378798
"2010-2014","5",0.319968532860963
"2010-2014","5",0.350787761253206
"2010-2014","5",0.349196669939642
"2010-2014","5",0.345770518086469
"2010-2014","5",0.328379404280161
"2010-2014","5",0.330536862571905
"2010-2014","5",0.317967815932431
"2010-2014","5",0.32789176964203
"2010-2014","5",0.350192716609091
"2010-2014","5",0.338812316597497
"2010-2014","5",0.349409954941266
"2010-2014","5",0.33409989564073
"2010-2014","5",0.345530414968549
"2010-2014","5",0.339731704979049
"2010-2014","5",0.320544406516528
"2010-2014","5",0.366226099688909
"2010-2014","5",0.341403651553805
"2010-2014","5",0.357623891820802
"2010-2014","5",0.351485644386562
"2010-2014","5",0.322410159575815
"2010-2014","5",0.336036567823807
"2010-2014","5",0.347497764757217
"2010-2014","5",0.353379838250975
"2010-2014","5",0.341186775730559
"2010-2014","5",0.355719133592024
"2010-2014","5",0.353805273499434
"2010-2014","5",0.339961220966904
"2010-2014","5",0.334168526058969
"2010-2014","5",0.342901139484973
"2010-2014","5",0.337130465134234
"2010-2014","5",0.34685989001874
"2010-2014","5",0.316518831292218
"2010-2014","5",0.355391584351021
"2010-2014","5",0.371435519289981
"2010-2014","5",0.364347785627929
"2010-2014","5",0.340489555680026
"2010-2014","5",0.315745954841452
"2010-2014","5",0.348678465085202
"2010-2014","5",0.332136680620598
"2010-2014","5",0.347643449835672
"2010-2014","5",0.332571335160723
"2010-2014","5",0.357452345492939
"2010-2014","5",0.364747733115827
"2010-2014","5",0.32496101178757
"2010-2014","5",0.338096844572854
"2010-2014","5",0.337649143698776
"2010-2014","5",0.353357914918434
"2010-2014","5",0.315973805320887
"2010-2014","5",0.355881945783986
"2010-2014","5",0.345426135331064
"2010-2014","5",0.338284497814887
"2010-2014","5",0.331685198172976
"2010-2014","5",0.343065090848899
"2010-2014","5",0.333681231061811
"2010-2014","5",0.339745261665463
"2010-2014","5",0.3343812806214
"2010-2014","5",0.341921856310849
"2010-2014","5",0.321760149864313
"2010-2014","5",0.354806639169393
"2010-2014","5",0.349254126378215
"2010-2014","5",0.329545354381712
"2010-2014","5",0.336989811538294
"2010-2014","5",0.3276457183039
"2010-2014","5",0.335861241528239
"2010-2014","5",0.327383600110319
"2010-2014","5",0.343543222375956
"2010-2014","5",0.338386781407881
"2010-2014","5",0.342557628144916
"2010-2014","5",0.338145803389414
"2010-2014","5",0.341986070702219
"2010-2014","5",0.328493197425934
"2010-2014","5",0.345264704815133
"2010-2014","5",0.368289918152026
"2010-2014","5",0.342575666090174
"2010-2014","5",0.320232467737193
"2010-2014","5",0.349935167487765
"2010-2014","5",0.356134073059095
"2010-2014","5",0.347460330788835
"2010-2014","5",0.33970882956242
"2010-2014","5",0.353416889505188
"2010-2014","5",0.350854920041829
"2010-2014","5",0.333669590162632
"2010-2014","5",0.314094445433263
"2010-2014","5",0.3432432556872
"2010-2014","5",0.340554514456531
"2010-2014","5",0.342579721991449
"2010-2014","5",0.361480452362087
"2010-2014","5",0.314553054230794
"2010-2014","5",0.357116487467795
"2010-2014","5",0.317598519113424
"2010-2014","5",0.343478798096547
"2010-2014","5",0.332066143482039
"2010-2014","5",0.341943444836351
"2010-2014","5",0.324187354156551
"2010-2014","5",0.351037008311285
"2010-2014","5",0.341781410789691
"2010-2014","5",0.331220207888844
"2010-2014","5",0.351151520374675
"2010-2014","5",0.346485125629197
"2010-2014","5",0.349396086322972
"2010-2014","5",0.338245025452154
"2010-2014","5",0.346526383056767
"2010-2014","5",0.338126591799026
"2010-2014","5",0.354238196731145
"2010-2014","5",0.351979711686687
"2010-2014","5",0.322680653676621
"2010-2014","5",0.339850050456166
"2010-2014","5",0.332321240225484
"2010-2014","5",0.324438687328653
"2010-2014","5",0.318161560882515
"2010-2014","5",0.33759914560623
"2010-2014","5",0.339482445271348
"2010-2014","5",0.325942941755012
"2010-2014","5",0.336403177897501
"2010-2014","5",0.316718789310071
"2010-2014","5",0.339924023305595
"2010-2014","5",0.341762265031268
"2010-2014","5",0.3339898146133
"2010-2014","5",0.355658486544438
"2010-2014","5",0.339964815422994
"2010-2014","5",0.350015526589077
"2010-2014","5",0.36774726495879
"2010-2014","5",0.326047484189112
"2010-2014","5",0.347882038716241
"2010-2014","5",0.350042600562208
"2010-2014","5",0.34262245206872
"2010-2014","5",0.329598912667331
"2010-2014","5",0.335359121562872
"2010-2014","5",0.335408827424729
"2010-2014","5",0.335137551114661
"2010-2014","5",0.333001528078671
"2010-2014","5",0.331025322555245
"2010-2014","5",0.358235968400377
"2010-2014","5",0.32659825553932
"2010-2014","5",0.344412836444745
"2010-2014","5",0.338005301737836
"2010-2014","5",0.353350074407965
"2010-2014","5",0.329151349667281
"2010-2014","5",0.343324162638303
"2010-2014","5",0.349575210713167
"2010-2014","5",0.368029273558944
"2010-2014","5",0.322663955501353
"2010-2014","5",0.345534291697736
"2010-2014","5",0.348921733717518
"2010-2014","5",0.323157846778295
"2010-2014","5",0.357746483536033
"2010-2014","5",0.340961754367417
"2010-2014","5",0.3580832207997
"2010-2014","5",0.354676475001553
"2010-2014","5",0.352279957419645
"2010-2014","5",0.341547856687372
"2010-2014","5",0.326895924529721
"2010-2014","5",0.353642356881977
"2010-2014","5",0.326961500101063
"2010-2014","5",0.318755171792221
"2010-2014","5",0.349211085048251
"2010-2014","5",0.323577287428787
"2010-2014","5",0.323560950752812
"2010-2014","5",0.334414525120811
"2010-2014","5",0.340447293775709
"2010-2014","5",0.333541618686116
"2010-2014","5",0.342625864784322
"2010-2014","5",0.321147497043239
"2010-2014","5",0.362814246633303
"2010-2014","5",0.360235670737987
"2010-2014","5",0.3255691790248
"2010-2014","5",0.338136728173122
"2010-2014","5",0.328566033379178
"2010-2014","5",0.351236047916036
"2010-2014","5",0.344095767461805
"2010-2014","5",0.336755445873495
"2010-2014","5",0.341296499243771
"2010-2014","5",0.330907738556762
"2010-2014","5",0.325632924244142
"2010-2014","5",0.351205435875345
"2010-2014","5",0.340996481366258
"2010-2014","5",0.317334627209743
"2010-2014","5",0.356358937770363
"2010-2014","5",0.332661582284104
"2010-2014","5",0.337021944216389
"2010-2014","5",0.375409820854559
"2010-2014","5",0.326928155903172
"2010-2014","5",0.354399752183853
"2010-2014","5",0.347655737290044
"2010-2014","5",0.343144788700187
"2010-2014","5",0.333618081507301
"2010-2014","5",0.33914960718212
"2010-2014","5",0.359326873383424
"2010-2014","5",0.337792185356182
"2010-2014","5",0.329703236610327
"2010-2014","5",0.335397665519308
"2010-2014","5",0.346389910917056
"2010-2014","5",0.367150120066432
"2010-2014","5",0.34140439598016
"2010-2014","5",0.344531863302886
"2010-2014","5",0.350534030408201
"2010-2014","5",0.322516916257216
"2010-2014","5",0.321946815782745
"2010-2014","5",0.335109195927966
"2010-2014","5",0.347094040215715
"2010-2014","5",0.343114953648753
"2010-2014","5",0.354219858573029
"2010-2014","5",0.347203924672996
"2010-2014","5",0.329746791443367
"2010-2014","5",0.338597016426176
"2010-2014","5",0.332733283001062
"2010-2014","5",0.358104749221788
"2010-2014","5",0.323182437070727
"2010-2014","5",0.327964605621682
"2010-2014","5",0.341605266311736
"2010-2014","5",0.322509483115163
"2010-2014","5",0.375465129642201
"2010-2014","5",0.327922282367662
"2010-2014","5",0.331975729428613
"2010-2014","5",0.329219307602015
"2010-2014","5",0.355502916839293
"2010-2014","5",0.349221008514577
"2010-2014","5",0.33998162003569
"2010-2014","5",0.337451250031616
"2010-2014","5",0.326500222153161
"2010-2014","5",0.358364315412517
"2010-2014","5",0.348408178452303
"2010-2014","5",0.342947528237343
"2010-2014","5",0.339839195458274
"2010-2014","5",0.343962603608136
"2010-2014","5",0.345183664746944
"2010-2014","5",0.345643776953658
"2010-2014","5",0.353549792741873
"2010-2014","5",0.346594734340055
"2010-2014","5",0.344686533422591
"2010-2014","5",0.362254451279706
"2010-2014","5",0.334411368972971
"2010-2014","5",0.361583734540684
"2010-2014","5",0.351607017430442
"2010-2014","5",0.316285698000683
"2010-2014","5",0.349150303306774
"2010-2014","5",0.354844542491969
"2010-2014","5",0.342909603942323
"2010-2014","5",0.316574503888144
"2010-2014","5",0.334642870955974
"2010-2014","5",0.337715597856644
"2010-2014","5",0.336700534677169
"2010-2014","5",0.334694573660005
"2010-2014","5",0.364709939818053
"2010-2014","5",0.360084874148423
"2010-2014","5",0.356654051071191
"2010-2014","5",0.357705839396358
"2010-2014","5",0.351226078706308
"2010-2014","5",0.332399071688588
"2010-2014","5",0.34044824774103
"2010-2014","5",0.344991022411278
"2010-2014","5",0.34454519087725
"2010-2014","5",0.339328152177024
"2010-2014","5",0.34481484405087
"2010-2014","5",0.339023560911629
"2010-2014","5",0.336802410902987
"2010-2014","5",0.334518350288689
"2010-2014","5",0.326985500936604
"2010-2014","5",0.355711905219503
"2010-2014","5",0.338707960574458
"2010-2014","5",0.32683473339198
"2010-2014","5",0.336429500731961
"2010-2014","5",0.349366301314718
"2010-2014","5",0.324083935720866
"2010-2014","5",0.364747644623494
"2010-2014","5",0.331944385220547
"2010-2014","5",0.377537717221946
"2010-2014","5",0.34160658888018
"2010-2014","5",0.350155854411227
"2010-2014","5",0.347557747130846
"2010-2014","5",0.338559025416045
"2010-2014","5",0.34426580065691
"2010-2014","5",0.347967874621129
"2010-2014","5",0.352097854827887
"2010-2014","5",0.33810660473631
"2010-2014","5",0.360365751880287
"2010-2014","5",0.349033817639017
"2010-2014","5",0.323013558499572
"2010-2014","5",0.333596977892437
"2010-2014","5",0.357821925310911
"2010-2014","5",0.364535960983029
"2010-2014","5",0.334154567883747
"2010-2014","5",0.359758319520977
"2010-2014","5",0.335966858637929
"2010-2014","5",0.321528774159751
"2010-2014","5",0.330167267934227
"2010-2014","5",0.340911428313335
"2010-2014","5",0.342601974999533
"2010-2014","5",0.340100520419083
"2010-2014","5",0.337854342241677
"2010-2014","5",0.338378503843308
"2010-2014","5",0.317559236462455
"2010-2014","5",0.336180219527714
"2010-2014","5",0.342348572583414
"2010-2014","5",0.352239645951966
"2010-2014","5",0.31772227054001
"2010-2014","5",0.342311891656816
"2010-2014","5",0.324832026764568
"2010-2014","5",0.338777239588394
"2010-2014","5",0.34468215909434
"2010-2014","5",0.345507535311598
"2010-2014","5",0.341603461278233
"2010-2014","5",0.344353692512944
"2010-2014","5",0.34220934646838
"2010-2014","5",0.329047985321087
"2010-2014","5",0.37150083316197
"2010-2014","5",0.318327201119954
"2010-2014","5",0.336404814823957
"2010-2014","5",0.342545422151636
"2010-2014","5",0.323887171858781
"2010-2014","5",0.34673728487165
"2010-2014","5",0.338387714928384
"2010-2014","5",0.330275556099915
"2010-2014","5",0.337976208207994
"2010-2014","5",0.349552755806853
"2010-2014","5",0.342605600135324
"2010-2014","5",0.340225570118436
"2010-2014","5",0.345611192020507
"2010-2014","5",0.347340714490821
"2010-2014","5",0.345460135709722
"2010-2014","5",0.328435063604398
"2010-2014","5",0.354799654140539
"2010-2014","5",0.358536372698067
"2010-2014","5",0.32916785219137
"2010-2014","5",0.348818581775536
"2010-2014","5",0.367021883739303
"2010-2014","5",0.355501885909629
"2010-2014","5",0.336301501641292
"2010-2014","5",0.354325640640287
"2010-2014","5",0.333071572181737
"2010-2014","5",0.349830761955251
"2010-2014","5",0.345064890086716
"2010-2014","5",0.338956366855794
"2010-2014","5",0.360669351067242
"2010-2014","5",0.331761762709003
"2010-2014","5",0.340879792133914
"2010-2014","5",0.337538791750301
"2010-2014","5",0.347917665918901
"2010-2014","5",0.343239485124389
"2010-2014","5",0.349431355156788
"2010-2014","5",0.341295112409355
"2010-2014","5",0.332549360965805
"2010-2014","5",0.319018401082811
"2010-2014","5",0.323600073338639
"2010-2014","5",0.35768993403959
"2010-2014","5",0.346050734950987
"2010-2014","5",0.35987758049319
"2010-2014","5",0.347647698355645
"2010-2014","5",0.356041774398711
"2010-2014","5",0.338037343675289
"2010-2014","5",0.329833101690049
"2010-2014","5",0.346111597592162
"2010-2014","5",0.347115251874227
"2010-2014","5",0.350242159758725
"2010-2014","5",0.335099337730521
"2010-2014","5",0.339621236579429
"2010-2014","5",0.34698921021327
"2010-2014","5",0.35938040183355
"2010-2014","5",0.33929869873456
"2010-2014","5",0.342679626510252
"2010-2014","5",0.332379525867929
"2010-2014","5",0.336574249263603
"2010-2014","5",0.330403038696327
"2010-2014","5",0.34128439874975
"2010-2014","5",0.332636865834359
"2010-2014","5",0.340511303646319
"2010-2014","5",0.340993686799726
"2010-2014","5",0.355149483839688
"2010-2014","5",0.321158521933485
"2010-2014","5",0.352752210972564
"2010-2014","5",0.332379997075917
"2010-2014","5",0.31210471451378
"2010-2014","5",0.358110033427296
"2010-2014","5",0.326821143681192
"2010-2014","5",0.336852172338397
"2010-2014","5",0.320366720317442
"2010-2014","5",0.328209514234233
"2010-2014","5",0.344004528862253
"2010-2014","5",0.331225567580462
"2010-2014","5",0.327197101874382
"2010-2014","5",0.329438379223522
"2010-2014","5",0.346987264010134
"2010-2014","5",0.34374522266268
"2010-2014","5",0.343536342590349
"2010-2014","5",0.342890218673924
"2010-2014","5",0.365768476434415
"2010-2014","5",0.339102936568559
"2010-2014","5",0.35052173862212
"2010-2014","5",0.33990327258382
"2010-2014","5",0.322876696368936
"2010-2014","5",0.342719831013606
"2010-2014","5",0.346862377974934
"2010-2014","5",0.335038317054861
"2010-2014","5",0.35585900253186
"2010-2014","5",0.32770715430357
"2010-2014","5",0.356936166405187
"2010-2014","5",0.340220203905777
"2010-2014","5",0.340540201370257
"2010-2014","5",0.346799153125774
"2010-2014","5",0.357785925898183
"2010-2014","5",0.335129601516274
"2010-2014","5",0.335652100114448
"2010-2014","5",0.334353390499365
"2010-2014","5",0.345888692742336
"2010-2014","5",0.328554540428137
"2010-2014","5",0.337964762372819
"2010-2014","5",0.365175454853169
"2010-2014","5",0.357754385713762
"2010-2014","5",0.33306626696198
"2010-2014","5",0.350945323466735
"2010-2014","5",0.326392484968643
"2010-2014","5",0.335023519398172
"2010-2014","5",0.33643440347628
"2010-2014","5",0.321942897877327
"2010-2014","5",0.34334454341392
"2010-2014","5",0.313290315746886
"2010-2014","5",0.329634351797008
"2010-2014","5",0.347465297437227
"2010-2014","5",0.362855385136337
"2010-2014","5",0.342123364784309
"2010-2014","5",0.331247157125232
"2010-2014","5",0.344663273983617
"2010-2014","5",0.338003947371549
"2010-2014","5",0.348721380588841
"2010-2014","5",0.350415884913061
"2010-2014","5",0.347750293207037
"2010-2014","5",0.357282044594536
"2010-2014","5",0.351413053944385
"2010-2014","5",0.33281004879848
"2010-2014","5",0.333329635282839
"2010-2014","5",0.321902820895338
"2010-2014","5",0.305540789568422
"2010-2014","5",0.337966522099991
"2010-2014","5",0.329496905117177
"2010-2014","5",0.33095232406657
"2010-2014","5",0.338000319563876
"2010-2014","5",0.345831050527752
"2010-2014","5",0.339180555987877
"2010-2014","5",0.342337175872748
"2010-2014","5",0.358945043510136
"2010-2014","5",0.345927515906842
"2010-2014","5",0.340043527204588
"2010-2014","5",0.344694712352414
"2010-2014","5",0.327044362812237
"2010-2014","5",0.327088865691419
"2010-2014","5",0.328945953121008
"2010-2014","5",0.340144789672928
"2010-2014","5",0.335974831137261
"2010-2014","5",0.332824330467543
"2010-2014","5",0.341651788563373
"2010-2014","5",0.339441484462212
"2010-2014","5",0.318025991729457
"2010-2014","5",0.346002605123847
"2010-2014","5",0.32218862082702
"2010-2014","5",0.344320157728708
"2010-2014","5",0.32866814747486
"2010-2014","5",0.324332167217865
"2010-2014","5",0.353302781645664
"2010-2014","5",0.368026246718698
"2010-2014","5",0.34279827379269
"2010-2014","5",0.342887067882509
"2010-2014","5",0.343178140255705
"2010-2014","5",0.330515253205593
"2010-2014","5",0.347118479726942
"2010-2014","5",0.337525946017886
"2010-2014","5",0.342205179546427
"2010-2014","5",0.335572654858722
"2010-2014","5",0.337711311498321
"2010-2014","5",0.328336876381205
"2010-2014","5",0.338768523948849
"2010-2014","5",0.341792421051017
"2010-2014","5",0.334512838691458
"2010-2014","5",0.347199879717219
"2010-2014","5",0.32977594578154
"2010-2014","5",0.33732802237309
"2010-2014","5",0.341612606101376
"2010-2014","5",0.345283216923268
"2010-2014","5",0.355965704148576
"2010-2014","5",0.342013778963545
"2010-2014","5",0.338081492401547
"2010-2014","5",0.337343195572168
"2010-2014","5",0.344103927306335
"2010-2014","5",0.333960794753818
"2010-2014","5",0.355339848072405
"2010-2014","5",0.335559103059571
"2010-2014","5",0.339313124511493
"2010-2014","5",0.343233904886292
"2010-2014","5",0.331421363797258
"2010-2014","5",0.324080020987298
"2010-2014","5",0.327439687046815
"2010-2014","5",0.353830178132001
"2010-2014","5",0.341893970629698
"2010-2014","5",0.35049006930097
"2010-2014","5",0.346301840588914
"2010-2014","5",0.341460109123517
"2010-2014","5",0.320563314791428
"2010-2014","5",0.334447969645454
"2010-2014","5",0.331215208756488
"2010-2014","5",0.339880706805764
"2010-2014","5",0.348603689934975
"2010-2014","5",0.346174344060777
"2010-2014","5",0.345415457185507
"2010-2014","5",0.359581735303296
"2010-2014","5",0.348159934443426
"2010-2014","5",0.337557166231053
"2010-2014","5",0.342688196957932
"2010-2014","5",0.325571738345448
"2010-2014","5",0.325753134095103
"2010-2014","5",0.356075257009848
"2010-2014","5",0.35388117716862
"2010-2014","5",0.350548780512688
"2010-2014","5",0.34109893626188
"2010-2014","5",0.29719862893211
"2010-2014","5",0.340420120146731
"2010-2014","5",0.33242607791567
"2010-2014","5",0.34735700211104
"2010-2014","5",0.360740247556178
"2010-2014","5",0.337162008877821
"2010-2014","5",0.353358627696341
"2010-2014","5",0.345494903861553
"2010-2014","5",0.356428234173808
"2010-2014","5",0.327037031518643
"2010-2014","5",0.344110144147339
"2010-2014","5",0.338933426696823
"2010-2014","5",0.348226836088704
"2010-2014","5",0.335935252303746
"2010-2014","5",0.318311671961638
"2010-2014","5",0.361196829117965
"2010-2014","5",0.339931890264341
"2010-2014","5",0.323960384392598
"2010-2014","5",0.34224904084126
"2010-2014","5",0.333488291449705
"2010-2014","5",0.322501791899727
"2010-2014","5",0.333365535375904
"2010-2014","5",0.342758101176812
"2010-2014","5",0.335525857271655
"2010-2014","5",0.342716288348304
"2010-2014","5",0.322568633116378
"2010-2014","5",0.345905444862165
"2010-2014","5",0.332028782540095
"2010-2014","5",0.347724127189114
"2010-2014","5",0.349994234523505
"2010-2014","5",0.336538670152317
"2010-2014","5",0.348183683657181
"2010-2014","5",0.338629899419302
"2010-2014","5",0.336235021879909
"2010-2014","5",0.335308900713007
"2010-2014","5",0.345144746342377
"2010-2014","5",0.339614057614635
"2010-2014","5",0.338535901055593
"2010-2014","5",0.358705435762194
"2010-2014","5",0.335649852605179
"2010-2014","5",0.325805573065799
"2010-2014","5",0.347350146183511
"2010-2014","5",0.343086325458324
"2010-2014","5",0.344717494829004
"2010-2014","5",0.336165560279628
"2010-2014","5",0.339795234670921
"2010-2014","5",0.325624208767414
"2010-2014","5",0.363630600801236
"2010-2014","5",0.361504621924057
"2010-2014","5",0.326831513412228
"2010-2014","5",0.335961494149973
"2010-2014","5",0.333013946407499
"2010-2014","5",0.332464574386573
"2010-2014","5",0.334667297497127
"2010-2014","5",0.347138707973912
"2010-2014","5",0.347770234311516
"2010-2014","5",0.341536176816779
"2010-2014","5",0.342762315173218
"2010-2014","5",0.341790717885059
"2010-2014","5",0.358658709639702
"2010-2014","5",0.355535975877978
"2010-2014","5",0.341967599517385
"2010-2014","5",0.346291082892338
"2010-2014","5",0.336694752275083
"2010-2014","5",0.337830950328166
"2010-2014","5",0.334577014208518
"2010-2014","5",0.349977319887576
"2010-2014","5",0.359752265816144
"2015-2019","1",0.574001177929475
"2015-2019","1",0.580515573721784
"2015-2019","1",0.587933554777804
"2015-2019","1",0.601974406415715
"2015-2019","1",0.590437583279979
"2015-2019","1",0.595017934800127
"2015-2019","1",0.588170822209064
"2015-2019","1",0.589721128028723
"2015-2019","1",0.584371129276748
"2015-2019","1",0.588201803462499
"2015-2019","1",0.581948900577292
"2015-2019","1",0.578191220427109
"2015-2019","1",0.599573434980993
"2015-2019","1",0.601929299815798
"2015-2019","1",0.591384027445212
"2015-2019","1",0.589283757179952
"2015-2019","1",0.576099045932508
"2015-2019","1",0.588223550085592
"2015-2019","1",0.587358426468597
"2015-2019","1",0.589264342621433
"2015-2019","1",0.586442092779244
"2015-2019","1",0.590663247699108
"2015-2019","1",0.575128545226917
"2015-2019","1",0.587304758645666
"2015-2019","1",0.595321533469604
"2015-2019","1",0.586219360570968
"2015-2019","1",0.590323072984622
"2015-2019","1",0.576946967175857
"2015-2019","1",0.572541987269961
"2015-2019","1",0.566860184907313
"2015-2019","1",0.580786246987288
"2015-2019","1",0.602960644680181
"2015-2019","1",0.601854823632163
"2015-2019","1",0.593388594956751
"2015-2019","1",0.591201245636146
"2015-2019","1",0.578025197105299
"2015-2019","1",0.596758781605272
"2015-2019","1",0.587747416307873
"2015-2019","1",0.576347470025509
"2015-2019","1",0.604334270282985
"2015-2019","1",0.598538558893997
"2015-2019","1",0.595499832813004
"2015-2019","1",0.598167774873372
"2015-2019","1",0.585070315004277
"2015-2019","1",0.596511369914369
"2015-2019","1",0.609801052132665
"2015-2019","1",0.601457684249313
"2015-2019","1",0.586986913327872
"2015-2019","1",0.573737487037753
"2015-2019","1",0.590724548987474
"2015-2019","1",0.577427593466546
"2015-2019","1",0.593946169406744
"2015-2019","1",0.579612081711446
"2015-2019","1",0.576804922136814
"2015-2019","1",0.584440326811729
"2015-2019","1",0.586768696106639
"2015-2019","1",0.59343909259074
"2015-2019","1",0.577734945755558
"2015-2019","1",0.581100692100306
"2015-2019","1",0.569052625658062
"2015-2019","1",0.591547012519496
"2015-2019","1",0.568834805576788
"2015-2019","1",0.578826467249777
"2015-2019","1",0.6002570502205
"2015-2019","1",0.582176650539014
"2015-2019","1",0.584430974175986
"2015-2019","1",0.594134529358999
"2015-2019","1",0.602177725067684
"2015-2019","1",0.570131107225737
"2015-2019","1",0.575384880914854
"2015-2019","1",0.575543397590272
"2015-2019","1",0.587326668152154
"2015-2019","1",0.58257418152643
"2015-2019","1",0.582743838222709
"2015-2019","1",0.579659045830231
"2015-2019","1",0.602254340738317
"2015-2019","1",0.590199347616617
"2015-2019","1",0.593956563937705
"2015-2019","1",0.598093863088999
"2015-2019","1",0.59569761131362
"2015-2019","1",0.60050454673753
"2015-2019","1",0.60333241137512
"2015-2019","1",0.593872573015028
"2015-2019","1",0.588643087955661
"2015-2019","1",0.592694246436213
"2015-2019","1",0.590707194540197
"2015-2019","1",0.601013102647177
"2015-2019","1",0.583206093068239
"2015-2019","1",0.584522676852973
"2015-2019","1",0.593821544407571
"2015-2019","1",0.581269635651034
"2015-2019","1",0.575604598367967
"2015-2019","1",0.580481598073014
"2015-2019","1",0.572025153677064
"2015-2019","1",0.602992078273966
"2015-2019","1",0.596750384583898
"2015-2019","1",0.585291443611003
"2015-2019","1",0.572271302153203
"2015-2019","1",0.586307126936558
"2015-2019","1",0.577416119533252
"2015-2019","1",0.597830231553678
"2015-2019","1",0.610878776878113
"2015-2019","1",0.59899518501253
"2015-2019","1",0.564197709804342
"2015-2019","1",0.605894140310121
"2015-2019","1",0.572916180561494
"2015-2019","1",0.59016040437338
"2015-2019","1",0.579120438748123
"2015-2019","1",0.591962743153526
"2015-2019","1",0.591244067615602
"2015-2019","1",0.584151005924413
"2015-2019","1",0.600228637515719
"2015-2019","1",0.58971588473475
"2015-2019","1",0.603369581862829
"2015-2019","1",0.578666453857457
"2015-2019","1",0.569652722556722
"2015-2019","1",0.583651030615718
"2015-2019","1",0.600172058525085
"2015-2019","1",0.576898924747673
"2015-2019","1",0.596703483506647
"2015-2019","1",0.566193999993158
"2015-2019","1",0.569640224579844
"2015-2019","1",0.584372599087416
"2015-2019","1",0.583443628030331
"2015-2019","1",0.5713210654856
"2015-2019","1",0.580154395670668
"2015-2019","1",0.592648283532153
"2015-2019","1",0.575960712953927
"2015-2019","1",0.568594090173495
"2015-2019","1",0.582703219991287
"2015-2019","1",0.584077464217935
"2015-2019","1",0.587281422018622
"2015-2019","1",0.567652598996305
"2015-2019","1",0.598195679952732
"2015-2019","1",0.587887207049359
"2015-2019","1",0.584448536992172
"2015-2019","1",0.565314167859464
"2015-2019","1",0.59572128368577
"2015-2019","1",0.573057395604311
"2015-2019","1",0.589528214956859
"2015-2019","1",0.588714004619459
"2015-2019","1",0.582353798881688
"2015-2019","1",0.592508338503706
"2015-2019","1",0.573158275541161
"2015-2019","1",0.570845433708327
"2015-2019","1",0.589632535564222
"2015-2019","1",0.589539914228133
"2015-2019","1",0.590229766201686
"2015-2019","1",0.57851316399198
"2015-2019","1",0.584249120150547
"2015-2019","1",0.606773353674846
"2015-2019","1",0.573788798525646
"2015-2019","1",0.580734650456883
"2015-2019","1",0.570595078236208
"2015-2019","1",0.581782658182922
"2015-2019","1",0.571030621181979
"2015-2019","1",0.57133570945142
"2015-2019","1",0.591287076227644
"2015-2019","1",0.567826884066631
"2015-2019","1",0.582292405919704
"2015-2019","1",0.589575640743334
"2015-2019","1",0.577985113829773
"2015-2019","1",0.585896361907976
"2015-2019","1",0.586498869562317
"2015-2019","1",0.593779042026592
"2015-2019","1",0.578298894966362
"2015-2019","1",0.591027769229783
"2015-2019","1",0.58372673700873
"2015-2019","1",0.585883508110926
"2015-2019","1",0.602222526566379
"2015-2019","1",0.596529350836063
"2015-2019","1",0.58631008186938
"2015-2019","1",0.579796772021105
"2015-2019","1",0.60856944895536
"2015-2019","1",0.589359995605221
"2015-2019","1",0.582631293364505
"2015-2019","1",0.568475728805284
"2015-2019","1",0.580884922806004
"2015-2019","1",0.582370804391925
"2015-2019","1",0.601320078797836
"2015-2019","1",0.579054235663742
"2015-2019","1",0.583912516949085
"2015-2019","1",0.59161556785665
"2015-2019","1",0.576705876554587
"2015-2019","1",0.598696759371058
"2015-2019","1",0.591043932201009
"2015-2019","1",0.585152193680389
"2015-2019","1",0.592453932098402
"2015-2019","1",0.591499377680008
"2015-2019","1",0.600372925520565
"2015-2019","1",0.590318200890893
"2015-2019","1",0.577543779430089
"2015-2019","1",0.596107883499631
"2015-2019","1",0.590225124607603
"2015-2019","1",0.58945134890018
"2015-2019","1",0.570080901896102
"2015-2019","1",0.581527459044496
"2015-2019","1",0.58132761810181
"2015-2019","1",0.592268596448538
"2015-2019","1",0.585782095169329
"2015-2019","1",0.567667578559497
"2015-2019","1",0.591675923962237
"2015-2019","1",0.566559801305509
"2015-2019","1",0.575317551689644
"2015-2019","1",0.589675525932889
"2015-2019","1",0.579974814970007
"2015-2019","1",0.573924500504219
"2015-2019","1",0.603876544024412
"2015-2019","1",0.59111519873587
"2015-2019","1",0.578817503376724
"2015-2019","1",0.588730981996244
"2015-2019","1",0.585473757952818
"2015-2019","1",0.567916011708593
"2015-2019","1",0.587679826965203
"2015-2019","1",0.582430128149349
"2015-2019","1",0.587457610472709
"2015-2019","1",0.586771762509802
"2015-2019","1",0.573568048072054
"2015-2019","1",0.580123839949086
"2015-2019","1",0.592849366673472
"2015-2019","1",0.59722298672565
"2015-2019","1",0.588237844463948
"2015-2019","1",0.592751730079781
"2015-2019","1",0.592821643137107
"2015-2019","1",0.591476796882881
"2015-2019","1",0.579206501070075
"2015-2019","1",0.584604101797605
"2015-2019","1",0.61305978048658
"2015-2019","1",0.577961588556061
"2015-2019","1",0.580012362326202
"2015-2019","1",0.586859452250003
"2015-2019","1",0.590253627463619
"2015-2019","1",0.597345118210134
"2015-2019","1",0.583143227600788
"2015-2019","1",0.582509538058156
"2015-2019","1",0.58949511342316
"2015-2019","1",0.609250259028971
"2015-2019","1",0.57742387563365
"2015-2019","1",0.602224276819333
"2015-2019","1",0.596414931056202
"2015-2019","1",0.602658532681548
"2015-2019","1",0.583636102954616
"2015-2019","1",0.590448763137343
"2015-2019","1",0.576286270125168
"2015-2019","1",0.594363916335
"2015-2019","1",0.585537714478704
"2015-2019","1",0.59404166336203
"2015-2019","1",0.597237780770544
"2015-2019","1",0.588073085668608
"2015-2019","1",0.599897934404304
"2015-2019","1",0.58408405320647
"2015-2019","1",0.597011845863834
"2015-2019","1",0.581296944621388
"2015-2019","1",0.58704421092128
"2015-2019","1",0.584595975089131
"2015-2019","1",0.577177980813767
"2015-2019","1",0.56816071604973
"2015-2019","1",0.59008093905001
"2015-2019","1",0.579624720812523
"2015-2019","1",0.605332700444216
"2015-2019","1",0.596675157947763
"2015-2019","1",0.594935400870581
"2015-2019","1",0.580900069000751
"2015-2019","1",0.586474608303201
"2015-2019","1",0.586166308569465
"2015-2019","1",0.579850524865358
"2015-2019","1",0.593572646808963
"2015-2019","1",0.599907136399623
"2015-2019","1",0.596885380890642
"2015-2019","1",0.587768612479731
"2015-2019","1",0.579418948429555
"2015-2019","1",0.56832865844768
"2015-2019","1",0.581617598701394
"2015-2019","1",0.588315386971766
"2015-2019","1",0.596526699343403
"2015-2019","1",0.588851402239232
"2015-2019","1",0.591726115581291
"2015-2019","1",0.576133757200485
"2015-2019","1",0.593678593909978
"2015-2019","1",0.588373873383246
"2015-2019","1",0.580530248517334
"2015-2019","1",0.601997204631418
"2015-2019","1",0.59895799436236
"2015-2019","1",0.595836872540691
"2015-2019","1",0.614775270985664
"2015-2019","1",0.587463486165101
"2015-2019","1",0.579024152492809
"2015-2019","1",0.58927050342629
"2015-2019","1",0.57589385023848
"2015-2019","1",0.587866455672797
"2015-2019","1",0.587878359267502
"2015-2019","1",0.570483828065148
"2015-2019","1",0.586769827011465
"2015-2019","1",0.574903668290567
"2015-2019","1",0.6008627701672
"2015-2019","1",0.579253929999275
"2015-2019","1",0.58933894022936
"2015-2019","1",0.570186276806171
"2015-2019","1",0.582617771904826
"2015-2019","1",0.584402824963794
"2015-2019","1",0.584083419359954
"2015-2019","1",0.590418642859812
"2015-2019","1",0.575749439284734
"2015-2019","1",0.597920828384206
"2015-2019","1",0.589855669515206
"2015-2019","1",0.586501841109859
"2015-2019","1",0.570338447121652
"2015-2019","1",0.584263216501995
"2015-2019","1",0.570771709530612
"2015-2019","1",0.582464274128078
"2015-2019","1",0.587861872926818
"2015-2019","1",0.596788031625851
"2015-2019","1",0.578164383875369
"2015-2019","1",0.575281325903015
"2015-2019","1",0.587454186236045
"2015-2019","1",0.574304397966829
"2015-2019","1",0.572673803214951
"2015-2019","1",0.572644036776159
"2015-2019","1",0.589555127145161
"2015-2019","1",0.57617864122636
"2015-2019","1",0.584726772693383
"2015-2019","1",0.602364961632126
"2015-2019","1",0.58949199243698
"2015-2019","1",0.581599508009582
"2015-2019","1",0.601062396290717
"2015-2019","1",0.576629339336018
"2015-2019","1",0.584173850275075
"2015-2019","1",0.59525845398645
"2015-2019","1",0.585796403445312
"2015-2019","1",0.574517342887119
"2015-2019","1",0.588333437530513
"2015-2019","1",0.599735229849384
"2015-2019","1",0.581478152061469
"2015-2019","1",0.575681441304815
"2015-2019","1",0.583425595715242
"2015-2019","1",0.583204657956873
"2015-2019","1",0.571951657096892
"2015-2019","1",0.570184772995247
"2015-2019","1",0.598555281530583
"2015-2019","1",0.576487280437661
"2015-2019","1",0.572952692702194
"2015-2019","1",0.593435186236086
"2015-2019","1",0.5928827809939
"2015-2019","1",0.598922070239172
"2015-2019","1",0.587514941959627
"2015-2019","1",0.59979285131577
"2015-2019","1",0.581266358093054
"2015-2019","1",0.605315195724848
"2015-2019","1",0.587375556501109
"2015-2019","1",0.577661716615449
"2015-2019","1",0.583009154570112
"2015-2019","1",0.570050814649302
"2015-2019","1",0.59816780065241
"2015-2019","1",0.594745613364823
"2015-2019","1",0.595520895824845
"2015-2019","1",0.594790541459547
"2015-2019","1",0.595333886572
"2015-2019","1",0.593684884687503
"2015-2019","1",0.579150372059075
"2015-2019","1",0.57586016034936
"2015-2019","1",0.581774113553922
"2015-2019","1",0.600112515049159
"2015-2019","1",0.606587399458719
"2015-2019","1",0.565905713148192
"2015-2019","1",0.606209862895217
"2015-2019","1",0.611589038076983
"2015-2019","1",0.599728580154683
"2015-2019","1",0.591353086154194
"2015-2019","1",0.570318164498984
"2015-2019","1",0.587993456966661
"2015-2019","1",0.588573331574294
"2015-2019","1",0.591138926367931
"2015-2019","1",0.582080745196473
"2015-2019","1",0.592604729928302
"2015-2019","1",0.579373761984037
"2015-2019","1",0.583779057681419
"2015-2019","1",0.602722643332791
"2015-2019","1",0.589060935724055
"2015-2019","1",0.568489452996273
"2015-2019","1",0.578400825348013
"2015-2019","1",0.592374496402471
"2015-2019","1",0.589696496275983
"2015-2019","1",0.597210281096782
"2015-2019","1",0.559497670168584
"2015-2019","1",0.592430714019184
"2015-2019","1",0.574734787428456
"2015-2019","1",0.584976971128217
"2015-2019","1",0.577644115054208
"2015-2019","1",0.602342912450411
"2015-2019","1",0.586715808439968
"2015-2019","1",0.597684585637529
"2015-2019","1",0.586548607562346
"2015-2019","1",0.558133874867898
"2015-2019","1",0.573379843020806
"2015-2019","1",0.583769534737317
"2015-2019","1",0.585300758383353
"2015-2019","1",0.598283460097891
"2015-2019","1",0.569909918345405
"2015-2019","1",0.587137955475356
"2015-2019","1",0.585320800469476
"2015-2019","1",0.587865957163987
"2015-2019","1",0.617965059568318
"2015-2019","1",0.582503977019623
"2015-2019","1",0.576333252442036
"2015-2019","1",0.583440250808935
"2015-2019","1",0.584001348034358
"2015-2019","1",0.585649787989156
"2015-2019","1",0.594395967076095
"2015-2019","1",0.577625375604972
"2015-2019","1",0.582023210631229
"2015-2019","1",0.568275595190712
"2015-2019","1",0.580340479099725
"2015-2019","1",0.611156324074326
"2015-2019","1",0.602713460539503
"2015-2019","1",0.570358112017708
"2015-2019","1",0.589847601447731
"2015-2019","1",0.588488696395054
"2015-2019","1",0.585104880095058
"2015-2019","1",0.589098680185089
"2015-2019","1",0.585168886553852
"2015-2019","1",0.585077901795537
"2015-2019","1",0.580194450116962
"2015-2019","1",0.592613934391924
"2015-2019","1",0.56793842991859
"2015-2019","1",0.577051864911722
"2015-2019","1",0.573713739603167
"2015-2019","1",0.583987634740421
"2015-2019","1",0.60375407114344
"2015-2019","1",0.593313042308482
"2015-2019","1",0.580313835682522
"2015-2019","1",0.578571927342913
"2015-2019","1",0.600820320584947
"2015-2019","1",0.60465595912487
"2015-2019","1",0.579115389344087
"2015-2019","1",0.576566281168167
"2015-2019","1",0.601615991565843
"2015-2019","1",0.591017774338312
"2015-2019","1",0.584421267142762
"2015-2019","1",0.590190183703683
"2015-2019","1",0.571059231430421
"2015-2019","1",0.579111738313072
"2015-2019","1",0.583934174103407
"2015-2019","1",0.571816916639764
"2015-2019","1",0.572561464523149
"2015-2019","1",0.597484098321846
"2015-2019","1",0.578748072168496
"2015-2019","1",0.587248986996631
"2015-2019","1",0.578531306000911
"2015-2019","1",0.586147810711841
"2015-2019","1",0.582032494749101
"2015-2019","1",0.588788240285457
"2015-2019","1",0.58205036632869
"2015-2019","1",0.576802745787154
"2015-2019","1",0.598565334097745
"2015-2019","1",0.576820465369261
"2015-2019","1",0.595016185936817
"2015-2019","1",0.588787681436832
"2015-2019","1",0.584103632178106
"2015-2019","1",0.588226617445614
"2015-2019","1",0.587667739532425
"2015-2019","1",0.60438625030868
"2015-2019","1",0.617749487342903
"2015-2019","1",0.588684725066832
"2015-2019","1",0.583458354747788
"2015-2019","1",0.588360496237103
"2015-2019","1",0.590284846463514
"2015-2019","1",0.581290314512204
"2015-2019","1",0.584458206686647
"2015-2019","1",0.56882987512817
"2015-2019","1",0.592225050658538
"2015-2019","1",0.57441902342089
"2015-2019","1",0.579625146593148
"2015-2019","1",0.578970338103364
"2015-2019","1",0.593020634582717
"2015-2019","1",0.583825257472813
"2015-2019","1",0.597824259587209
"2015-2019","1",0.573644889763802
"2015-2019","1",0.587306385002325
"2015-2019","1",0.599752823635745
"2015-2019","1",0.573348931740682
"2015-2019","1",0.582590486808437
"2015-2019","1",0.602967909305147
"2015-2019","1",0.598241860908675
"2015-2019","1",0.58648066976155
"2015-2019","1",0.585906358657644
"2015-2019","1",0.575423838538032
"2015-2019","1",0.586735907143167
"2015-2019","1",0.569396175664243
"2015-2019","1",0.585565816376787
"2015-2019","1",0.584341491741253
"2015-2019","1",0.602444415723952
"2015-2019","1",0.577137374529607
"2015-2019","1",0.579956118237886
"2015-2019","1",0.594288929410693
"2015-2019","1",0.599974461905774
"2015-2019","1",0.561671593451608
"2015-2019","1",0.577198057525518
"2015-2019","1",0.59502738339433
"2015-2019","1",0.595332255862955
"2015-2019","1",0.589791979245911
"2015-2019","1",0.586718178318311
"2015-2019","1",0.585157462757242
"2015-2019","1",0.577493202672091
"2015-2019","1",0.590779354292731
"2015-2019","1",0.589216503605445
"2015-2019","1",0.599628476906774
"2015-2019","1",0.576687156557216
"2015-2019","1",0.588714703046644
"2015-2019","1",0.585493635246353
"2015-2019","1",0.579627365270822
"2015-2019","1",0.590778346107143
"2015-2019","1",0.591847904422814
"2015-2019","1",0.562949432632763
"2015-2019","1",0.566134600519988
"2015-2019","1",0.570204155479256
"2015-2019","1",0.588462848045174
"2015-2019","1",0.572972432419677
"2015-2019","1",0.585027086954521
"2015-2019","1",0.594469158622093
"2015-2019","1",0.587840322951403
"2015-2019","1",0.573195632632704
"2015-2019","1",0.588325805901551
"2015-2019","1",0.562351465590315
"2015-2019","1",0.575570478255844
"2015-2019","1",0.592280194574651
"2015-2019","1",0.585085881893867
"2015-2019","1",0.586547745376662
"2015-2019","1",0.592177717903141
"2015-2019","1",0.593855882468516
"2015-2019","1",0.578443800103659
"2015-2019","1",0.584054903020868
"2015-2019","1",0.56736059992826
"2015-2019","1",0.592971212434055
"2015-2019","1",0.60190594528595
"2015-2019","1",0.573548753762295
"2015-2019","1",0.591471074276348
"2015-2019","1",0.60625093026587
"2015-2019","1",0.586347755991604
"2015-2019","1",0.582983422251357
"2015-2019","1",0.585591669406178
"2015-2019","1",0.577819981699332
"2015-2019","1",0.571903651600509
"2015-2019","1",0.578190744824459
"2015-2019","1",0.586489526254388
"2015-2019","1",0.581747186855436
"2015-2019","1",0.595541180448629
"2015-2019","1",0.568283732148521
"2015-2019","1",0.583080956696378
"2015-2019","1",0.6026993088285
"2015-2019","1",0.578308271616577
"2015-2019","1",0.591702952286574
"2015-2019","1",0.608311251438554
"2015-2019","1",0.590573811588559
"2015-2019","1",0.578751607434427
"2015-2019","1",0.587545543492639
"2015-2019","1",0.596947543776345
"2015-2019","1",0.592370356071742
"2015-2019","1",0.583295701760179
"2015-2019","1",0.568015324205507
"2015-2019","1",0.585343329122767
"2015-2019","1",0.589518836691103
"2015-2019","1",0.596764417245243
"2015-2019","1",0.579359758732035
"2015-2019","1",0.56633253560045
"2015-2019","1",0.573599621474422
"2015-2019","1",0.557929756829306
"2015-2019","1",0.581595614008973
"2015-2019","1",0.597327853641884
"2015-2019","1",0.58610336275994
"2015-2019","1",0.589082524844367
"2015-2019","1",0.587538898477913
"2015-2019","1",0.604106614556942
"2015-2019","1",0.594599175835029
"2015-2019","1",0.587461433490556
"2015-2019","1",0.591071392609617
"2015-2019","1",0.579784377390714
"2015-2019","1",0.565158397819053
"2015-2019","1",0.579616657951403
"2015-2019","1",0.59639051877556
"2015-2019","1",0.585847937218015
"2015-2019","1",0.579200360759835
"2015-2019","1",0.579675360553736
"2015-2019","1",0.584451566040973
"2015-2019","1",0.587195050388871
"2015-2019","1",0.59389655276521
"2015-2019","1",0.579567809978954
"2015-2019","1",0.586268393382999
"2015-2019","1",0.587091638747032
"2015-2019","1",0.562257432922155
"2015-2019","1",0.599395821279186
"2015-2019","1",0.610724994989145
"2015-2019","1",0.57902863757906
"2015-2019","1",0.588337969036614
"2015-2019","1",0.583601844457773
"2015-2019","1",0.587027101350399
"2015-2019","1",0.590901629499123
"2015-2019","1",0.585317481843836
"2015-2019","1",0.596375057663579
"2015-2019","1",0.581560229970747
"2015-2019","1",0.586415310294724
"2015-2019","1",0.600733543994996
"2015-2019","1",0.585462845542323
"2015-2019","1",0.584571085862019
"2015-2019","1",0.58980781016868
"2015-2019","1",0.596270967563484
"2015-2019","1",0.582936711726433
"2015-2019","1",0.610736038253911
"2015-2019","1",0.572801243251528
"2015-2019","1",0.56749940315689
"2015-2019","1",0.585733909083597
"2015-2019","1",0.610343792887136
"2015-2019","1",0.586164972780191
"2015-2019","1",0.584819034627563
"2015-2019","1",0.583135416328132
"2015-2019","1",0.585590905287675
"2015-2019","1",0.595334686632483
"2015-2019","1",0.59448607402901
"2015-2019","1",0.596138301946187
"2015-2019","1",0.581432405694154
"2015-2019","1",0.583296684229661
"2015-2019","1",0.587032667794662
"2015-2019","1",0.59193047249384
"2015-2019","1",0.570828785583039
"2015-2019","1",0.573229611716343
"2015-2019","1",0.601008472049299
"2015-2019","1",0.564978153782406
"2015-2019","1",0.578802727095404
"2015-2019","1",0.579451214838416
"2015-2019","1",0.595136304989623
"2015-2019","1",0.583870675682353
"2015-2019","1",0.57040650919518
"2015-2019","1",0.589935579574695
"2015-2019","1",0.574420419454829
"2015-2019","1",0.570019926144889
"2015-2019","1",0.59238546621038
"2015-2019","1",0.587679004463272
"2015-2019","1",0.595912268999316
"2015-2019","1",0.589011435813188
"2015-2019","1",0.587887459466286
"2015-2019","1",0.601621992546202
"2015-2019","1",0.574838342239497
"2015-2019","1",0.580513632791365
"2015-2019","1",0.574997013247032
"2015-2019","1",0.578211998845442
"2015-2019","1",0.590909231154516
"2015-2019","1",0.590468759628209
"2015-2019","1",0.596076104979786
"2015-2019","1",0.571535428413515
"2015-2019","1",0.579399407091178
"2015-2019","1",0.586654841517594
"2015-2019","1",0.592943031670339
"2015-2019","1",0.58261618382718
"2015-2019","1",0.582643100899443
"2015-2019","1",0.581319010969005
"2015-2019","1",0.593698130431752
"2015-2019","1",0.571194334705587
"2015-2019","1",0.57929257909277
"2015-2019","1",0.601095702723392
"2015-2019","1",0.574729911273626
"2015-2019","1",0.561898265223456
"2015-2019","1",0.609137947116966
"2015-2019","1",0.577963535504459
"2015-2019","1",0.580620851642752
"2015-2019","1",0.575987394938542
"2015-2019","1",0.58925865487932
"2015-2019","1",0.602779983509231
"2015-2019","1",0.583873681379728
"2015-2019","1",0.586932935922967
"2015-2019","1",0.591990796442318
"2015-2019","1",0.570566530433206
"2015-2019","1",0.598618254485352
"2015-2019","1",0.580420391823605
"2015-2019","1",0.578102712908035
"2015-2019","1",0.581876527245924
"2015-2019","1",0.588424389749599
"2015-2019","1",0.570093423285732
"2015-2019","1",0.583791975513068
"2015-2019","1",0.592552446339299
"2015-2019","1",0.588348938703556
"2015-2019","1",0.590980422377934
"2015-2019","1",0.565675155244509
"2015-2019","1",0.592278260576692
"2015-2019","1",0.594049006869644
"2015-2019","1",0.588322393165738
"2015-2019","1",0.582854235417954
"2015-2019","1",0.591155026546989
"2015-2019","1",0.573094372123034
"2015-2019","1",0.576240102841585
"2015-2019","1",0.574070953014575
"2015-2019","1",0.574613701804045
"2015-2019","1",0.582863700426611
"2015-2019","1",0.595568867049045
"2015-2019","1",0.565065107360501
"2015-2019","1",0.583083427612835
"2015-2019","1",0.58913371726511
"2015-2019","1",0.598674139113679
"2015-2019","1",0.586581514391255
"2015-2019","1",0.583943810373702
"2015-2019","1",0.584194152868424
"2015-2019","1",0.58228795706964
"2015-2019","1",0.579919406830618
"2015-2019","1",0.604021021000475
"2015-2019","1",0.590783848728924
"2015-2019","1",0.570243743913379
"2015-2019","1",0.587906330752733
"2015-2019","1",0.592539108569469
"2015-2019","1",0.573751488511107
"2015-2019","1",0.584843848136602
"2015-2019","1",0.580357667160802
"2015-2019","1",0.591974762640385
"2015-2019","1",0.563573254178101
"2015-2019","1",0.598955179478303
"2015-2019","1",0.578319935076962
"2015-2019","1",0.566155436690275
"2015-2019","1",0.58082899763832
"2015-2019","1",0.595020980540855
"2015-2019","1",0.593652923031735
"2015-2019","1",0.576406397174588
"2015-2019","1",0.577749370703256
"2015-2019","1",0.598972930804449
"2015-2019","1",0.570290939866945
"2015-2019","1",0.594954434539205
"2015-2019","1",0.58492396920802
"2015-2019","1",0.578497139190318
"2015-2019","1",0.592665012880456
"2015-2019","1",0.57661756320826
"2015-2019","1",0.589967984116001
"2015-2019","1",0.589733251028668
"2015-2019","1",0.582414500856695
"2015-2019","1",0.589063150917302
"2015-2019","1",0.603138582489882
"2015-2019","1",0.578955955063172
"2015-2019","1",0.584366162376955
"2015-2019","1",0.582822579019054
"2015-2019","1",0.564814401855114
"2015-2019","1",0.599757419753199
"2015-2019","1",0.585503037278033
"2015-2019","1",0.584366293408631
"2015-2019","1",0.575341427910186
"2015-2019","1",0.580930004020019
"2015-2019","1",0.581555871520882
"2015-2019","1",0.577226664262923
"2015-2019","1",0.576490914097873
"2015-2019","1",0.572832281632839
"2015-2019","1",0.580831460721807
"2015-2019","1",0.581804124709213
"2015-2019","1",0.583112103271132
"2015-2019","1",0.599880834017203
"2015-2019","1",0.59253368856438
"2015-2019","1",0.569508552344912
"2015-2019","1",0.605926161742539
"2015-2019","1",0.593691081147949
"2015-2019","1",0.563396709379651
"2015-2019","1",0.577235300017947
"2015-2019","1",0.566779492724676
"2015-2019","1",0.583521384090025
"2015-2019","1",0.579422814593426
"2015-2019","1",0.586501757796658
"2015-2019","1",0.575221420376067
"2015-2019","1",0.586848280010211
"2015-2019","1",0.600168236464244
"2015-2019","1",0.610148792610842
"2015-2019","1",0.571378384097271
"2015-2019","1",0.595663136825375
"2015-2019","1",0.595055788008504
"2015-2019","1",0.595337283490205
"2015-2019","1",0.588711867062345
"2015-2019","1",0.582651833667633
"2015-2019","1",0.57832612451641
"2015-2019","1",0.587216830069803
"2015-2019","1",0.587782621400163
"2015-2019","1",0.580388191630779
"2015-2019","1",0.590148830217303
"2015-2019","1",0.587981935927082
"2015-2019","1",0.601607628926457
"2015-2019","1",0.583139934417177
"2015-2019","1",0.583343251428103
"2015-2019","1",0.570947947861775
"2015-2019","1",0.599731302889482
"2015-2019","1",0.603576977787332
"2015-2019","1",0.58011896616387
"2015-2019","1",0.578731270491361
"2015-2019","1",0.603947196394781
"2015-2019","1",0.583703871329465
"2015-2019","1",0.571672561225677
"2015-2019","1",0.584913296469726
"2015-2019","1",0.589297530039494
"2015-2019","1",0.583814577378774
"2015-2019","1",0.590557080234945
"2015-2019","1",0.577265021039006
"2015-2019","1",0.589582319705267
"2015-2019","1",0.584231576098479
"2015-2019","1",0.579596468295344
"2015-2019","1",0.598164864227083
"2015-2019","1",0.578583837948511
"2015-2019","1",0.56491650865839
"2015-2019","1",0.587050908537251
"2015-2019","1",0.598585969712942
"2015-2019","1",0.58841749548748
"2015-2019","1",0.576272525900536
"2015-2019","1",0.570944966259337
"2015-2019","1",0.58473509777904
"2015-2019","1",0.584978506241676
"2015-2019","1",0.601567725808469
"2015-2019","1",0.572539571276235
"2015-2019","1",0.575332398803051
"2015-2019","1",0.601342015266293
"2015-2019","1",0.582716473855884
"2015-2019","1",0.578541077576542
"2015-2019","1",0.607213171581815
"2015-2019","1",0.595481401993983
"2015-2019","1",0.570873015154358
"2015-2019","1",0.577092326157368
"2015-2019","1",0.586567802580363
"2015-2019","1",0.581983071204788
"2015-2019","1",0.595144036634083
"2015-2019","1",0.591671949343149
"2015-2019","1",0.579176417702953
"2015-2019","1",0.587132035898801
"2015-2019","1",0.590736379165467
"2015-2019","1",0.585297306157171
"2015-2019","1",0.58662024377936
"2015-2019","1",0.601610724952346
"2015-2019","1",0.604848373638294
"2015-2019","1",0.592255344554685
"2015-2019","1",0.584375022866916
"2015-2019","1",0.597504864901598
"2015-2019","1",0.596877686803946
"2015-2019","1",0.600724324371389
"2015-2019","1",0.592451020494258
"2015-2019","1",0.58033637253772
"2015-2019","1",0.588988784787147
"2015-2019","1",0.570055299641294
"2015-2019","1",0.602725591306333
"2015-2019","1",0.578983008859354
"2015-2019","1",0.60086183488642
"2015-2019","1",0.589692929936928
"2015-2019","1",0.575906846998178
"2015-2019","1",0.564106629853487
"2015-2019","1",0.585862236959997
"2015-2019","1",0.587267145871863
"2015-2019","1",0.58175467281718
"2015-2019","1",0.593891804431243
"2015-2019","1",0.590734899072839
"2015-2019","1",0.58929438948944
"2015-2019","1",0.596453016046743
"2015-2019","1",0.593461337716192
"2015-2019","1",0.576884890190836
"2015-2019","1",0.592465510756124
"2015-2019","1",0.573438849712398
"2015-2019","1",0.586982800244174
"2015-2019","1",0.585177777905085
"2015-2019","1",0.584376014261395
"2015-2019","1",0.589879067591066
"2015-2019","1",0.597402147158025
"2015-2019","1",0.591229231685004
"2015-2019","1",0.598529137605565
"2015-2019","1",0.593794927105345
"2015-2019","1",0.594449487574651
"2015-2019","1",0.583966937085145
"2015-2019","1",0.592774060826357
"2015-2019","1",0.582318787682375
"2015-2019","1",0.572428246126569
"2015-2019","1",0.581143176326579
"2015-2019","1",0.583012458141907
"2015-2019","1",0.595835930574251
"2015-2019","1",0.578057935555057
"2015-2019","1",0.58268085102574
"2015-2019","1",0.595208073425856
"2015-2019","1",0.592909955877125
"2015-2019","1",0.588483437265648
"2015-2019","1",0.585823230564455
"2015-2019","1",0.593038370753975
"2015-2019","1",0.569615246437461
"2015-2019","1",0.571690246920514
"2015-2019","1",0.595302933431738
"2015-2019","1",0.579881864276274
"2015-2019","1",0.574750992495173
"2015-2019","1",0.597811601229123
"2015-2019","1",0.591257519883604
"2015-2019","1",0.600764826801211
"2015-2019","1",0.579386974587705
"2015-2019","1",0.589336918220114
"2015-2019","1",0.582206673603121
"2015-2019","1",0.589838273014508
"2015-2019","1",0.588989022891239
"2015-2019","1",0.593989867509759
"2015-2019","1",0.579932980195188
"2015-2019","1",0.581730146100053
"2015-2019","1",0.585775901081606
"2015-2019","1",0.567350765301414
"2015-2019","1",0.594119612551486
"2015-2019","1",0.594368172609719
"2015-2019","1",0.571560197551392
"2015-2019","1",0.592648888971541
"2015-2019","1",0.586829007673426
"2015-2019","1",0.577006210121098
"2015-2019","1",0.57723389326934
"2015-2019","1",0.587116946259116
"2015-2019","1",0.589519113959257
"2015-2019","1",0.586442449327894
"2015-2019","1",0.590311490178617
"2015-2019","1",0.58920256886987
"2015-2019","1",0.575135883409025
"2015-2019","1",0.593415001760746
"2015-2019","1",0.584195290489296
"2015-2019","1",0.586790090039444
"2015-2019","1",0.588265356768477
"2015-2019","1",0.566977459098818
"2015-2019","1",0.583100883202221
"2015-2019","1",0.582982187841967
"2015-2019","1",0.584796083254889
"2015-2019","1",0.577460288803135
"2015-2019","1",0.582581959270453
"2015-2019","1",0.592611598116672
"2015-2019","1",0.585542724749824
"2015-2019","1",0.594444395996789
"2015-2019","1",0.575569625972711
"2015-2019","1",0.576610778243705
"2015-2019","1",0.586516539743841
"2015-2019","1",0.596957316588728
"2015-2019","1",0.579866760615848
"2015-2019","1",0.592563446426082
"2015-2019","1",0.573275671341448
"2015-2019","1",0.59777841340901
"2015-2019","1",0.583039861712455
"2015-2019","1",0.601824879641272
"2015-2019","1",0.581764987882493
"2015-2019","1",0.577929568895394
"2015-2019","1",0.564301328611508
"2015-2019","1",0.603530250295035
"2015-2019","1",0.564265287436921
"2015-2019","1",0.572345908769165
"2015-2019","1",0.578189520501727
"2015-2019","1",0.59610556947876
"2015-2019","1",0.610612704610997
"2015-2019","1",0.593005811700908
"2015-2019","1",0.56722266197178
"2015-2019","1",0.586554655083252
"2015-2019","1",0.576684879256679
"2015-2019","1",0.584179163736844
"2015-2019","1",0.591695518119201
"2015-2019","1",0.591616217915259
"2015-2019","1",0.589842354215505
"2015-2019","1",0.591655418187705
"2015-2019","1",0.599792182565127
"2015-2019","1",0.588288665979431
"2015-2019","1",0.586314514495641
"2015-2019","1",0.589705018691328
"2015-2019","1",0.585459914951228
"2015-2019","1",0.594304916149269
"2015-2019","1",0.594483885006162
"2015-2019","1",0.587054746040237
"2015-2019","1",0.585216613204328
"2015-2019","1",0.586524811560821
"2015-2019","1",0.581702049180395
"2015-2019","1",0.575963207135763
"2015-2019","1",0.580361828225015
"2015-2019","1",0.582354049529142
"2015-2019","1",0.587374915535429
"2015-2019","1",0.564522975122339
"2015-2019","1",0.577629993165831
"2015-2019","1",0.597809377433822
"2015-2019","1",0.588303765001336
"2015-2019","1",0.60142500468011
"2015-2019","1",0.56383023555789
"2015-2019","1",0.592889848912904
"2015-2019","1",0.604406371736753
"2015-2019","1",0.602091003374545
"2015-2019","1",0.596555876038789
"2015-2019","1",0.578603600618661
"2015-2019","1",0.580513895668333
"2015-2019","1",0.590826082090228
"2015-2019","1",0.579918228012756
"2015-2019","1",0.602745175644486
"2015-2019","1",0.569537442387771
"2015-2019","1",0.573873640771366
"2015-2019","1",0.587735385111534
"2015-2019","1",0.608457325684874
"2015-2019","1",0.587964697284755
"2015-2019","1",0.5810363114336
"2015-2019","1",0.581360770220201
"2015-2019","1",0.575777947931765
"2015-2019","1",0.581741883346236
"2015-2019","1",0.590546835722202
"2015-2019","1",0.576486702926467
"2015-2019","1",0.568993520393019
"2015-2019","1",0.599926799163532
"2015-2019","1",0.591249299963654
"2015-2019","1",0.570789156264244
"2015-2019","1",0.58595927868775
"2015-2019","1",0.577497872689278
"2015-2019","1",0.570107105782828
"2015-2019","1",0.606264024924246
"2015-2019","1",0.593026167927014
"2015-2019","1",0.577218290470904
"2015-2019","1",0.579939940069835
"2015-2019","1",0.587735751880156
"2015-2019","1",0.578531414162527
"2015-2019","1",0.586627069759187
"2015-2019","2",0.892724947874785
"2015-2019","2",0.928239954116369
"2015-2019","2",0.974222130788523
"2015-2019","2",0.941342841093554
"2015-2019","2",0.946402080066278
"2015-2019","2",0.949599605177333
"2015-2019","2",0.915965226619345
"2015-2019","2",0.914529717033263
"2015-2019","2",0.931209727920915
"2015-2019","2",0.936779721921695
"2015-2019","2",0.919888085785137
"2015-2019","2",0.915899953624798
"2015-2019","2",0.936854213264877
"2015-2019","2",0.891127467588208
"2015-2019","2",0.882599916765514
"2015-2019","2",0.923771223910594
"2015-2019","2",0.918767579898882
"2015-2019","2",0.911610727247797
"2015-2019","2",0.960812469512633
"2015-2019","2",0.920273616608063
"2015-2019","2",0.933404608248238
"2015-2019","2",0.903437730669454
"2015-2019","2",0.923400700260416
"2015-2019","2",0.930037905402869
"2015-2019","2",0.929224569513885
"2015-2019","2",0.9248197553339
"2015-2019","2",0.952087198091127
"2015-2019","2",0.95625756890539
"2015-2019","2",0.921655037688813
"2015-2019","2",0.925390877672068
"2015-2019","2",0.931924385699671
"2015-2019","2",0.908653546640635
"2015-2019","2",0.937248470712072
"2015-2019","2",0.942060976681094
"2015-2019","2",0.940318094051302
"2015-2019","2",0.918314507650471
"2015-2019","2",0.945004982642536
"2015-2019","2",0.949122695300028
"2015-2019","2",0.929002662415639
"2015-2019","2",0.944561972238614
"2015-2019","2",0.954725017081228
"2015-2019","2",0.9269986690233
"2015-2019","2",0.954076290903642
"2015-2019","2",0.990116785259188
"2015-2019","2",0.926495254121924
"2015-2019","2",0.933218593152247
"2015-2019","2",0.858959478798191
"2015-2019","2",0.931013614464365
"2015-2019","2",0.926062471094671
"2015-2019","2",0.964293968221236
"2015-2019","2",0.94039366091418
"2015-2019","2",0.939849051039623
"2015-2019","2",0.92532334558555
"2015-2019","2",0.969228924161812
"2015-2019","2",0.905151867735016
"2015-2019","2",0.948362467176419
"2015-2019","2",0.893350288480237
"2015-2019","2",0.936425723709204
"2015-2019","2",0.92386957742255
"2015-2019","2",0.939350564452845
"2015-2019","2",0.953380215112154
"2015-2019","2",0.926373719309043
"2015-2019","2",0.931618561812884
"2015-2019","2",0.912262462691018
"2015-2019","2",0.914331552233306
"2015-2019","2",0.872513189984821
"2015-2019","2",0.92729797487392
"2015-2019","2",0.875046897315113
"2015-2019","2",0.940334011832994
"2015-2019","2",0.897820363125252
"2015-2019","2",0.922899552995907
"2015-2019","2",0.939985577353993
"2015-2019","2",0.91938317159553
"2015-2019","2",0.924440473524118
"2015-2019","2",0.940344796467271
"2015-2019","2",0.955206993527086
"2015-2019","2",0.891056991423119
"2015-2019","2",0.911263922310797
"2015-2019","2",0.878208068386283
"2015-2019","2",0.917565807216463
"2015-2019","2",0.908315525147595
"2015-2019","2",0.928347612334713
"2015-2019","2",0.961462089761125
"2015-2019","2",0.941351682387069
"2015-2019","2",0.89048921391619
"2015-2019","2",0.877558254447452
"2015-2019","2",0.954354315465224
"2015-2019","2",0.97060703180431
"2015-2019","2",0.94381902464162
"2015-2019","2",0.941457911389454
"2015-2019","2",0.982341866262257
"2015-2019","2",0.925852577633394
"2015-2019","2",0.932225123951459
"2015-2019","2",0.906555129260467
"2015-2019","2",0.915604320582413
"2015-2019","2",0.930196383720108
"2015-2019","2",0.947165219949392
"2015-2019","2",0.891981370510027
"2015-2019","2",0.932223298505487
"2015-2019","2",0.941443046464633
"2015-2019","2",0.917140815917657
"2015-2019","2",0.915363679051685
"2015-2019","2",0.942956160257381
"2015-2019","2",0.90567793494713
"2015-2019","2",0.939110719471539
"2015-2019","2",0.908720683588527
"2015-2019","2",0.90852652711004
"2015-2019","2",0.927768436556001
"2015-2019","2",0.93221934550363
"2015-2019","2",0.958089624416524
"2015-2019","2",0.939217306232599
"2015-2019","2",0.954055046003082
"2015-2019","2",0.923083415608592
"2015-2019","2",0.932788801173262
"2015-2019","2",0.969204687196253
"2015-2019","2",0.939133874484061
"2015-2019","2",0.880812712640888
"2015-2019","2",0.92678760028086
"2015-2019","2",0.900944505295536
"2015-2019","2",0.902398618881889
"2015-2019","2",0.904107342029598
"2015-2019","2",0.942574173035971
"2015-2019","2",0.928644238130617
"2015-2019","2",0.921652532800005
"2015-2019","2",0.892051619359367
"2015-2019","2",0.948404142295473
"2015-2019","2",0.933939259525048
"2015-2019","2",0.941184186252254
"2015-2019","2",0.913574224665224
"2015-2019","2",0.959674018878336
"2015-2019","2",0.916407252401623
"2015-2019","2",0.91615248742065
"2015-2019","2",0.931395512586419
"2015-2019","2",0.922218967957589
"2015-2019","2",0.938716154038791
"2015-2019","2",0.925206300689282
"2015-2019","2",0.938511035654216
"2015-2019","2",0.967482440771597
"2015-2019","2",0.963004954089589
"2015-2019","2",0.944135035537269
"2015-2019","2",0.949475044521512
"2015-2019","2",1
"2015-2019","2",0.89889661063297
"2015-2019","2",0.928488548390949
"2015-2019","2",0.886199405697221
"2015-2019","2",0.92177560424394
"2015-2019","2",0.920686784742158
"2015-2019","2",0.968289622000405
"2015-2019","2",0.897516751520582
"2015-2019","2",0.90301344633
"2015-2019","2",0.932720355855059
"2015-2019","2",0.966430539232904
"2015-2019","2",0.909751322667143
"2015-2019","2",0.924734888515192
"2015-2019","2",0.9224582907289
"2015-2019","2",0.92009723474167
"2015-2019","2",0.966074295443306
"2015-2019","2",0.948562326281261
"2015-2019","2",0.92623896255964
"2015-2019","2",0.901306599020664
"2015-2019","2",0.944149472492973
"2015-2019","2",0.962852224518451
"2015-2019","2",0.959421340882534
"2015-2019","2",0.890224314793351
"2015-2019","2",0.927082476909857
"2015-2019","2",0.924676185536721
"2015-2019","2",0.93959040461193
"2015-2019","2",0.918618186415444
"2015-2019","2",0.9404449037334
"2015-2019","2",0.914108203565821
"2015-2019","2",0.928575513926522
"2015-2019","2",0.906254426056193
"2015-2019","2",0.931009352805931
"2015-2019","2",0.933747340699699
"2015-2019","2",0.880377158033922
"2015-2019","2",0.9281618763457
"2015-2019","2",0.976334396617432
"2015-2019","2",0.940346116559603
"2015-2019","2",0.946109568202078
"2015-2019","2",0.893407774286875
"2015-2019","2",0.908030514730243
"2015-2019","2",0.951935953140577
"2015-2019","2",0.920147848043174
"2015-2019","2",0.925848837226606
"2015-2019","2",0.908194457997166
"2015-2019","2",0.989888613438044
"2015-2019","2",0.927394578014386
"2015-2019","2",0.933272661729504
"2015-2019","2",0.930352890700697
"2015-2019","2",0.959778100991303
"2015-2019","2",0.929337286123859
"2015-2019","2",0.947611266211645
"2015-2019","2",0.904768620544564
"2015-2019","2",0.922313064327828
"2015-2019","2",0.955715855794362
"2015-2019","2",0.927958768602224
"2015-2019","2",0.951849261129785
"2015-2019","2",0.933846084928576
"2015-2019","2",0.894024428917346
"2015-2019","2",0.914804079612963
"2015-2019","2",0.909375843484908
"2015-2019","2",0.950630997347296
"2015-2019","2",0.923779797115644
"2015-2019","2",0.91325754651921
"2015-2019","2",0.91867012344681
"2015-2019","2",0.888929100012809
"2015-2019","2",0.925936235703205
"2015-2019","2",0.961043749406383
"2015-2019","2",0.925571440465217
"2015-2019","2",0.937134029035068
"2015-2019","2",0.971319469153193
"2015-2019","2",0.935661526640949
"2015-2019","2",0.942055306657057
"2015-2019","2",0.905163001500083
"2015-2019","2",0.917985038253058
"2015-2019","2",0.964070035582082
"2015-2019","2",0.930156760813516
"2015-2019","2",0.953290011243791
"2015-2019","2",0.895974351982793
"2015-2019","2",0.928652885014933
"2015-2019","2",0.925388864203454
"2015-2019","2",0.923416404718913
"2015-2019","2",0.925415993454238
"2015-2019","2",0.943709524704015
"2015-2019","2",0.940521006353642
"2015-2019","2",0.961079138606586
"2015-2019","2",0.94415813889475
"2015-2019","2",0.891267804393637
"2015-2019","2",0.877689171258213
"2015-2019","2",0.936190560670733
"2015-2019","2",0.959995006487635
"2015-2019","2",0.943704687975903
"2015-2019","2",0.926162235816971
"2015-2019","2",0.910134213965334
"2015-2019","2",0.886610272787411
"2015-2019","2",0.957781038873669
"2015-2019","2",0.884101046464215
"2015-2019","2",0.972769964597243
"2015-2019","2",0.90898028498576
"2015-2019","2",0.929274688170374
"2015-2019","2",0.933167234357952
"2015-2019","2",0.91582650289592
"2015-2019","2",0.947780407926434
"2015-2019","2",0.9239082088901
"2015-2019","2",0.928814708989896
"2015-2019","2",0.916207745988222
"2015-2019","2",0.959144650517813
"2015-2019","2",0.947830582679369
"2015-2019","2",0.91302961932197
"2015-2019","2",0.925500267299097
"2015-2019","2",0.960314806613323
"2015-2019","2",0.937907795409634
"2015-2019","2",0.91043482479637
"2015-2019","2",0.945990781709579
"2015-2019","2",0.960960731744824
"2015-2019","2",0.933676499515065
"2015-2019","2",0.921618192787655
"2015-2019","2",0.953482713006048
"2015-2019","2",0.954493901453384
"2015-2019","2",0.896434867613634
"2015-2019","2",0.967595434409183
"2015-2019","2",0.91731848698803
"2015-2019","2",0.977576918843113
"2015-2019","2",0.915520078040036
"2015-2019","2",0.922171293879339
"2015-2019","2",0.940661683361916
"2015-2019","2",0.916266297024299
"2015-2019","2",0.903034768177513
"2015-2019","2",0.932325444255857
"2015-2019","2",0.931636554535947
"2015-2019","2",0.937136719605812
"2015-2019","2",0.918235912537147
"2015-2019","2",0.992162541968172
"2015-2019","2",0.943394230849855
"2015-2019","2",0.887391507201162
"2015-2019","2",0.988369159391025
"2015-2019","2",0.983919889855361
"2015-2019","2",0.97427309383027
"2015-2019","2",0.913631691625935
"2015-2019","2",0.967638513998549
"2015-2019","2",0.96353419611357
"2015-2019","2",0.949910892238473
"2015-2019","2",0.904898740388482
"2015-2019","2",0.929431460837069
"2015-2019","2",0.971509800878711
"2015-2019","2",0.952190686021462
"2015-2019","2",0.904012679640198
"2015-2019","2",0.941321402311952
"2015-2019","2",0.920154146865783
"2015-2019","2",0.917455319572643
"2015-2019","2",0.936276041746696
"2015-2019","2",0.896907074566097
"2015-2019","2",0.932419385427897
"2015-2019","2",0.954802627571261
"2015-2019","2",0.919731563740617
"2015-2019","2",0.908893195234579
"2015-2019","2",0.936228687028706
"2015-2019","2",0.943414238715873
"2015-2019","2",0.892006498052084
"2015-2019","2",0.90669788766832
"2015-2019","2",0.966997583519378
"2015-2019","2",0.946726866087347
"2015-2019","2",0.969346857747418
"2015-2019","2",0.976160324696189
"2015-2019","2",0.93752766000514
"2015-2019","2",0.910690993177105
"2015-2019","2",0.96260536172027
"2015-2019","2",0.917974050063478
"2015-2019","2",0.922296014949473
"2015-2019","2",0.935546377210843
"2015-2019","2",0.934734739775009
"2015-2019","2",0.920886755065722
"2015-2019","2",0.92350852764317
"2015-2019","2",0.915846045337336
"2015-2019","2",0.887788221807194
"2015-2019","2",0.998664760899446
"2015-2019","2",0.942605848306547
"2015-2019","2",0.932717892703504
"2015-2019","2",0.992952669050598
"2015-2019","2",0.949815540078996
"2015-2019","2",0.911284919646604
"2015-2019","2",0.915978282007415
"2015-2019","2",0.961025142582437
"2015-2019","2",0.935968362495055
"2015-2019","2",0.917879912208539
"2015-2019","2",0.951050177589022
"2015-2019","2",0.889383814902236
"2015-2019","2",0.9088290824643
"2015-2019","2",0.949975476935221
"2015-2019","2",0.968539404074779
"2015-2019","2",0.903804588816069
"2015-2019","2",0.943428893567885
"2015-2019","2",0.921357209000592
"2015-2019","2",0.930196321509512
"2015-2019","2",0.917738135336746
"2015-2019","2",0.948979125856124
"2015-2019","2",0.87373041253785
"2015-2019","2",0.941152138192229
"2015-2019","2",0.937778586180626
"2015-2019","2",0.905852482540886
"2015-2019","2",0.91759896567669
"2015-2019","2",0.95211704684012
"2015-2019","2",0.917793091014705
"2015-2019","2",0.908070953836371
"2015-2019","2",0.973814295117493
"2015-2019","2",0.891679308613494
"2015-2019","2",0.919288068024446
"2015-2019","2",0.919893767819585
"2015-2019","2",0.894090758167096
"2015-2019","2",0.92927917494024
"2015-2019","2",0.912522171022795
"2015-2019","2",0.960179018088537
"2015-2019","2",0.968578908091261
"2015-2019","2",0.903514953386613
"2015-2019","2",0.923109997791764
"2015-2019","2",0.922155285135914
"2015-2019","2",0.89892175884667
"2015-2019","2",0.907857612846958
"2015-2019","2",0.923422637548195
"2015-2019","2",0.942818036319753
"2015-2019","2",0.904620096629118
"2015-2019","2",0.982621930429531
"2015-2019","2",0.930100882961566
"2015-2019","2",0.93057768809049
"2015-2019","2",0.93536061775733
"2015-2019","2",0.909012431599666
"2015-2019","2",0.9417169918931
"2015-2019","2",0.978054477610851
"2015-2019","2",0.932488526189344
"2015-2019","2",0.888693369807495
"2015-2019","2",0.93896249756336
"2015-2019","2",0.92540920746548
"2015-2019","2",0.936143678278973
"2015-2019","2",0.960339829889073
"2015-2019","2",0.922019864293597
"2015-2019","2",0.937152072532339
"2015-2019","2",0.953299876060296
"2015-2019","2",0.949458211563861
"2015-2019","2",0.946855046579583
"2015-2019","2",0.970910931032681
"2015-2019","2",0.933560053632947
"2015-2019","2",0.942275640654622
"2015-2019","2",0.923946568055144
"2015-2019","2",0.946448590743672
"2015-2019","2",0.892272673484844
"2015-2019","2",0.881452817585497
"2015-2019","2",0.94709222744929
"2015-2019","2",0.974432700452807
"2015-2019","2",0.914771144793286
"2015-2019","2",0.952822608657818
"2015-2019","2",0.901163584105114
"2015-2019","2",0.882667871538316
"2015-2019","2",0.899620524223356
"2015-2019","2",0.896957910327133
"2015-2019","2",0.938197568681685
"2015-2019","2",0.922820750238264
"2015-2019","2",0.933989407481178
"2015-2019","2",0.899871207973708
"2015-2019","2",0.92892313414598
"2015-2019","2",0.911045910409343
"2015-2019","2",0.922991080238436
"2015-2019","2",0.904102689106167
"2015-2019","2",0.888400766794875
"2015-2019","2",0.921377572858786
"2015-2019","2",0.934583462527671
"2015-2019","2",0.934575523874738
"2015-2019","2",0.926384322242319
"2015-2019","2",0.898010675131466
"2015-2019","2",0.940723384810866
"2015-2019","2",0.91051961692413
"2015-2019","2",0.932248256433484
"2015-2019","2",0.930129646594749
"2015-2019","2",0.932593572189979
"2015-2019","2",0.924818127621251
"2015-2019","2",0.992055244017939
"2015-2019","2",0.929277458161385
"2015-2019","2",0.959372730363852
"2015-2019","2",0.93516877377907
"2015-2019","2",0.941169254302183
"2015-2019","2",0.920213882424978
"2015-2019","2",0.90694035349509
"2015-2019","2",0.999190769986908
"2015-2019","2",0.89495518468954
"2015-2019","2",0.901531475991196
"2015-2019","2",0.941540115233288
"2015-2019","2",0.919029525436877
"2015-2019","2",0.93778557626878
"2015-2019","2",0.914491367504546
"2015-2019","2",0.934467517833979
"2015-2019","2",0.94046458883233
"2015-2019","2",0.895641384564103
"2015-2019","2",0.925989300683856
"2015-2019","2",0.903056897284615
"2015-2019","2",0.890582981805906
"2015-2019","2",0.848853137822871
"2015-2019","2",0.959014327661759
"2015-2019","2",0.925311294928389
"2015-2019","2",0.916510059260786
"2015-2019","2",0.910357282230322
"2015-2019","2",0.921608357434482
"2015-2019","2",0.932627344678608
"2015-2019","2",0.958842141173541
"2015-2019","2",0.932866936983887
"2015-2019","2",0.937284240226995
"2015-2019","2",0.943241334865581
"2015-2019","2",0.965819317546243
"2015-2019","2",0.930845543920245
"2015-2019","2",0.928711407143028
"2015-2019","2",0.928231408123216
"2015-2019","2",0.93725281918135
"2015-2019","2",0.914272161100685
"2015-2019","2",0.89874844946519
"2015-2019","2",0.92809156865853
"2015-2019","2",0.930522781319572
"2015-2019","2",0.896198687194556
"2015-2019","2",0.944306578027579
"2015-2019","2",0.900261919102669
"2015-2019","2",0.91456330233443
"2015-2019","2",0.905277261901443
"2015-2019","2",0.93126446471788
"2015-2019","2",0.899111640652783
"2015-2019","2",0.914122281949532
"2015-2019","2",0.930983978677453
"2015-2019","2",0.917761564324022
"2015-2019","2",0.938088240971017
"2015-2019","2",0.905075343247679
"2015-2019","2",0.952245090833374
"2015-2019","2",0.908767538432369
"2015-2019","2",0.934545607375723
"2015-2019","2",0.961543550905643
"2015-2019","2",0.977774286161563
"2015-2019","2",0.919807006105446
"2015-2019","2",0.926229888765824
"2015-2019","2",0.971383264351968
"2015-2019","2",0.903992598020167
"2015-2019","2",0.944068411546158
"2015-2019","2",0.903925532398466
"2015-2019","2",0.90565086911356
"2015-2019","2",0.909341513157136
"2015-2019","2",0.98965854092104
"2015-2019","2",0.909994226230028
"2015-2019","2",0.896189440170905
"2015-2019","2",0.944100266283385
"2015-2019","2",0.96464984635087
"2015-2019","2",0.925647668203936
"2015-2019","2",0.910319192206169
"2015-2019","2",0.930433866088436
"2015-2019","2",0.98504025606831
"2015-2019","2",0.913430648810806
"2015-2019","2",0.933335366785839
"2015-2019","2",0.932319180073699
"2015-2019","2",0.940033018134502
"2015-2019","2",0.915124881241817
"2015-2019","2",0.974698032639591
"2015-2019","2",0.949674133921803
"2015-2019","2",0.915298346324312
"2015-2019","2",0.881957588808509
"2015-2019","2",0.893097543981494
"2015-2019","2",0.924538461655495
"2015-2019","2",0.962337260053238
"2015-2019","2",0.957305726047116
"2015-2019","2",0.9155096419358
"2015-2019","2",0.960764294024286
"2015-2019","2",0.951131414879735
"2015-2019","2",0.925997794605004
"2015-2019","2",0.96293492184001
"2015-2019","2",0.957620919658336
"2015-2019","2",0.957905460957835
"2015-2019","2",0.901442443517032
"2015-2019","2",0.946183372348425
"2015-2019","2",0.908405276452937
"2015-2019","2",0.951440704717221
"2015-2019","2",0.925791483692328
"2015-2019","2",0.923618469724489
"2015-2019","2",0.931115169005062
"2015-2019","2",0.939869715993154
"2015-2019","2",0.911300109455823
"2015-2019","2",0.961379105812565
"2015-2019","2",0.928855445386979
"2015-2019","2",0.899475916678798
"2015-2019","2",0.945629733436
"2015-2019","2",0.933913956284108
"2015-2019","2",0.937940804494492
"2015-2019","2",0.941950071715814
"2015-2019","2",0.898516366136883
"2015-2019","2",0.902262751376819
"2015-2019","2",0.918989942879482
"2015-2019","2",0.968346338419297
"2015-2019","2",0.904569960145559
"2015-2019","2",0.906773200468145
"2015-2019","2",0.915639575504559
"2015-2019","2",0.920978375239854
"2015-2019","2",0.922684251326222
"2015-2019","2",0.936302251000056
"2015-2019","2",0.960830052995932
"2015-2019","2",0.979083495984361
"2015-2019","2",0.931822727773736
"2015-2019","2",0.968222107106217
"2015-2019","2",0.932653656352402
"2015-2019","2",0.913239061667621
"2015-2019","2",0.929215126091027
"2015-2019","2",0.942717038419085
"2015-2019","2",0.924256764054824
"2015-2019","2",0.944320125400976
"2015-2019","2",0.933090615488937
"2015-2019","2",0.930318629201631
"2015-2019","2",0.910747130683669
"2015-2019","2",0.954923376679504
"2015-2019","2",0.944575767255148
"2015-2019","2",0.940791598634951
"2015-2019","2",0.945150755154805
"2015-2019","2",0.953157952436233
"2015-2019","2",0.925346178611047
"2015-2019","2",0.927038080580886
"2015-2019","2",0.906736748158133
"2015-2019","2",0.936833736941304
"2015-2019","2",0.936880364561628
"2015-2019","2",0.946503848425217
"2015-2019","2",0.899132838520952
"2015-2019","2",0.937462070200753
"2015-2019","2",0.932495727545722
"2015-2019","2",0.940173120897336
"2015-2019","2",0.954204541473065
"2015-2019","2",0.90142590126281
"2015-2019","2",0.931207476899126
"2015-2019","2",0.944341151187507
"2015-2019","2",0.92265778532207
"2015-2019","2",0.92089019275545
"2015-2019","2",0.924623515061228
"2015-2019","2",0.943556355983007
"2015-2019","2",0.967914319803624
"2015-2019","2",0.932842897903965
"2015-2019","2",0.909006935136142
"2015-2019","2",0.949419652590938
"2015-2019","2",0.939346312986875
"2015-2019","2",0.942745866999704
"2015-2019","2",0.925836931619524
"2015-2019","2",0.972339546525801
"2015-2019","2",1
"2015-2019","2",0.942498226522534
"2015-2019","2",0.939817781078296
"2015-2019","2",0.919992424170803
"2015-2019","2",0.931386930271316
"2015-2019","2",0.943601679281324
"2015-2019","2",0.909956948952307
"2015-2019","2",0.912443175792134
"2015-2019","2",0.872548401908301
"2015-2019","2",0.915369507502312
"2015-2019","2",0.935333643566171
"2015-2019","2",0.905909742777796
"2015-2019","2",0.960827697047635
"2015-2019","2",0.893288205492844
"2015-2019","2",0.95395730447582
"2015-2019","2",0.948201563167337
"2015-2019","2",0.911565729835622
"2015-2019","2",0.959551451671592
"2015-2019","2",0.911376940322726
"2015-2019","2",0.924915455308027
"2015-2019","2",0.932487299199532
"2015-2019","2",0.939294273339434
"2015-2019","2",0.922916886731492
"2015-2019","2",0.985844673174171
"2015-2019","2",0.912625722433031
"2015-2019","2",0.922215439507287
"2015-2019","2",0.93753409738754
"2015-2019","2",0.929317546393959
"2015-2019","2",0.934860307139556
"2015-2019","2",0.886758157467562
"2015-2019","2",0.961626667665573
"2015-2019","2",0.9147280782628
"2015-2019","2",0.920855905478712
"2015-2019","2",0.960936410620381
"2015-2019","2",0.89700211307167
"2015-2019","2",0.926608715846179
"2015-2019","2",0.953530647172052
"2015-2019","2",0.942338675694725
"2015-2019","2",0.944933368598507
"2015-2019","2",0.891595843271102
"2015-2019","2",0.95129688773955
"2015-2019","2",0.903995382346226
"2015-2019","2",0.940981260521623
"2015-2019","2",0.924675563564445
"2015-2019","2",0.90034926232937
"2015-2019","2",0.916488511535748
"2015-2019","2",0.901286108416038
"2015-2019","2",0.927389824871835
"2015-2019","2",0.921295142153153
"2015-2019","2",0.938841787042837
"2015-2019","2",0.932391281169778
"2015-2019","2",0.914214831467328
"2015-2019","2",0.93019683144121
"2015-2019","2",0.917654730407111
"2015-2019","2",0.963500326183172
"2015-2019","2",0.926394882796058
"2015-2019","2",0.91711539531234
"2015-2019","2",0.899181737196366
"2015-2019","2",0.955309234445749
"2015-2019","2",0.970591732169452
"2015-2019","2",0.93215035755092
"2015-2019","2",0.935884244881469
"2015-2019","2",0.91233753155915
"2015-2019","2",0.916081922008051
"2015-2019","2",0.931592129849719
"2015-2019","2",0.940127944238898
"2015-2019","2",0.922920149721921
"2015-2019","2",0.909096227623201
"2015-2019","2",0.935887660905096
"2015-2019","2",0.908699062024601
"2015-2019","2",0.934107329454927
"2015-2019","2",0.92158146041539
"2015-2019","2",0.937797653299835
"2015-2019","2",0.935490478113769
"2015-2019","2",0.927650409532524
"2015-2019","2",0.912260287038649
"2015-2019","2",0.885297744598044
"2015-2019","2",0.9476146722853
"2015-2019","2",0.919767652613458
"2015-2019","2",0.937253413802293
"2015-2019","2",0.929237513365032
"2015-2019","2",0.919767595974359
"2015-2019","2",0.93179719227534
"2015-2019","2",0.933670954444464
"2015-2019","2",0.921135530634171
"2015-2019","2",0.95224151770287
"2015-2019","2",0.935098055879325
"2015-2019","2",0.952759656440251
"2015-2019","2",0.944444809732916
"2015-2019","2",0.942491630146726
"2015-2019","2",0.909288785786884
"2015-2019","2",0.971275939829585
"2015-2019","2",0.898374425578129
"2015-2019","2",0.950232784581273
"2015-2019","2",0.938955960367579
"2015-2019","2",0.896431084905924
"2015-2019","2",0.943293735278558
"2015-2019","2",0.963954861246062
"2015-2019","2",0.909791499076337
"2015-2019","2",0.948497400407444
"2015-2019","2",0.963068596464814
"2015-2019","2",0.926430158991828
"2015-2019","2",0.905433338213709
"2015-2019","2",0.918104102547093
"2015-2019","2",0.923201808344205
"2015-2019","2",0.930191560154672
"2015-2019","2",0.91977453522678
"2015-2019","2",0.892515273301151
"2015-2019","2",0.934806247803068
"2015-2019","2",0.922688195257545
"2015-2019","2",0.918090430627979
"2015-2019","2",0.927071185834952
"2015-2019","2",0.956815340697499
"2015-2019","2",0.924685916280877
"2015-2019","2",0.933245994079734
"2015-2019","2",0.942490540243893
"2015-2019","2",0.901433549059634
"2015-2019","2",0.958093977270272
"2015-2019","2",0.9195141277606
"2015-2019","2",0.917062229937312
"2015-2019","2",0.91368203302776
"2015-2019","2",0.917407042467
"2015-2019","2",0.892616799463004
"2015-2019","2",0.925131486310751
"2015-2019","2",0.891429506832953
"2015-2019","2",0.955803379747357
"2015-2019","2",0.940222312052824
"2015-2019","2",0.996265963543614
"2015-2019","2",0.924628888037718
"2015-2019","2",0.901658526343602
"2015-2019","2",0.936367740545246
"2015-2019","2",0.914403808181408
"2015-2019","2",0.93223444130307
"2015-2019","2",0.900372811211901
"2015-2019","2",0.961853312206165
"2015-2019","2",0.960769864849187
"2015-2019","2",0.947340281305422
"2015-2019","2",0.926240145551149
"2015-2019","2",0.965406086811008
"2015-2019","2",0.948720553190036
"2015-2019","2",0.944550566533801
"2015-2019","2",0.906911735881723
"2015-2019","2",0.926952075091836
"2015-2019","2",0.959283531220132
"2015-2019","2",0.904667927134021
"2015-2019","2",0.9118140773686
"2015-2019","2",0.983684542808872
"2015-2019","2",0.985289702594141
"2015-2019","2",0.930802777161569
"2015-2019","2",0.900411388544309
"2015-2019","2",0.929207857048628
"2015-2019","2",0.917756128172341
"2015-2019","2",0.959606927117426
"2015-2019","2",0.951858564025346
"2015-2019","2",0.941641687274309
"2015-2019","2",0.946001487878509
"2015-2019","2",0.906750467434822
"2015-2019","2",0.971033408950027
"2015-2019","2",0.921397948920435
"2015-2019","2",0.902106453451086
"2015-2019","2",0.921871806768235
"2015-2019","2",0.906071235035987
"2015-2019","2",0.942572575831101
"2015-2019","2",0.97579195112791
"2015-2019","2",0.938082892004361
"2015-2019","2",0.9293299345834
"2015-2019","2",0.936942387811069
"2015-2019","2",0.951747250147004
"2015-2019","2",0.909784574109601
"2015-2019","2",0.946123250729075
"2015-2019","2",0.942810770227096
"2015-2019","2",0.929663725977306
"2015-2019","2",0.940019855766844
"2015-2019","2",0.900877154563223
"2015-2019","2",0.921891357293172
"2015-2019","2",0.934855204540001
"2015-2019","2",0.941175312852699
"2015-2019","2",0.902746585855166
"2015-2019","2",0.901925827231741
"2015-2019","2",0.96359989061561
"2015-2019","2",0.963492066003838
"2015-2019","2",0.950276609287921
"2015-2019","2",0.918261076399973
"2015-2019","2",0.94183733167274
"2015-2019","2",0.968222640185388
"2015-2019","2",0.974437113382654
"2015-2019","2",0.945757159885378
"2015-2019","2",0.916403263453536
"2015-2019","2",0.905407677356445
"2015-2019","2",0.935629835700647
"2015-2019","2",0.938346003932384
"2015-2019","2",0.956611544741003
"2015-2019","2",0.909918664128099
"2015-2019","2",0.962895717970287
"2015-2019","2",0.947773652404599
"2015-2019","2",0.947667355396412
"2015-2019","2",0.927711595821925
"2015-2019","2",0.888059397411363
"2015-2019","2",0.929152543374955
"2015-2019","2",0.931218575927334
"2015-2019","2",0.913607230087216
"2015-2019","2",0.8810541590754
"2015-2019","2",0.945421455170839
"2015-2019","2",0.914936953946453
"2015-2019","2",0.978970553116391
"2015-2019","2",0.940696402818497
"2015-2019","2",0.978061215171496
"2015-2019","2",0.909177722706778
"2015-2019","2",0.934497638594178
"2015-2019","2",0.918653247237124
"2015-2019","2",0.933681074659722
"2015-2019","2",0.949213983490252
"2015-2019","2",0.917531947361759
"2015-2019","2",0.929483701392305
"2015-2019","2",0.898851765813258
"2015-2019","2",0.918561265975154
"2015-2019","2",0.951466755109044
"2015-2019","2",0.929185401212653
"2015-2019","2",0.958545710896738
"2015-2019","2",0.909910637092613
"2015-2019","2",0.906604298271337
"2015-2019","2",0.92001412441022
"2015-2019","2",0.958980083709461
"2015-2019","2",0.926598362668376
"2015-2019","2",0.974963230687538
"2015-2019","2",0.971172071067083
"2015-2019","2",0.981127130380201
"2015-2019","2",0.944115856532738
"2015-2019","2",0.975552494075877
"2015-2019","2",0.957831224514862
"2015-2019","2",0.929870833033729
"2015-2019","2",0.914111189853515
"2015-2019","2",0.953546035683679
"2015-2019","2",0.912488251995938
"2015-2019","2",0.940600235720446
"2015-2019","2",0.908471825838708
"2015-2019","2",0.953633225163312
"2015-2019","2",0.962019941351253
"2015-2019","2",0.925062471603613
"2015-2019","2",0.903291179438135
"2015-2019","2",0.921752698708311
"2015-2019","2",0.944852160923765
"2015-2019","2",0.939744559123999
"2015-2019","2",0.911921034483265
"2015-2019","2",0.917463365981963
"2015-2019","2",0.955943790493775
"2015-2019","2",0.907448867796724
"2015-2019","2",0.910944965562782
"2015-2019","2",0.9410217544807
"2015-2019","2",0.960880197511804
"2015-2019","2",0.909684212785636
"2015-2019","2",0.902956364960714
"2015-2019","2",0.937737288928888
"2015-2019","2",0.947848976912609
"2015-2019","2",0.947430717412894
"2015-2019","2",0.930774864647109
"2015-2019","2",0.900045146810311
"2015-2019","2",0.928526375351289
"2015-2019","2",0.960415381018018
"2015-2019","2",0.907373969028727
"2015-2019","2",0.940709608547384
"2015-2019","2",0.89560123847654
"2015-2019","2",0.950516107562855
"2015-2019","2",0.928778341858598
"2015-2019","2",0.928897469436667
"2015-2019","2",0.927464145250755
"2015-2019","2",0.946430238265245
"2015-2019","2",0.8961301093267
"2015-2019","2",0.974282285667593
"2015-2019","2",0.895481257833044
"2015-2019","2",0.917638044669252
"2015-2019","2",0.934755805929326
"2015-2019","2",0.947902937558787
"2015-2019","2",0.911462700445426
"2015-2019","2",0.954926247347675
"2015-2019","2",0.895154021058113
"2015-2019","2",0.953210500117972
"2015-2019","2",0.934714867179318
"2015-2019","2",0.911193312442975
"2015-2019","2",0.93757076346145
"2015-2019","2",0.890376077388771
"2015-2019","2",0.924030090451015
"2015-2019","2",0.936306938958575
"2015-2019","2",0.939490558170274
"2015-2019","2",0.896446190916679
"2015-2019","2",0.957626319557209
"2015-2019","2",0.935373734654488
"2015-2019","2",1
"2015-2019","2",0.910418177079232
"2015-2019","2",0.900829766260752
"2015-2019","2",0.927492120130597
"2015-2019","2",0.945515717442065
"2015-2019","2",0.927685583795146
"2015-2019","2",0.949251476444901
"2015-2019","2",0.922725453099038
"2015-2019","2",0.94471143247175
"2015-2019","2",0.933113759652934
"2015-2019","2",0.943338330252695
"2015-2019","2",0.929667964696313
"2015-2019","2",0.972619140379367
"2015-2019","2",0.927971369897081
"2015-2019","2",0.949828934166003
"2015-2019","2",0.910814208284889
"2015-2019","2",0.942587221070765
"2015-2019","2",0.953052202792641
"2015-2019","2",0.905878271172959
"2015-2019","2",0.911271274842034
"2015-2019","2",0.938873507415007
"2015-2019","2",0.935346703574935
"2015-2019","2",0.928231525670341
"2015-2019","2",0.939378427580463
"2015-2019","2",0.897565389950141
"2015-2019","2",0.95000993059768
"2015-2019","2",0.935246751652111
"2015-2019","2",0.951630365733576
"2015-2019","2",0.892355792411347
"2015-2019","2",0.97363634355209
"2015-2019","2",0.955502354031021
"2015-2019","2",0.966065384871149
"2015-2019","2",0.918728444581562
"2015-2019","2",0.940876607999996
"2015-2019","2",0.91914221402252
"2015-2019","2",0.892675657754363
"2015-2019","2",0.949159529297938
"2015-2019","2",0.935745816660646
"2015-2019","2",0.889401653889151
"2015-2019","2",0.920480933891334
"2015-2019","2",0.922000237327211
"2015-2019","2",0.91217885369252
"2015-2019","2",0.9647694394968
"2015-2019","2",0.92778925309788
"2015-2019","2",0.90896094019107
"2015-2019","2",0.91198992580822
"2015-2019","2",0.968367002564821
"2015-2019","2",0.927678709773115
"2015-2019","2",0.94654850026829
"2015-2019","2",0.93937766441148
"2015-2019","2",0.945672259562854
"2015-2019","2",0.923570893639816
"2015-2019","2",0.97328657456796
"2015-2019","2",0.887111595889496
"2015-2019","2",0.951814136508825
"2015-2019","2",0.897540686172887
"2015-2019","2",0.886004383986631
"2015-2019","2",0.956548839882791
"2015-2019","2",0.913570171984253
"2015-2019","2",0.896465154951651
"2015-2019","2",0.916024372955165
"2015-2019","2",0.930653104044239
"2015-2019","2",0.924953540254422
"2015-2019","2",0.948411030427064
"2015-2019","2",0.918582467773029
"2015-2019","2",0.917167484273797
"2015-2019","2",0.901739428578414
"2015-2019","2",0.95398008573957
"2015-2019","2",0.924241665269214
"2015-2019","2",0.945420123479807
"2015-2019","2",0.941888155920891
"2015-2019","2",0.943973570394538
"2015-2019","2",0.924559593908575
"2015-2019","2",0.952851381849852
"2015-2019","2",0.939691926767041
"2015-2019","2",0.933380188711247
"2015-2019","2",0.916357946840959
"2015-2019","2",0.929905154182226
"2015-2019","2",0.938807697823583
"2015-2019","2",0.930030326489444
"2015-2019","2",0.88868962807923
"2015-2019","2",0.922680406752369
"2015-2019","2",0.921452300812226
"2015-2019","2",0.951417157583726
"2015-2019","2",0.927074618249139
"2015-2019","2",0.940862429623778
"2015-2019","2",0.921461216233179
"2015-2019","2",0.89903187380288
"2015-2019","2",0.921390895243707
"2015-2019","2",0.915921846449233
"2015-2019","2",0.932267938978994
"2015-2019","2",0.920947396994911
"2015-2019","2",0.962144074801299
"2015-2019","2",0.967407408466785
"2015-2019","2",0.968049770523543
"2015-2019","2",0.888277918458528
"2015-2019","2",0.91076116355905
"2015-2019","2",0.922058482883335
"2015-2019","2",0.925886929476241
"2015-2019","2",0.934375444859059
"2015-2019","2",0.917925234847719
"2015-2019","2",0.95339193235219
"2015-2019","2",0.955793406502369
"2015-2019","2",0.958599869270619
"2015-2019","2",0.966081937856435
"2015-2019","2",0.925009023394784
"2015-2019","2",0.885689089331008
"2015-2019","2",0.924594503304785
"2015-2019","2",0.922720141061494
"2015-2019","2",0.928062807802476
"2015-2019","2",0.937726013431316
"2015-2019","2",0.940308097630601
"2015-2019","2",0.934119727842563
"2015-2019","2",0.926243351542597
"2015-2019","2",0.964306900527182
"2015-2019","2",0.937573716709285
"2015-2019","2",0.917199228238847
"2015-2019","2",0.907990220191177
"2015-2019","2",0.970871680212656
"2015-2019","2",0.91261264720192
"2015-2019","2",0.943041087492284
"2015-2019","2",0.930686330796025
"2015-2019","2",0.946036689642238
"2015-2019","2",0.945138667400461
"2015-2019","2",0.949725909614283
"2015-2019","2",0.922659663554901
"2015-2019","2",0.900091194771944
"2015-2019","2",0.959285665585939
"2015-2019","2",0.941038992101068
"2015-2019","2",0.945311817468756
"2015-2019","2",0.928241872023517
"2015-2019","2",0.903135065818121
"2015-2019","2",0.924616681575372
"2015-2019","2",0.915839549792402
"2015-2019","2",0.937816267148017
"2015-2019","3",0.77291257512004
"2015-2019","3",0.803811655966414
"2015-2019","3",0.802252511264426
"2015-2019","3",0.734462243483257
"2015-2019","3",0.839381991648177
"2015-2019","3",0.766842148954833
"2015-2019","3",0.787883110024853
"2015-2019","3",0.757709984408726
"2015-2019","3",0.789503574527495
"2015-2019","3",0.780685885303978
"2015-2019","3",0.735115109062198
"2015-2019","3",0.80475692839984
"2015-2019","3",0.747752471813908
"2015-2019","3",0.749721589399021
"2015-2019","3",0.752253595699507
"2015-2019","3",0.820535928285816
"2015-2019","3",0.906349167982015
"2015-2019","3",0.750771728952177
"2015-2019","3",0.800998033900644
"2015-2019","3",0.812039138486232
"2015-2019","3",0.733403095171436
"2015-2019","3",0.786575960795178
"2015-2019","3",0.76511511534367
"2015-2019","3",0.77648246113928
"2015-2019","3",0.777739941421912
"2015-2019","3",0.781523864597435
"2015-2019","3",0.750560401398128
"2015-2019","3",0.782931864336506
"2015-2019","3",0.819846992334649
"2015-2019","3",0.810309890942774
"2015-2019","3",0.764096163008016
"2015-2019","3",0.768273510934867
"2015-2019","3",0.775025574272683
"2015-2019","3",0.794303342131363
"2015-2019","3",0.771568826799784
"2015-2019","3",0.809921644509503
"2015-2019","3",0.794539031582541
"2015-2019","3",0.800702052467537
"2015-2019","3",0.729250732469797
"2015-2019","3",0.846110525036857
"2015-2019","3",0.813117186821609
"2015-2019","3",0.759382828372745
"2015-2019","3",0.784323448365063
"2015-2019","3",0.752030575908734
"2015-2019","3",0.815513619502603
"2015-2019","3",0.768309851330547
"2015-2019","3",0.77321697647053
"2015-2019","3",0.766689760623217
"2015-2019","3",0.775393792577857
"2015-2019","3",0.821581042656806
"2015-2019","3",0.816063489085253
"2015-2019","3",0.772852718219296
"2015-2019","3",0.72634262362558
"2015-2019","3",0.82656263037032
"2015-2019","3",0.800166648242142
"2015-2019","3",0.765671333546193
"2015-2019","3",0.774739981993865
"2015-2019","3",0.767878729797622
"2015-2019","3",0.767997805163299
"2015-2019","3",0.756935389613483
"2015-2019","3",0.777200249367122
"2015-2019","3",0.749175659671323
"2015-2019","3",0.78989100199452
"2015-2019","3",0.790272201573525
"2015-2019","3",0.828155214224722
"2015-2019","3",0.813634619044683
"2015-2019","3",0.788630313427147
"2015-2019","3",0.727148088671735
"2015-2019","3",0.799389274901449
"2015-2019","3",0.762083047909178
"2015-2019","3",0.769556277386425
"2015-2019","3",0.807030357746414
"2015-2019","3",0.833332631793959
"2015-2019","3",0.794503679318229
"2015-2019","3",0.769907630865472
"2015-2019","3",0.758147165974853
"2015-2019","3",0.808320208671009
"2015-2019","3",0.754980085621596
"2015-2019","3",0.801430822705766
"2015-2019","3",0.81947276596015
"2015-2019","3",0.72211241518984
"2015-2019","3",0.729504038181595
"2015-2019","3",0.787133260578664
"2015-2019","3",0.799957670414539
"2015-2019","3",0.785478390821104
"2015-2019","3",0.763945213666938
"2015-2019","3",0.76293752651751
"2015-2019","3",0.811909541343419
"2015-2019","3",0.791680926376845
"2015-2019","3",0.802667424677111
"2015-2019","3",0.768992060255346
"2015-2019","3",0.852890253457554
"2015-2019","3",0.800894732734418
"2015-2019","3",0.742229944750515
"2015-2019","3",0.801624979328859
"2015-2019","3",0.78685915572692
"2015-2019","3",0.788535640198262
"2015-2019","3",0.818657829543832
"2015-2019","3",0.78697028149249
"2015-2019","3",0.745380304069769
"2015-2019","3",0.760213398435524
"2015-2019","3",0.799913542023153
"2015-2019","3",0.813876832918415
"2015-2019","3",0.8263251567332
"2015-2019","3",0.844452076156228
"2015-2019","3",0.760223464878274
"2015-2019","3",0.765398482746207
"2015-2019","3",0.767829898764145
"2015-2019","3",0.749349867241535
"2015-2019","3",0.768910929098245
"2015-2019","3",0.822149318764986
"2015-2019","3",0.777889641519817
"2015-2019","3",0.800970804130114
"2015-2019","3",0.851443627931126
"2015-2019","3",0.797801136445854
"2015-2019","3",0.809272917841814
"2015-2019","3",0.750780273363965
"2015-2019","3",0.748002828728801
"2015-2019","3",0.781144387546793
"2015-2019","3",0.734229910365844
"2015-2019","3",0.805195730663176
"2015-2019","3",0.820747651117821
"2015-2019","3",0.78473385820877
"2015-2019","3",0.736631270272646
"2015-2019","3",0.74586888366059
"2015-2019","3",0.79629180799169
"2015-2019","3",0.792062658000957
"2015-2019","3",0.797668996093348
"2015-2019","3",0.759337664423521
"2015-2019","3",0.799564928964171
"2015-2019","3",0.727601990389825
"2015-2019","3",0.793427918344272
"2015-2019","3",0.767834288768666
"2015-2019","3",0.764793558074856
"2015-2019","3",0.774823759454417
"2015-2019","3",0.750388785449104
"2015-2019","3",0.791743618806241
"2015-2019","3",0.87942873499294
"2015-2019","3",0.823414783871776
"2015-2019","3",0.794702318769383
"2015-2019","3",0.720047299192736
"2015-2019","3",0.729388254605118
"2015-2019","3",0.826229217016025
"2015-2019","3",0.809143942697939
"2015-2019","3",0.788965941216484
"2015-2019","3",0.77319215247225
"2015-2019","3",0.740379494394973
"2015-2019","3",0.777106336603064
"2015-2019","3",0.850951340366215
"2015-2019","3",0.78872776938603
"2015-2019","3",0.819025292025663
"2015-2019","3",0.75630137594769
"2015-2019","3",0.751411424212529
"2015-2019","3",0.771668142163457
"2015-2019","3",0.712469496067919
"2015-2019","3",0.816233600658884
"2015-2019","3",0.76015273705899
"2015-2019","3",0.855738442587743
"2015-2019","3",0.733315941745338
"2015-2019","3",0.734051012593622
"2015-2019","3",0.784783052193211
"2015-2019","3",0.76215630352513
"2015-2019","3",0.838749248053203
"2015-2019","3",0.804212299365793
"2015-2019","3",0.788002864807315
"2015-2019","3",0.821714769213543
"2015-2019","3",0.796170417647434
"2015-2019","3",0.773322416103661
"2015-2019","3",0.833113726070759
"2015-2019","3",0.764286093732997
"2015-2019","3",0.774912943281812
"2015-2019","3",0.760598281815428
"2015-2019","3",0.809174575644086
"2015-2019","3",0.784556955169588
"2015-2019","3",0.772834382755459
"2015-2019","3",0.747703632890802
"2015-2019","3",0.788500822083193
"2015-2019","3",0.812859407831836
"2015-2019","3",0.798606639225107
"2015-2019","3",0.736174326998131
"2015-2019","3",0.782288586961294
"2015-2019","3",0.797355676347457
"2015-2019","3",0.820732064162726
"2015-2019","3",0.8184046432124
"2015-2019","3",0.840388532248543
"2015-2019","3",0.748340051134388
"2015-2019","3",0.751194099555951
"2015-2019","3",0.768117285743776
"2015-2019","3",0.785926433791843
"2015-2019","3",0.791465717652004
"2015-2019","3",0.79904003845068
"2015-2019","3",0.841123834356162
"2015-2019","3",0.761875066024723
"2015-2019","3",0.802737266098815
"2015-2019","3",0.744732938400117
"2015-2019","3",0.782472755821458
"2015-2019","3",0.769357597820266
"2015-2019","3",0.751996027482138
"2015-2019","3",0.828798165742745
"2015-2019","3",0.74475129325592
"2015-2019","3",0.757930216982578
"2015-2019","3",0.825220225342623
"2015-2019","3",0.843322873321972
"2015-2019","3",0.778361352687366
"2015-2019","3",0.801838601214535
"2015-2019","3",0.798855632339221
"2015-2019","3",0.781600102146632
"2015-2019","3",0.745450709782663
"2015-2019","3",0.801988673719483
"2015-2019","3",0.787816722747946
"2015-2019","3",0.801826446758292
"2015-2019","3",0.737234933849847
"2015-2019","3",0.806731255478419
"2015-2019","3",0.751302154164471
"2015-2019","3",0.774186233349468
"2015-2019","3",0.759806208280697
"2015-2019","3",0.786329702652896
"2015-2019","3",0.819032645393784
"2015-2019","3",0.786235752805399
"2015-2019","3",0.808451294154494
"2015-2019","3",0.77201621708072
"2015-2019","3",0.826538158822422
"2015-2019","3",0.795067487067547
"2015-2019","3",0.76461163204932
"2015-2019","3",0.765545988738767
"2015-2019","3",0.805962783617338
"2015-2019","3",0.809532115549032
"2015-2019","3",0.776790007061207
"2015-2019","3",0.772503730323039
"2015-2019","3",0.793414847139846
"2015-2019","3",0.765319105786571
"2015-2019","3",0.769118028710857
"2015-2019","3",0.829259840193708
"2015-2019","3",0.757616741178009
"2015-2019","3",0.840411256228584
"2015-2019","3",0.834266102572479
"2015-2019","3",0.790726613079716
"2015-2019","3",0.7910701562949
"2015-2019","3",0.763612158737212
"2015-2019","3",0.798816082261661
"2015-2019","3",0.781976425393311
"2015-2019","3",0.775174000805934
"2015-2019","3",0.807648257042326
"2015-2019","3",0.815443282151165
"2015-2019","3",0.756116611039108
"2015-2019","3",0.812635176901556
"2015-2019","3",0.722770617345957
"2015-2019","3",0.821214498799474
"2015-2019","3",0.757779654977061
"2015-2019","3",0.857521942592123
"2015-2019","3",0.780371543993455
"2015-2019","3",0.787084521437939
"2015-2019","3",0.816336907386025
"2015-2019","3",0.818422542708946
"2015-2019","3",0.751506164742604
"2015-2019","3",0.72051617153285
"2015-2019","3",0.825692078789609
"2015-2019","3",0.796010282721512
"2015-2019","3",0.863408455188587
"2015-2019","3",0.864960121634688
"2015-2019","3",0.740799418215925
"2015-2019","3",0.761276994507692
"2015-2019","3",0.82398225874493
"2015-2019","3",0.786215416800523
"2015-2019","3",0.813305891237307
"2015-2019","3",0.798819148461272
"2015-2019","3",0.816177337034542
"2015-2019","3",0.746157916500077
"2015-2019","3",0.78653112105436
"2015-2019","3",0.728577399624275
"2015-2019","3",0.806440359841932
"2015-2019","3",0.758096334997211
"2015-2019","3",0.782403735265268
"2015-2019","3",0.749089075196028
"2015-2019","3",0.759404581830143
"2015-2019","3",0.809451998654551
"2015-2019","3",0.790337817486091
"2015-2019","3",0.78392787121606
"2015-2019","3",0.767516226542145
"2015-2019","3",0.778899982976841
"2015-2019","3",0.73076608757829
"2015-2019","3",0.734893664197118
"2015-2019","3",0.778097329377841
"2015-2019","3",0.765895486222941
"2015-2019","3",0.772460417531142
"2015-2019","3",0.766815693738454
"2015-2019","3",0.798829879525756
"2015-2019","3",0.707887082359803
"2015-2019","3",0.74066495145881
"2015-2019","3",0.821551840287275
"2015-2019","3",0.787052524628957
"2015-2019","3",0.803623245960399
"2015-2019","3",0.796819602702614
"2015-2019","3",0.81154157729
"2015-2019","3",0.77378259269221
"2015-2019","3",0.774446228669098
"2015-2019","3",0.777380664731621
"2015-2019","3",0.833132785440679
"2015-2019","3",0.736603064873471
"2015-2019","3",0.770785420445375
"2015-2019","3",0.783180476037863
"2015-2019","3",0.809827911558842
"2015-2019","3",0.789467338296201
"2015-2019","3",0.798600402501565
"2015-2019","3",0.752758124253032
"2015-2019","3",0.748466464099097
"2015-2019","3",0.809299077685299
"2015-2019","3",0.804719895922059
"2015-2019","3",0.805154625698592
"2015-2019","3",0.760510636112101
"2015-2019","3",0.767625153790889
"2015-2019","3",0.779546536129086
"2015-2019","3",0.783527212971189
"2015-2019","3",0.752705433395752
"2015-2019","3",0.823884974496941
"2015-2019","3",0.795698448968937
"2015-2019","3",0.815632522429261
"2015-2019","3",0.805684260620824
"2015-2019","3",0.769649359106151
"2015-2019","3",0.717069640938333
"2015-2019","3",0.750208365828527
"2015-2019","3",0.810939778048179
"2015-2019","3",0.759268660318494
"2015-2019","3",0.755829597563116
"2015-2019","3",0.797892473491782
"2015-2019","3",0.777825231122402
"2015-2019","3",0.753621096666455
"2015-2019","3",0.788223743073642
"2015-2019","3",0.792212899480336
"2015-2019","3",0.81245161962743
"2015-2019","3",0.766398472731778
"2015-2019","3",0.77882519693813
"2015-2019","3",0.762006725455052
"2015-2019","3",0.756209494940075
"2015-2019","3",0.762223292667411
"2015-2019","3",0.730628145940322
"2015-2019","3",0.800055675240966
"2015-2019","3",0.778783804263006
"2015-2019","3",0.833077717925995
"2015-2019","3",0.732505796320253
"2015-2019","3",0.832344793628307
"2015-2019","3",0.752618634412528
"2015-2019","3",0.76925578987571
"2015-2019","3",0.743164728936104
"2015-2019","3",0.749768648584875
"2015-2019","3",0.840862379948331
"2015-2019","3",0.780897604645918
"2015-2019","3",0.78535554873648
"2015-2019","3",0.825191986256832
"2015-2019","3",0.765478221742932
"2015-2019","3",0.767510674019394
"2015-2019","3",0.831657578141822
"2015-2019","3",0.800834853860772
"2015-2019","3",0.781554198815639
"2015-2019","3",0.778381129773782
"2015-2019","3",0.770529737903556
"2015-2019","3",0.802026372539266
"2015-2019","3",0.786930391423708
"2015-2019","3",0.798408405881142
"2015-2019","3",0.778495121143091
"2015-2019","3",0.768220218475169
"2015-2019","3",0.745206181847293
"2015-2019","3",0.800727271444738
"2015-2019","3",0.857458192608205
"2015-2019","3",0.7802146600731
"2015-2019","3",0.748442778106784
"2015-2019","3",0.81490823174781
"2015-2019","3",0.760800429193482
"2015-2019","3",0.839960985457457
"2015-2019","3",0.795357560989507
"2015-2019","3",0.732567592701289
"2015-2019","3",0.803588430495949
"2015-2019","3",0.816679119264522
"2015-2019","3",0.785114145424063
"2015-2019","3",0.82719957738743
"2015-2019","3",0.754131846090673
"2015-2019","3",0.789601335927269
"2015-2019","3",0.775840281878752
"2015-2019","3",0.801105170975865
"2015-2019","3",0.755416707772694
"2015-2019","3",0.760238247654745
"2015-2019","3",0.796412802428474
"2015-2019","3",0.779893793305923
"2015-2019","3",0.817657619974538
"2015-2019","3",0.804447938733283
"2015-2019","3",0.766174394685223
"2015-2019","3",0.789048450222584
"2015-2019","3",0.755851457833217
"2015-2019","3",0.857299433846948
"2015-2019","3",0.737625542659905
"2015-2019","3",0.777931223719404
"2015-2019","3",0.812352936759638
"2015-2019","3",0.770279553589346
"2015-2019","3",0.73964424321129
"2015-2019","3",0.846378469101296
"2015-2019","3",0.759105810786474
"2015-2019","3",0.817621359850629
"2015-2019","3",0.780159661463506
"2015-2019","3",0.806842706615421
"2015-2019","3",0.792893519398366
"2015-2019","3",0.814960703516193
"2015-2019","3",0.79750627417227
"2015-2019","3",0.773885159529763
"2015-2019","3",0.761179829495165
"2015-2019","3",0.842838410333494
"2015-2019","3",0.768994155253349
"2015-2019","3",0.752229796091542
"2015-2019","3",0.741434443529222
"2015-2019","3",0.750892417077999
"2015-2019","3",0.767758609232838
"2015-2019","3",0.776791080785104
"2015-2019","3",0.800801748863454
"2015-2019","3",0.797967007300588
"2015-2019","3",0.75599641357845
"2015-2019","3",0.751461792871819
"2015-2019","3",0.737211347875811
"2015-2019","3",0.791891440310698
"2015-2019","3",0.756052338836271
"2015-2019","3",0.792149184539025
"2015-2019","3",0.785483487196216
"2015-2019","3",0.747707454036956
"2015-2019","3",0.817739091228737
"2015-2019","3",0.788494340982174
"2015-2019","3",0.832233610430831
"2015-2019","3",0.823186919408634
"2015-2019","3",0.806562834000837
"2015-2019","3",0.749309677281071
"2015-2019","3",0.760167837010715
"2015-2019","3",0.733741856796351
"2015-2019","3",0.791159052408255
"2015-2019","3",0.735458967232957
"2015-2019","3",0.77421033284215
"2015-2019","3",0.793540573200875
"2015-2019","3",0.77810149871539
"2015-2019","3",0.737894968154363
"2015-2019","3",0.831102157232999
"2015-2019","3",0.764217196200548
"2015-2019","3",0.792332673053789
"2015-2019","3",0.708740242310846
"2015-2019","3",0.831145933019193
"2015-2019","3",0.81008656981581
"2015-2019","3",0.807900658094749
"2015-2019","3",0.792245992115345
"2015-2019","3",0.797011219657887
"2015-2019","3",0.773380563931666
"2015-2019","3",0.793345166506224
"2015-2019","3",0.807033190364396
"2015-2019","3",0.821057995035709
"2015-2019","3",0.818601824629463
"2015-2019","3",0.79368545136804
"2015-2019","3",0.761850407129444
"2015-2019","3",0.779789857657904
"2015-2019","3",0.755801066050565
"2015-2019","3",0.809631925025569
"2015-2019","3",0.807127908124167
"2015-2019","3",0.815123404185471
"2015-2019","3",0.801202540676583
"2015-2019","3",0.739560685094528
"2015-2019","3",0.763099004889065
"2015-2019","3",0.778935718650602
"2015-2019","3",0.755708404401948
"2015-2019","3",0.790895633066134
"2015-2019","3",0.817510823082294
"2015-2019","3",0.738971398980976
"2015-2019","3",0.717003364486586
"2015-2019","3",0.759789131472471
"2015-2019","3",0.78961471832851
"2015-2019","3",0.771998190989832
"2015-2019","3",0.775425298517543
"2015-2019","3",0.801827130131943
"2015-2019","3",0.773390059721866
"2015-2019","3",0.869278928619053
"2015-2019","3",0.773900393754927
"2015-2019","3",0.76049285238069
"2015-2019","3",0.753792636784552
"2015-2019","3",0.80146131190689
"2015-2019","3",0.801356027143451
"2015-2019","3",0.826274217207035
"2015-2019","3",0.768161197666047
"2015-2019","3",0.855162674232452
"2015-2019","3",0.773179903512943
"2015-2019","3",0.826804030867527
"2015-2019","3",0.737920368548006
"2015-2019","3",0.830742735773619
"2015-2019","3",0.78416401554324
"2015-2019","3",0.755865223040732
"2015-2019","3",0.829525116833988
"2015-2019","3",0.765781790141945
"2015-2019","3",0.807511987021435
"2015-2019","3",0.705472484114666
"2015-2019","3",0.759785959014195
"2015-2019","3",0.846315131971405
"2015-2019","3",0.78710032845189
"2015-2019","3",0.794899122633776
"2015-2019","3",0.83523615324633
"2015-2019","3",0.801082682555351
"2015-2019","3",0.783144765422638
"2015-2019","3",0.79685168490893
"2015-2019","3",0.78619444533539
"2015-2019","3",0.760357197211206
"2015-2019","3",0.751638639226078
"2015-2019","3",0.756532767692692
"2015-2019","3",0.752740888137455
"2015-2019","3",0.796462137531749
"2015-2019","3",0.771131434768023
"2015-2019","3",0.809200344315557
"2015-2019","3",0.790612962250604
"2015-2019","3",0.786920359293857
"2015-2019","3",0.785173650990936
"2015-2019","3",0.810274784394878
"2015-2019","3",0.83339560289732
"2015-2019","3",0.747859862019251
"2015-2019","3",0.768293142207044
"2015-2019","3",0.785568754809057
"2015-2019","3",0.769155144795266
"2015-2019","3",0.775842529192637
"2015-2019","3",0.81592757780065
"2015-2019","3",0.798542165146976
"2015-2019","3",0.795030004342313
"2015-2019","3",0.778961363087237
"2015-2019","3",0.800256795310021
"2015-2019","3",0.735403135931513
"2015-2019","3",0.797669864644936
"2015-2019","3",0.789408091352025
"2015-2019","3",0.782879441702569
"2015-2019","3",0.795957801875451
"2015-2019","3",0.801527895379144
"2015-2019","3",0.810270964517267
"2015-2019","3",0.791118080107313
"2015-2019","3",0.803819961640699
"2015-2019","3",0.768236097727069
"2015-2019","3",0.795610157682083
"2015-2019","3",0.814501027700628
"2015-2019","3",0.765247601377328
"2015-2019","3",0.815061693742321
"2015-2019","3",0.790070724386726
"2015-2019","3",0.783753638588801
"2015-2019","3",0.84385100359977
"2015-2019","3",0.804456043786399
"2015-2019","3",0.795850645402203
"2015-2019","3",0.82148052664894
"2015-2019","3",0.793943789504286
"2015-2019","3",0.808219061228685
"2015-2019","3",0.805493302292761
"2015-2019","3",0.80033793796617
"2015-2019","3",0.772102324681823
"2015-2019","3",0.793136071536136
"2015-2019","3",0.762887763384495
"2015-2019","3",0.799563743316337
"2015-2019","3",0.773155537846361
"2015-2019","3",0.786146009762401
"2015-2019","3",0.749621973500872
"2015-2019","3",0.782916282466903
"2015-2019","3",0.749848137034744
"2015-2019","3",0.773104798520057
"2015-2019","3",0.801818399425663
"2015-2019","3",0.813173081106021
"2015-2019","3",0.764987252890712
"2015-2019","3",0.793252318662919
"2015-2019","3",0.757769729330002
"2015-2019","3",0.787154521086048
"2015-2019","3",0.776897849404728
"2015-2019","3",0.683842382455703
"2015-2019","3",0.805551176090954
"2015-2019","3",0.757002511868357
"2015-2019","3",0.78602106081581
"2015-2019","3",0.803952468294787
"2015-2019","3",0.793915834129641
"2015-2019","3",0.792725666783143
"2015-2019","3",0.808928182457182
"2015-2019","3",0.744910973295979
"2015-2019","3",0.768426251283847
"2015-2019","3",0.75968302608246
"2015-2019","3",0.763259306746552
"2015-2019","3",0.80253293929308
"2015-2019","3",0.758372068099331
"2015-2019","3",0.735285513889388
"2015-2019","3",0.777904787590314
"2015-2019","3",0.808764337518642
"2015-2019","3",0.814688936767615
"2015-2019","3",0.812135166611284
"2015-2019","3",0.784202550753583
"2015-2019","3",0.749517096227567
"2015-2019","3",0.803136832629394
"2015-2019","3",0.763724570118164
"2015-2019","3",0.787476688842716
"2015-2019","3",0.788217398770898
"2015-2019","3",0.762853250915181
"2015-2019","3",0.80595387799318
"2015-2019","3",0.767563674888845
"2015-2019","3",0.780253821743099
"2015-2019","3",0.833957210325165
"2015-2019","3",0.821795505179577
"2015-2019","3",0.77329741251991
"2015-2019","3",0.76471825394235
"2015-2019","3",0.749710442298165
"2015-2019","3",0.763648650947402
"2015-2019","3",0.800340756400816
"2015-2019","3",0.76896842429446
"2015-2019","3",0.785635091446403
"2015-2019","3",0.787286377325535
"2015-2019","3",0.705928496759196
"2015-2019","3",0.781390778057348
"2015-2019","3",0.764563623037333
"2015-2019","3",0.750592188327528
"2015-2019","3",0.723994212957095
"2015-2019","3",0.792852223974285
"2015-2019","3",0.80296773426605
"2015-2019","3",0.80392685812298
"2015-2019","3",0.799724826725497
"2015-2019","3",0.780316891000658
"2015-2019","3",0.778262852188927
"2015-2019","3",0.858103454894876
"2015-2019","3",0.818667938775503
"2015-2019","3",0.832614579227994
"2015-2019","3",0.745439539432008
"2015-2019","3",0.803624703266432
"2015-2019","3",0.793932427422115
"2015-2019","3",0.819256898582361
"2015-2019","3",0.780039061337761
"2015-2019","3",0.793305846030832
"2015-2019","3",0.767114972248617
"2015-2019","3",0.790939885074929
"2015-2019","3",0.778432914490906
"2015-2019","3",0.840601515602778
"2015-2019","3",0.835413730874442
"2015-2019","3",0.797615719286588
"2015-2019","3",0.74132104692229
"2015-2019","3",0.748041905118033
"2015-2019","3",0.739693595541218
"2015-2019","3",0.756603973857242
"2015-2019","3",0.799332388901022
"2015-2019","3",0.755550414531546
"2015-2019","3",0.769280034035895
"2015-2019","3",0.784430656921163
"2015-2019","3",0.856827611775281
"2015-2019","3",0.738530828605338
"2015-2019","3",0.800337792077728
"2015-2019","3",0.756449559185627
"2015-2019","3",0.750552779008439
"2015-2019","3",0.756949760565741
"2015-2019","3",0.747686712603268
"2015-2019","3",0.76476033828921
"2015-2019","3",0.811507257298869
"2015-2019","3",0.745132733142186
"2015-2019","3",0.765052115816205
"2015-2019","3",0.758484001388224
"2015-2019","3",0.796837472775308
"2015-2019","3",0.783518549727636
"2015-2019","3",0.782320042906128
"2015-2019","3",0.826368981406994
"2015-2019","3",0.790834997887325
"2015-2019","3",0.743323576141682
"2015-2019","3",0.811834639514215
"2015-2019","3",0.778126692375131
"2015-2019","3",0.758339346912311
"2015-2019","3",0.758302606220375
"2015-2019","3",0.773360868799353
"2015-2019","3",0.799802421026673
"2015-2019","3",0.843286672056429
"2015-2019","3",0.850101535220236
"2015-2019","3",0.760252994815701
"2015-2019","3",0.788287814492948
"2015-2019","3",0.779100027444873
"2015-2019","3",0.758626730616751
"2015-2019","3",0.849335663635225
"2015-2019","3",0.739363916077164
"2015-2019","3",0.780852369219238
"2015-2019","3",0.792284602141565
"2015-2019","3",0.788480195780506
"2015-2019","3",0.765069773732839
"2015-2019","3",0.753905767140913
"2015-2019","3",0.830701543537896
"2015-2019","3",0.75981988201663
"2015-2019","3",0.746743576417561
"2015-2019","3",0.802241398909968
"2015-2019","3",0.758956049874845
"2015-2019","3",0.791595884325127
"2015-2019","3",0.798747150819111
"2015-2019","3",0.740074797660341
"2015-2019","3",0.795101734483461
"2015-2019","3",0.775226251929576
"2015-2019","3",0.783272928823774
"2015-2019","3",0.767740608769291
"2015-2019","3",0.77611808694286
"2015-2019","3",0.826548191238615
"2015-2019","3",0.765936253793652
"2015-2019","3",0.834613017342594
"2015-2019","3",0.778928688745958
"2015-2019","3",0.738136978728342
"2015-2019","3",0.796851389280416
"2015-2019","3",0.843443609000983
"2015-2019","3",0.802838569038677
"2015-2019","3",0.770951140612861
"2015-2019","3",0.708324476615945
"2015-2019","3",0.738900403831585
"2015-2019","3",0.795208401901803
"2015-2019","3",0.763045628223063
"2015-2019","3",0.759475257718912
"2015-2019","3",0.857541866969979
"2015-2019","3",0.822698034783915
"2015-2019","3",0.822136079675821
"2015-2019","3",0.811526027663795
"2015-2019","3",0.858067272191858
"2015-2019","3",0.827277771411189
"2015-2019","3",0.80068093009924
"2015-2019","3",0.841537213426255
"2015-2019","3",0.797645230540973
"2015-2019","3",0.736601796146348
"2015-2019","3",0.831594499102866
"2015-2019","3",0.769430847829598
"2015-2019","3",0.816974483234588
"2015-2019","3",0.74875291453233
"2015-2019","3",0.826146973964854
"2015-2019","3",0.780531177192815
"2015-2019","3",0.795175616681304
"2015-2019","3",0.815332961161568
"2015-2019","3",0.743630104521677
"2015-2019","3",0.772344221059519
"2015-2019","3",0.766164473101571
"2015-2019","3",0.838644223415826
"2015-2019","3",0.775410734157727
"2015-2019","3",0.778335125361512
"2015-2019","3",0.774916342259001
"2015-2019","3",0.779938625359606
"2015-2019","3",0.825822238044294
"2015-2019","3",0.776584202430598
"2015-2019","3",0.755518587675369
"2015-2019","3",0.774212627327899
"2015-2019","3",0.761518895581603
"2015-2019","3",0.750683981924154
"2015-2019","3",0.763542013784004
"2015-2019","3",0.857170540660186
"2015-2019","3",0.739783370944132
"2015-2019","3",0.84506997845708
"2015-2019","3",0.755966114542336
"2015-2019","3",0.786052918192122
"2015-2019","3",0.765640442382044
"2015-2019","3",0.784758753527353
"2015-2019","3",0.823884076585578
"2015-2019","3",0.786456148414419
"2015-2019","3",0.770761267255537
"2015-2019","3",0.807069025542527
"2015-2019","3",0.777034504968478
"2015-2019","3",0.815676610427907
"2015-2019","3",0.788144934876487
"2015-2019","3",0.784694041893049
"2015-2019","3",0.778936729495283
"2015-2019","3",0.816550938290775
"2015-2019","3",0.816605036313616
"2015-2019","3",0.782801622106954
"2015-2019","3",0.773312748755873
"2015-2019","3",0.775617106196401
"2015-2019","3",0.769103974379572
"2015-2019","3",0.729498832437958
"2015-2019","3",0.762676182519633
"2015-2019","3",0.799205835994754
"2015-2019","3",0.767439584944647
"2015-2019","3",0.7528158165461
"2015-2019","3",0.776896416585246
"2015-2019","3",0.732806972994508
"2015-2019","3",0.80057795184957
"2015-2019","3",0.789878465199011
"2015-2019","3",0.841302557284668
"2015-2019","3",0.807430493213645
"2015-2019","3",0.76214147175997
"2015-2019","3",0.769471641835423
"2015-2019","3",0.789784621896653
"2015-2019","3",0.744734318486427
"2015-2019","3",0.835806849743081
"2015-2019","3",0.798120220396013
"2015-2019","3",0.762194989192801
"2015-2019","3",0.849361575933867
"2015-2019","3",0.801595053613385
"2015-2019","3",0.830511017325178
"2015-2019","3",0.754462291853343
"2015-2019","3",0.797928101522942
"2015-2019","3",0.78020874829723
"2015-2019","3",0.780982697471827
"2015-2019","3",0.753606583164686
"2015-2019","3",0.745736533957463
"2015-2019","3",0.817231778306593
"2015-2019","3",0.791267298453709
"2015-2019","3",0.745803288297953
"2015-2019","3",0.758103421755378
"2015-2019","3",0.73905404896593
"2015-2019","3",0.813059756649917
"2015-2019","3",0.750243195555202
"2015-2019","3",0.825712453371788
"2015-2019","3",0.790088786366783
"2015-2019","3",0.792544853872792
"2015-2019","3",0.760122763730272
"2015-2019","3",0.817971703141387
"2015-2019","3",0.739016259608112
"2015-2019","3",0.728449847100342
"2015-2019","3",0.772585485996172
"2015-2019","3",0.783320970843452
"2015-2019","3",0.767460615878263
"2015-2019","3",0.750465390392955
"2015-2019","3",0.778404419441935
"2015-2019","3",0.798655352922182
"2015-2019","3",0.80004512264173
"2015-2019","3",0.857022538566183
"2015-2019","3",0.738875098490087
"2015-2019","3",0.778662070587147
"2015-2019","3",0.78457760715421
"2015-2019","3",0.758069922615047
"2015-2019","3",0.762192046685405
"2015-2019","3",0.826227605573978
"2015-2019","3",0.819224087484832
"2015-2019","3",0.828903756864361
"2015-2019","3",0.753686418385568
"2015-2019","3",0.776014780309074
"2015-2019","3",0.765236932399498
"2015-2019","3",0.788748170074531
"2015-2019","3",0.816495165985889
"2015-2019","3",0.777744071745951
"2015-2019","3",0.785398600932975
"2015-2019","3",0.792330691929016
"2015-2019","3",0.762032299122236
"2015-2019","3",0.803225527199192
"2015-2019","3",0.819924030837906
"2015-2019","3",0.797095065086842
"2015-2019","3",0.784625942321057
"2015-2019","3",0.753672961039097
"2015-2019","3",0.79872901500639
"2015-2019","3",0.76851370706513
"2015-2019","3",0.778023686945032
"2015-2019","3",0.78908237611729
"2015-2019","3",0.80257090818598
"2015-2019","3",0.776838167024087
"2015-2019","3",0.785221304607632
"2015-2019","3",0.788514387226577
"2015-2019","3",0.738920925375858
"2015-2019","3",0.787509125048456
"2015-2019","3",0.720034906942446
"2015-2019","3",0.755888004940641
"2015-2019","3",0.810133304972845
"2015-2019","3",0.835738915707584
"2015-2019","3",0.796287689369081
"2015-2019","3",0.789628475811651
"2015-2019","3",0.760611636514233
"2015-2019","3",0.840498128258979
"2015-2019","3",0.763881860495674
"2015-2019","3",0.77764612033278
"2015-2019","3",0.774442780592411
"2015-2019","3",0.750155087667324
"2015-2019","3",0.784133229293627
"2015-2019","3",0.845839987825355
"2015-2019","3",0.773642816951612
"2015-2019","3",0.840252852479087
"2015-2019","3",0.829079845199005
"2015-2019","3",0.779047693931747
"2015-2019","3",0.796576443522881
"2015-2019","3",0.806584272266646
"2015-2019","3",0.824608911283758
"2015-2019","3",0.843614413026072
"2015-2019","3",0.785384053802764
"2015-2019","3",0.766369841712862
"2015-2019","3",0.795383714033315
"2015-2019","3",0.799732166957411
"2015-2019","3",0.799468519077486
"2015-2019","3",0.749022722173419
"2015-2019","3",0.792743051591387
"2015-2019","3",0.779376055232981
"2015-2019","3",0.799554736382911
"2015-2019","3",0.782028877845465
"2015-2019","3",0.796723630080558
"2015-2019","3",0.750926478811542
"2015-2019","3",0.812426503308653
"2015-2019","3",0.756075389575315
"2015-2019","3",0.744109115742655
"2015-2019","3",0.750811679603079
"2015-2019","3",0.769786619052352
"2015-2019","3",0.769155451707899
"2015-2019","3",0.821439576424725
"2015-2019","3",0.790966201190916
"2015-2019","3",0.796097584790393
"2015-2019","3",0.763478740273974
"2015-2019","3",0.711667739832044
"2015-2019","3",0.780050518067068
"2015-2019","3",0.796155541397957
"2015-2019","3",0.770048481966897
"2015-2019","3",0.758675017927667
"2015-2019","3",0.811499307288221
"2015-2019","3",0.766436886981808
"2015-2019","3",0.834621160403815
"2015-2019","3",0.81863958093323
"2015-2019","3",0.854289534454954
"2015-2019","3",0.80024085296346
"2015-2019","3",0.801220301200927
"2015-2019","3",0.819164566044971
"2015-2019","3",0.761525944061728
"2015-2019","3",0.757230739640828
"2015-2019","3",0.793433251678543
"2015-2019","3",0.793255761840649
"2015-2019","3",0.787795413915536
"2015-2019","3",0.759371913426573
"2015-2019","3",0.819941255796924
"2015-2019","3",0.809764033765426
"2015-2019","3",0.772336983463125
"2015-2019","3",0.863006971769047
"2015-2019","3",0.71379186936949
"2015-2019","3",0.785347456312101
"2015-2019","3",0.69425639807839
"2015-2019","3",0.777956438126094
"2015-2019","3",0.815819084714912
"2015-2019","3",0.770380630632541
"2015-2019","3",0.859682711745452
"2015-2019","3",0.819319252257619
"2015-2019","3",0.822680320171943
"2015-2019","3",0.784444537690536
"2015-2019","3",0.723599863914921
"2015-2019","3",0.779085085737684
"2015-2019","3",0.791886855143444
"2015-2019","3",0.784417419313349
"2015-2019","3",0.719998502777095
"2015-2019","3",0.819079840823115
"2015-2019","3",0.77854750246492
"2015-2019","3",0.769898513432463
"2015-2019","3",0.729914203616304
"2015-2019","3",0.716900631969333
"2015-2019","3",0.816448725714307
"2015-2019","3",0.740751553697793
"2015-2019","3",0.742071890841395
"2015-2019","3",0.790272305204264
"2015-2019","3",0.787028060917214
"2015-2019","3",0.785202219600379
"2015-2019","3",0.74220760543683
"2015-2019","3",0.794982845461737
"2015-2019","3",0.770634107696927
"2015-2019","3",0.762569104469802
"2015-2019","3",0.831005013686824
"2015-2019","3",0.805838045329979
"2015-2019","3",0.759820375809001
"2015-2019","3",0.795370434800362
"2015-2019","3",0.814403721123534
"2015-2019","3",0.755504388857622
"2015-2019","3",0.757098881133546
"2015-2019","3",0.775872082163244
"2015-2019","3",0.786335415651516
"2015-2019","3",0.783218959220161
"2015-2019","3",0.738691184372683
"2015-2019","3",0.810105115189644
"2015-2019","3",0.796959425399761
"2015-2019","3",0.768094531858598
"2015-2019","3",0.753813887485636
"2015-2019","3",0.7570552753077
"2015-2019","3",0.808717216278818
"2015-2019","3",0.734960188544601
"2015-2019","3",0.798247414902923
"2015-2019","3",0.776254385714992
"2015-2019","3",0.788038475368331
"2015-2019","3",0.800147711708869
"2015-2019","3",0.780915879550789
"2015-2019","3",0.791228825078703
"2015-2019","3",0.79443044387536
"2015-2019","3",0.757001532720147
"2015-2019","3",0.838032905632356
"2015-2019","3",0.779088839193635
"2015-2019","3",0.764278413156134
"2015-2019","3",0.828513526145455
"2015-2019","3",0.776581281412002
"2015-2019","3",0.819078560498246
"2015-2019","3",0.806827373929056
"2015-2019","3",0.754696465674164
"2015-2019","3",0.756905111295191
"2015-2019","3",0.796167214339507
"2015-2019","3",0.771655188224651
"2015-2019","3",0.785500899346673
"2015-2019","3",0.771692779026674
"2015-2019","3",0.743737787943745
"2015-2019","3",0.785083861797748
"2015-2019","3",0.793101509234111
"2015-2019","3",0.808104296699207
"2015-2019","3",0.748606997199439
"2015-2019","3",0.799485996962327
"2015-2019","3",0.792070462575384
"2015-2019","3",0.762263242643868
"2015-2019","3",0.77057300996326
"2015-2019","3",0.788808537206846
"2015-2019","3",0.780996225485149
"2015-2019","3",0.752405345333788
"2015-2019","3",0.726718509510872
"2015-2019","3",0.82672397182025
"2015-2019","3",0.742205121950893
"2015-2019","3",0.787363700411771
"2015-2019","3",0.761260858473385
"2015-2019","3",0.76181564026515
"2015-2019","3",0.771624207537017
"2015-2019","3",0.745083168068787
"2015-2019","3",0.749358123169906
"2015-2019","3",0.78731336824945
"2015-2019","3",0.809489886946974
"2015-2019","3",0.796427186726101
"2015-2019","3",0.788346944592894
"2015-2019","3",0.811583623383262
"2015-2019","3",0.816700264866416
"2015-2019","3",0.759323350834117
"2015-2019","3",0.82021005384956
"2015-2019","4",0.72299562070084
"2015-2019","4",0.723523272337506
"2015-2019","4",0.70183804395522
"2015-2019","4",0.735417061086144
"2015-2019","4",0.692789199994196
"2015-2019","4",0.751708601801825
"2015-2019","4",0.729178625051472
"2015-2019","4",0.735866811272415
"2015-2019","4",0.742646592055924
"2015-2019","4",0.732631880922636
"2015-2019","4",0.736979329221811
"2015-2019","4",0.750707959287826
"2015-2019","4",0.760777232995478
"2015-2019","4",0.719048485021723
"2015-2019","4",0.76045028167463
"2015-2019","4",0.733773653875206
"2015-2019","4",0.719894195898884
"2015-2019","4",0.705020298567681
"2015-2019","4",0.704971418400207
"2015-2019","4",0.693399740446075
"2015-2019","4",0.731388019148633
"2015-2019","4",0.717081406898566
"2015-2019","4",0.746351834216215
"2015-2019","4",0.741894097984293
"2015-2019","4",0.706391427228193
"2015-2019","4",0.748742045528604
"2015-2019","4",0.763687290111992
"2015-2019","4",0.693069028850408
"2015-2019","4",0.692037073657033
"2015-2019","4",0.695595416340959
"2015-2019","4",0.701597588127716
"2015-2019","4",0.722251373099202
"2015-2019","4",0.701096920841255
"2015-2019","4",0.734139911305736
"2015-2019","4",0.722813847932268
"2015-2019","4",0.695956434109445
"2015-2019","4",0.725723457179638
"2015-2019","4",0.705185968010806
"2015-2019","4",0.725167426149774
"2015-2019","4",0.722412106366236
"2015-2019","4",0.73775593685117
"2015-2019","4",0.726738424615554
"2015-2019","4",0.763323404464612
"2015-2019","4",0.705426506793656
"2015-2019","4",0.705349094022335
"2015-2019","4",0.705036746405531
"2015-2019","4",0.74439354261346
"2015-2019","4",0.764295470490566
"2015-2019","4",0.757285656418935
"2015-2019","4",0.735980686955691
"2015-2019","4",0.75186170867487
"2015-2019","4",0.71125897095253
"2015-2019","4",0.726839857119879
"2015-2019","4",0.705404943893293
"2015-2019","4",0.718678764144516
"2015-2019","4",0.733343749687177
"2015-2019","4",0.69195733498166
"2015-2019","4",0.710008574381197
"2015-2019","4",0.718893360210355
"2015-2019","4",0.72438604800858
"2015-2019","4",0.744471647916902
"2015-2019","4",0.726508559459346
"2015-2019","4",0.720913219906576
"2015-2019","4",0.71308139445834
"2015-2019","4",0.71779763230833
"2015-2019","4",0.713937019819767
"2015-2019","4",0.751515687495416
"2015-2019","4",0.740990943159636
"2015-2019","4",0.739276858212921
"2015-2019","4",0.719214887942746
"2015-2019","4",0.727282509204219
"2015-2019","4",0.719362594053984
"2015-2019","4",0.741249051463209
"2015-2019","4",0.720084798970442
"2015-2019","4",0.737153465937405
"2015-2019","4",0.724486520098373
"2015-2019","4",0.754155536934889
"2015-2019","4",0.706217508556268
"2015-2019","4",0.705679354506018
"2015-2019","4",0.750741244126428
"2015-2019","4",0.743587722300246
"2015-2019","4",0.76059896524205
"2015-2019","4",0.714617751698221
"2015-2019","4",0.700890286251788
"2015-2019","4",0.708999813955039
"2015-2019","4",0.73103127548814
"2015-2019","4",0.713489100284391
"2015-2019","4",0.712925755269324
"2015-2019","4",0.678110321459028
"2015-2019","4",0.743310510272729
"2015-2019","4",0.724032251910124
"2015-2019","4",0.728541861107644
"2015-2019","4",0.70479317498744
"2015-2019","4",0.711632567097775
"2015-2019","4",0.688975113084268
"2015-2019","4",0.733889666777236
"2015-2019","4",0.698250048011215
"2015-2019","4",0.75597929561582
"2015-2019","4",0.746960249776518
"2015-2019","4",0.716526864524861
"2015-2019","4",0.733736269305511
"2015-2019","4",0.710000935947813
"2015-2019","4",0.710989586652547
"2015-2019","4",0.718028529042493
"2015-2019","4",0.709866227217547
"2015-2019","4",0.715302744891307
"2015-2019","4",0.747180672744985
"2015-2019","4",0.681936539791234
"2015-2019","4",0.732030311731541
"2015-2019","4",0.699647637233289
"2015-2019","4",0.689090403724373
"2015-2019","4",0.712761870150504
"2015-2019","4",0.744349125482626
"2015-2019","4",0.748644907867428
"2015-2019","4",0.717839228775357
"2015-2019","4",0.696840502571718
"2015-2019","4",0.701992236536865
"2015-2019","4",0.717543760502962
"2015-2019","4",0.740052101434719
"2015-2019","4",0.753235875740675
"2015-2019","4",0.714095840755121
"2015-2019","4",0.681321354943114
"2015-2019","4",0.71342925590007
"2015-2019","4",0.737445916013947
"2015-2019","4",0.711283601621951
"2015-2019","4",0.707549412598875
"2015-2019","4",0.669815442291411
"2015-2019","4",0.719142581952052
"2015-2019","4",0.736055325976204
"2015-2019","4",0.691780977265635
"2015-2019","4",0.742335016481977
"2015-2019","4",0.723428357149941
"2015-2019","4",0.717879897541326
"2015-2019","4",0.723055796884014
"2015-2019","4",0.717012522428373
"2015-2019","4",0.780201655171755
"2015-2019","4",0.683697231927737
"2015-2019","4",0.715282008071313
"2015-2019","4",0.674038497813355
"2015-2019","4",0.705398498916436
"2015-2019","4",0.707695921431444
"2015-2019","4",0.716136119724424
"2015-2019","4",0.719904760904819
"2015-2019","4",0.717347631348126
"2015-2019","4",0.709275381730049
"2015-2019","4",0.72914413296865
"2015-2019","4",0.757073968200488
"2015-2019","4",0.714801957157165
"2015-2019","4",0.718826734812446
"2015-2019","4",0.719607780470442
"2015-2019","4",0.73131172730955
"2015-2019","4",0.755529437352731
"2015-2019","4",0.724029230495098
"2015-2019","4",0.705264479846148
"2015-2019","4",0.705441970118663
"2015-2019","4",0.722157576546973
"2015-2019","4",0.697976823292824
"2015-2019","4",0.735322295566961
"2015-2019","4",0.713783538690733
"2015-2019","4",0.732287302424172
"2015-2019","4",0.711982301752486
"2015-2019","4",0.678559879543549
"2015-2019","4",0.724583240669355
"2015-2019","4",0.687314358765492
"2015-2019","4",0.733555147087686
"2015-2019","4",0.738812152359283
"2015-2019","4",0.698237465902969
"2015-2019","4",0.761433185773229
"2015-2019","4",0.742525530516532
"2015-2019","4",0.719243123616646
"2015-2019","4",0.728345050590191
"2015-2019","4",0.727030929297963
"2015-2019","4",0.760047635814341
"2015-2019","4",0.758613152852777
"2015-2019","4",0.733990666206929
"2015-2019","4",0.728901764237618
"2015-2019","4",0.713235528355452
"2015-2019","4",0.725903948319508
"2015-2019","4",0.754318702770528
"2015-2019","4",0.732302088314112
"2015-2019","4",0.701792313144136
"2015-2019","4",0.711445730465432
"2015-2019","4",0.722297166272481
"2015-2019","4",0.719365823866993
"2015-2019","4",0.728100151100018
"2015-2019","4",0.718808767468879
"2015-2019","4",0.739020613330286
"2015-2019","4",0.686484734896335
"2015-2019","4",0.717592945717919
"2015-2019","4",0.737217682968958
"2015-2019","4",0.70901665039947
"2015-2019","4",0.736261389197978
"2015-2019","4",0.732429925749456
"2015-2019","4",0.70480634668129
"2015-2019","4",0.737479743815708
"2015-2019","4",0.702056456265651
"2015-2019","4",0.714898253209662
"2015-2019","4",0.69845909791815
"2015-2019","4",0.714783167532764
"2015-2019","4",0.68807819910343
"2015-2019","4",0.72720157647246
"2015-2019","4",0.747728976600348
"2015-2019","4",0.711128469166017
"2015-2019","4",0.716309228025669
"2015-2019","4",0.707566467419346
"2015-2019","4",0.710428732459338
"2015-2019","4",0.702998210707624
"2015-2019","4",0.726892257891816
"2015-2019","4",0.712469356454946
"2015-2019","4",0.716545033605213
"2015-2019","4",0.697607646051496
"2015-2019","4",0.719173515671937
"2015-2019","4",0.698526750485095
"2015-2019","4",0.725422280631553
"2015-2019","4",0.707505928294332
"2015-2019","4",0.744836596936569
"2015-2019","4",0.714506920495872
"2015-2019","4",0.714488855375935
"2015-2019","4",0.699694291400306
"2015-2019","4",0.700891607743083
"2015-2019","4",0.712064967229029
"2015-2019","4",0.71140197250776
"2015-2019","4",0.734638161747804
"2015-2019","4",0.708660667739174
"2015-2019","4",0.726151591100199
"2015-2019","4",0.701635401604422
"2015-2019","4",0.720796581958745
"2015-2019","4",0.712521023869767
"2015-2019","4",0.721194958522054
"2015-2019","4",0.725932339698451
"2015-2019","4",0.721134422174695
"2015-2019","4",0.705155272764822
"2015-2019","4",0.724664568293073
"2015-2019","4",0.736546336891492
"2015-2019","4",0.724583326855224
"2015-2019","4",0.716238522755756
"2015-2019","4",0.751409042919677
"2015-2019","4",0.737851996783653
"2015-2019","4",0.734909083061185
"2015-2019","4",0.721972269844393
"2015-2019","4",0.707549419147127
"2015-2019","4",0.704710933293033
"2015-2019","4",0.729318015160308
"2015-2019","4",0.722250822260717
"2015-2019","4",0.723756545862199
"2015-2019","4",0.710801564841046
"2015-2019","4",0.729331838579765
"2015-2019","4",0.690317651358012
"2015-2019","4",0.72540595210411
"2015-2019","4",0.707910146111686
"2015-2019","4",0.717736106825324
"2015-2019","4",0.746708268158923
"2015-2019","4",0.742701137666046
"2015-2019","4",0.729160807335432
"2015-2019","4",0.707707690652714
"2015-2019","4",0.707438503416779
"2015-2019","4",0.70124935112624
"2015-2019","4",0.746299180896205
"2015-2019","4",0.743928756752872
"2015-2019","4",0.726769001707365
"2015-2019","4",0.723388717461324
"2015-2019","4",0.76128861363168
"2015-2019","4",0.736872975023181
"2015-2019","4",0.724240965553793
"2015-2019","4",0.71235430845796
"2015-2019","4",0.736919700766657
"2015-2019","4",0.748205475895774
"2015-2019","4",0.732691141535814
"2015-2019","4",0.777741245596197
"2015-2019","4",0.703638290953504
"2015-2019","4",0.691414448803759
"2015-2019","4",0.782715309398781
"2015-2019","4",0.720676182573821
"2015-2019","4",0.725551733627432
"2015-2019","4",0.709446765111896
"2015-2019","4",0.695893256049433
"2015-2019","4",0.704840115583668
"2015-2019","4",0.744296239671765
"2015-2019","4",0.728510849987018
"2015-2019","4",0.700711168608692
"2015-2019","4",0.73028213461201
"2015-2019","4",0.749225471647147
"2015-2019","4",0.74111848352143
"2015-2019","4",0.728595195019653
"2015-2019","4",0.726454609955898
"2015-2019","4",0.731828549229469
"2015-2019","4",0.726492363904817
"2015-2019","4",0.739840142933309
"2015-2019","4",0.743419721911246
"2015-2019","4",0.728932222045446
"2015-2019","4",0.712717752196935
"2015-2019","4",0.722487174125886
"2015-2019","4",0.735718110635267
"2015-2019","4",0.688621389334277
"2015-2019","4",0.741565474603994
"2015-2019","4",0.718270170775672
"2015-2019","4",0.700064849670417
"2015-2019","4",0.701543975609027
"2015-2019","4",0.702591123204254
"2015-2019","4",0.696671457637434
"2015-2019","4",0.707178839137635
"2015-2019","4",0.746808616433592
"2015-2019","4",0.733339617607726
"2015-2019","4",0.70782885648402
"2015-2019","4",0.717080250125113
"2015-2019","4",0.709539943665654
"2015-2019","4",0.748238461611313
"2015-2019","4",0.698460422256829
"2015-2019","4",0.680489968449291
"2015-2019","4",0.72033750023184
"2015-2019","4",0.727324101616971
"2015-2019","4",0.742440677969209
"2015-2019","4",0.760358668261663
"2015-2019","4",0.677525980382356
"2015-2019","4",0.72245265175638
"2015-2019","4",0.747477648720437
"2015-2019","4",0.716036016377534
"2015-2019","4",0.7163288842268
"2015-2019","4",0.687486879082272
"2015-2019","4",0.700880551241802
"2015-2019","4",0.733327789099396
"2015-2019","4",0.726608997401603
"2015-2019","4",0.713003805657504
"2015-2019","4",0.719601023463895
"2015-2019","4",0.695254034051627
"2015-2019","4",0.696991905656329
"2015-2019","4",0.700685884667218
"2015-2019","4",0.705459139488314
"2015-2019","4",0.726604362288802
"2015-2019","4",0.700873048765575
"2015-2019","4",0.698893771476669
"2015-2019","4",0.740975846924595
"2015-2019","4",0.734418842616216
"2015-2019","4",0.67966693671055
"2015-2019","4",0.734279617378236
"2015-2019","4",0.752605856579572
"2015-2019","4",0.722770619475309
"2015-2019","4",0.705414803626426
"2015-2019","4",0.708699462900759
"2015-2019","4",0.70116041668637
"2015-2019","4",0.701462353168324
"2015-2019","4",0.72198973242577
"2015-2019","4",0.738088537295828
"2015-2019","4",0.719219386542754
"2015-2019","4",0.712958174326283
"2015-2019","4",0.717237636708482
"2015-2019","4",0.712955937200329
"2015-2019","4",0.736881238526543
"2015-2019","4",0.703938297973743
"2015-2019","4",0.730964627307874
"2015-2019","4",0.736576869746712
"2015-2019","4",0.756806828014831
"2015-2019","4",0.719302704470159
"2015-2019","4",0.698085352613831
"2015-2019","4",0.714048667919725
"2015-2019","4",0.685226165877425
"2015-2019","4",0.729790445657029
"2015-2019","4",0.676229595185777
"2015-2019","4",0.743549203974245
"2015-2019","4",0.718227992377723
"2015-2019","4",0.704174890869524
"2015-2019","4",0.700801300616768
"2015-2019","4",0.731634059432392
"2015-2019","4",0.747829133690365
"2015-2019","4",0.74282234780835
"2015-2019","4",0.712692611860444
"2015-2019","4",0.767744338996782
"2015-2019","4",0.718741511421213
"2015-2019","4",0.72787970852045
"2015-2019","4",0.741319351330249
"2015-2019","4",0.70201155808761
"2015-2019","4",0.689976222918031
"2015-2019","4",0.712244368213516
"2015-2019","4",0.699423911924355
"2015-2019","4",0.743666972784885
"2015-2019","4",0.735541126906982
"2015-2019","4",0.746616162508315
"2015-2019","4",0.779254554616027
"2015-2019","4",0.744187268171583
"2015-2019","4",0.714819348117962
"2015-2019","4",0.741753793858848
"2015-2019","4",0.699966105774021
"2015-2019","4",0.739502449057794
"2015-2019","4",0.678137315810142
"2015-2019","4",0.754408990716363
"2015-2019","4",0.712076264210837
"2015-2019","4",0.732497050126763
"2015-2019","4",0.718128473332672
"2015-2019","4",0.758669929298803
"2015-2019","4",0.714366402682568
"2015-2019","4",0.736913448698409
"2015-2019","4",0.736691635338449
"2015-2019","4",0.757069531523015
"2015-2019","4",0.735833779616274
"2015-2019","4",0.74999073330339
"2015-2019","4",0.715500086131599
"2015-2019","4",0.740634640503696
"2015-2019","4",0.756921648257785
"2015-2019","4",0.740415738958632
"2015-2019","4",0.707707556541149
"2015-2019","4",0.727802151539421
"2015-2019","4",0.690917884748828
"2015-2019","4",0.736675317942121
"2015-2019","4",0.737283980749206
"2015-2019","4",0.693594118745624
"2015-2019","4",0.697792065683988
"2015-2019","4",0.732553970527915
"2015-2019","4",0.729847026882861
"2015-2019","4",0.726534011981473
"2015-2019","4",0.746058981379992
"2015-2019","4",0.70771162524314
"2015-2019","4",0.713957365022376
"2015-2019","4",0.71845245536921
"2015-2019","4",0.698598916351771
"2015-2019","4",0.739825854118702
"2015-2019","4",0.736527291796737
"2015-2019","4",0.752482021488762
"2015-2019","4",0.723148179112882
"2015-2019","4",0.737263781941098
"2015-2019","4",0.67728563966195
"2015-2019","4",0.721668200504808
"2015-2019","4",0.718484798832033
"2015-2019","4",0.733634608522034
"2015-2019","4",0.73442789061982
"2015-2019","4",0.778954140637535
"2015-2019","4",0.731356028324625
"2015-2019","4",0.743199054385925
"2015-2019","4",0.713215307264606
"2015-2019","4",0.714467097298709
"2015-2019","4",0.705615300093619
"2015-2019","4",0.718695222721984
"2015-2019","4",0.740959538531185
"2015-2019","4",0.728983978263412
"2015-2019","4",0.734905379190952
"2015-2019","4",0.701594779887701
"2015-2019","4",0.748470879394595
"2015-2019","4",0.705675860778512
"2015-2019","4",0.751049749950364
"2015-2019","4",0.700759482474538
"2015-2019","4",0.67144105966386
"2015-2019","4",0.745608389805318
"2015-2019","4",0.742309567863324
"2015-2019","4",0.718404628267216
"2015-2019","4",0.725276402392053
"2015-2019","4",0.712644852138248
"2015-2019","4",0.701738389606034
"2015-2019","4",0.709060665042033
"2015-2019","4",0.751769973330403
"2015-2019","4",0.745437814726712
"2015-2019","4",0.699470085051258
"2015-2019","4",0.736009741942437
"2015-2019","4",0.740753984492215
"2015-2019","4",0.711909960212854
"2015-2019","4",0.728733720070112
"2015-2019","4",0.731558976255235
"2015-2019","4",0.70420742306924
"2015-2019","4",0.708677928747896
"2015-2019","4",0.739730495471253
"2015-2019","4",0.729853199463149
"2015-2019","4",0.723827828770112
"2015-2019","4",0.703790775472064
"2015-2019","4",0.712367271335039
"2015-2019","4",0.726863403199501
"2015-2019","4",0.760107474035535
"2015-2019","4",0.70717545156116
"2015-2019","4",0.718117751881024
"2015-2019","4",0.724811220872608
"2015-2019","4",0.711064479606406
"2015-2019","4",0.674069964655549
"2015-2019","4",0.706641065894834
"2015-2019","4",0.728569995619676
"2015-2019","4",0.707716015172198
"2015-2019","4",0.721122108664604
"2015-2019","4",0.729774897050064
"2015-2019","4",0.713117146570679
"2015-2019","4",0.714964301933581
"2015-2019","4",0.727110170855341
"2015-2019","4",0.709951797605866
"2015-2019","4",0.750466525998973
"2015-2019","4",0.696487796384478
"2015-2019","4",0.706954277715325
"2015-2019","4",0.733865410315801
"2015-2019","4",0.728538784790797
"2015-2019","4",0.711624785653229
"2015-2019","4",0.720675175748702
"2015-2019","4",0.732177538864464
"2015-2019","4",0.702484654562869
"2015-2019","4",0.767277535589508
"2015-2019","4",0.73085703999083
"2015-2019","4",0.711498480786802
"2015-2019","4",0.743091700809898
"2015-2019","4",0.704221058846181
"2015-2019","4",0.717836335869591
"2015-2019","4",0.726650262598244
"2015-2019","4",0.710837882431666
"2015-2019","4",0.718589607425568
"2015-2019","4",0.712307887058662
"2015-2019","4",0.719018579804344
"2015-2019","4",0.790598521736207
"2015-2019","4",0.745720534800345
"2015-2019","4",0.737377468900807
"2015-2019","4",0.741133900496508
"2015-2019","4",0.7251977114227
"2015-2019","4",0.707659478975291
"2015-2019","4",0.71068045480763
"2015-2019","4",0.711790658515426
"2015-2019","4",0.730837552791228
"2015-2019","4",0.771777816028529
"2015-2019","4",0.723833210446065
"2015-2019","4",0.694950456710242
"2015-2019","4",0.734042227433573
"2015-2019","4",0.741126515431648
"2015-2019","4",0.706271897357734
"2015-2019","4",0.718899022568766
"2015-2019","4",0.734125542003011
"2015-2019","4",0.724748860322967
"2015-2019","4",0.744883018723946
"2015-2019","4",0.686014122647289
"2015-2019","4",0.729121559020886
"2015-2019","4",0.761674583729251
"2015-2019","4",0.719417170065429
"2015-2019","4",0.698014190884894
"2015-2019","4",0.756287392393718
"2015-2019","4",0.759611850511475
"2015-2019","4",0.751552035523886
"2015-2019","4",0.721719172772777
"2015-2019","4",0.745755736508078
"2015-2019","4",0.737332922709217
"2015-2019","4",0.745278144872953
"2015-2019","4",0.724151800534548
"2015-2019","4",0.736957130433931
"2015-2019","4",0.724434387325312
"2015-2019","4",0.691129147183314
"2015-2019","4",0.712383869704308
"2015-2019","4",0.731706952396511
"2015-2019","4",0.740377801595256
"2015-2019","4",0.712732200180204
"2015-2019","4",0.741236482328006
"2015-2019","4",0.727588438471136
"2015-2019","4",0.672765980817339
"2015-2019","4",0.715230394120268
"2015-2019","4",0.727705734227923
"2015-2019","4",0.717394083138012
"2015-2019","4",0.732928094922582
"2015-2019","4",0.715790904691905
"2015-2019","4",0.732863805179098
"2015-2019","4",0.71461176063328
"2015-2019","4",0.70135261744595
"2015-2019","4",0.7148052346043
"2015-2019","4",0.730796859117662
"2015-2019","4",0.705403254589228
"2015-2019","4",0.730580835506442
"2015-2019","4",0.72962937726009
"2015-2019","4",0.719579246374496
"2015-2019","4",0.751998012885195
"2015-2019","4",0.742861876769257
"2015-2019","4",0.73263510903346
"2015-2019","4",0.726661999235515
"2015-2019","4",0.707474611268502
"2015-2019","4",0.727901995566295
"2015-2019","4",0.727241657597757
"2015-2019","4",0.72696692755235
"2015-2019","4",0.740121392373194
"2015-2019","4",0.732018294140106
"2015-2019","4",0.728646307827848
"2015-2019","4",0.723829580720323
"2015-2019","4",0.718708602085047
"2015-2019","4",0.693388900651256
"2015-2019","4",0.726916244439551
"2015-2019","4",0.753036694789395
"2015-2019","4",0.724358171466832
"2015-2019","4",0.731099440702822
"2015-2019","4",0.709899349104495
"2015-2019","4",0.709654461792558
"2015-2019","4",0.711118120121314
"2015-2019","4",0.709003432276396
"2015-2019","4",0.75880579104413
"2015-2019","4",0.724150929405512
"2015-2019","4",0.698005454007657
"2015-2019","4",0.769551763067166
"2015-2019","4",0.72324669867474
"2015-2019","4",0.717071574940281
"2015-2019","4",0.738998283150061
"2015-2019","4",0.727078206920603
"2015-2019","4",0.742519576400416
"2015-2019","4",0.744844770620466
"2015-2019","4",0.72741507855798
"2015-2019","4",0.748461625585599
"2015-2019","4",0.732206397388251
"2015-2019","4",0.708977890309104
"2015-2019","4",0.753167335947143
"2015-2019","4",0.745000722784199
"2015-2019","4",0.693198169095175
"2015-2019","4",0.774570932125639
"2015-2019","4",0.715528484630305
"2015-2019","4",0.705400938424
"2015-2019","4",0.737829694292963
"2015-2019","4",0.687471543716903
"2015-2019","4",0.753470649036475
"2015-2019","4",0.715502618536186
"2015-2019","4",0.724869113109327
"2015-2019","4",0.700256147145711
"2015-2019","4",0.733954845498638
"2015-2019","4",0.711285960416797
"2015-2019","4",0.698884482840542
"2015-2019","4",0.750580589236203
"2015-2019","4",0.745034849373658
"2015-2019","4",0.733448992883978
"2015-2019","4",0.723478761327449
"2015-2019","4",0.742567982917879
"2015-2019","4",0.725437718161772
"2015-2019","4",0.719222401577311
"2015-2019","4",0.72152530787998
"2015-2019","4",0.725847855106183
"2015-2019","4",0.695921609498105
"2015-2019","4",0.717914909182997
"2015-2019","4",0.739537684786848
"2015-2019","4",0.749288466935936
"2015-2019","4",0.736304706138203
"2015-2019","4",0.699259611410379
"2015-2019","4",0.7020269462072
"2015-2019","4",0.72359549608046
"2015-2019","4",0.7181789782907
"2015-2019","4",0.722941039592476
"2015-2019","4",0.746410834637386
"2015-2019","4",0.718110821787212
"2015-2019","4",0.70833810248042
"2015-2019","4",0.724551553156094
"2015-2019","4",0.700306326206508
"2015-2019","4",0.718638529911451
"2015-2019","4",0.741158571371746
"2015-2019","4",0.65926283007784
"2015-2019","4",0.70637613234401
"2015-2019","4",0.704310429063921
"2015-2019","4",0.707305473037214
"2015-2019","4",0.728001362516331
"2015-2019","4",0.681185801412237
"2015-2019","4",0.733184545311606
"2015-2019","4",0.734314444570756
"2015-2019","4",0.723832852604413
"2015-2019","4",0.743090230330395
"2015-2019","4",0.715964000774073
"2015-2019","4",0.710400659889627
"2015-2019","4",0.723872459632727
"2015-2019","4",0.717121443833819
"2015-2019","4",0.701865440344433
"2015-2019","4",0.69898734421009
"2015-2019","4",0.724834107276384
"2015-2019","4",0.729976558051844
"2015-2019","4",0.704374407812462
"2015-2019","4",0.747181390950666
"2015-2019","4",0.699372958078916
"2015-2019","4",0.726429017501989
"2015-2019","4",0.747173628988162
"2015-2019","4",0.725865459379143
"2015-2019","4",0.691605870157858
"2015-2019","4",0.704250511467236
"2015-2019","4",0.725094134828477
"2015-2019","4",0.692221780978849
"2015-2019","4",0.707687833802891
"2015-2019","4",0.77459277926247
"2015-2019","4",0.692842595820823
"2015-2019","4",0.741566819634093
"2015-2019","4",0.735667813597049
"2015-2019","4",0.739710808895035
"2015-2019","4",0.713882479026532
"2015-2019","4",0.746416531059755
"2015-2019","4",0.732786956292358
"2015-2019","4",0.704370746253755
"2015-2019","4",0.738337791348885
"2015-2019","4",0.708258154421107
"2015-2019","4",0.731208030609427
"2015-2019","4",0.750993762909084
"2015-2019","4",0.708183438299053
"2015-2019","4",0.717894554176853
"2015-2019","4",0.706413630384176
"2015-2019","4",0.717118209202686
"2015-2019","4",0.71747182028696
"2015-2019","4",0.734533753391616
"2015-2019","4",0.724610679241675
"2015-2019","4",0.714765496953597
"2015-2019","4",0.72713136916725
"2015-2019","4",0.728905054431854
"2015-2019","4",0.708571472106482
"2015-2019","4",0.742258818317246
"2015-2019","4",0.753368923325775
"2015-2019","4",0.703937019905358
"2015-2019","4",0.758865549817488
"2015-2019","4",0.718897793663979
"2015-2019","4",0.718155714077819
"2015-2019","4",0.70147516318334
"2015-2019","4",0.721995241610884
"2015-2019","4",0.759637700611788
"2015-2019","4",0.718695111707422
"2015-2019","4",0.697467830459117
"2015-2019","4",0.737173147664461
"2015-2019","4",0.716589188464598
"2015-2019","4",0.724440724050081
"2015-2019","4",0.698478369621365
"2015-2019","4",0.672560067725116
"2015-2019","4",0.748544887620102
"2015-2019","4",0.723869074127073
"2015-2019","4",0.726176697609002
"2015-2019","4",0.724646067118117
"2015-2019","4",0.701061423650426
"2015-2019","4",0.735058058775316
"2015-2019","4",0.730748864714017
"2015-2019","4",0.773544715593665
"2015-2019","4",0.725880355237674
"2015-2019","4",0.677272614503503
"2015-2019","4",0.703663880545643
"2015-2019","4",0.745533107667797
"2015-2019","4",0.745605409588378
"2015-2019","4",0.697329954967362
"2015-2019","4",0.763125350349919
"2015-2019","4",0.723605516253853
"2015-2019","4",0.729265371369695
"2015-2019","4",0.717073645452102
"2015-2019","4",0.721488345615836
"2015-2019","4",0.701020139894098
"2015-2019","4",0.739356975818603
"2015-2019","4",0.69539639842591
"2015-2019","4",0.697360352477322
"2015-2019","4",0.722611827467344
"2015-2019","4",0.758866353322748
"2015-2019","4",0.683996877085064
"2015-2019","4",0.746802898196494
"2015-2019","4",0.731983930573328
"2015-2019","4",0.702503711683428
"2015-2019","4",0.751709542162009
"2015-2019","4",0.741703372809827
"2015-2019","4",0.725308696621947
"2015-2019","4",0.714264663001073
"2015-2019","4",0.731370122864873
"2015-2019","4",0.730050998961084
"2015-2019","4",0.743278569930407
"2015-2019","4",0.727887002767902
"2015-2019","4",0.707337029654928
"2015-2019","4",0.729297571789608
"2015-2019","4",0.71839211270862
"2015-2019","4",0.748217670214905
"2015-2019","4",0.70550547597766
"2015-2019","4",0.71948165876096
"2015-2019","4",0.761197674347071
"2015-2019","4",0.743173458055465
"2015-2019","4",0.737689182691219
"2015-2019","4",0.724392519477514
"2015-2019","4",0.702592794077983
"2015-2019","4",0.725459031538706
"2015-2019","4",0.7229137443488
"2015-2019","4",0.725396878515227
"2015-2019","4",0.722964833792093
"2015-2019","4",0.733338735171714
"2015-2019","4",0.74322600003643
"2015-2019","4",0.746450722185983
"2015-2019","4",0.717109792677781
"2015-2019","4",0.733841480131796
"2015-2019","4",0.720376430435442
"2015-2019","4",0.706617268262064
"2015-2019","4",0.746194358105883
"2015-2019","4",0.712880416787628
"2015-2019","4",0.729155143310318
"2015-2019","4",0.730795973357803
"2015-2019","4",0.707264745388594
"2015-2019","4",0.688967234539152
"2015-2019","4",0.739277145161153
"2015-2019","4",0.737178298112865
"2015-2019","4",0.703458832392027
"2015-2019","4",0.747670021333336
"2015-2019","4",0.708462984055359
"2015-2019","4",0.694030323545934
"2015-2019","4",0.710483604722829
"2015-2019","4",0.69050325524437
"2015-2019","4",0.693585245566214
"2015-2019","4",0.719443445076934
"2015-2019","4",0.74846830816145
"2015-2019","4",0.697894092675658
"2015-2019","4",0.735669995240747
"2015-2019","4",0.721329097227429
"2015-2019","4",0.756023757969384
"2015-2019","4",0.72116572976426
"2015-2019","4",0.77059680335843
"2015-2019","4",0.733393324745749
"2015-2019","4",0.703148164002381
"2015-2019","4",0.711959986548875
"2015-2019","4",0.698062359973586
"2015-2019","4",0.706910010820263
"2015-2019","4",0.743974438649458
"2015-2019","4",0.715024768188478
"2015-2019","4",0.719356979140911
"2015-2019","4",0.740499875901053
"2015-2019","4",0.725849272202833
"2015-2019","4",0.728847885103691
"2015-2019","4",0.704373503581939
"2015-2019","4",0.73131857517111
"2015-2019","4",0.726388858541016
"2015-2019","4",0.750925590285547
"2015-2019","4",0.714740918092727
"2015-2019","4",0.720142068855147
"2015-2019","4",0.738533136698351
"2015-2019","4",0.765111133586389
"2015-2019","4",0.702343769060065
"2015-2019","4",0.683730129343587
"2015-2019","4",0.729066108615264
"2015-2019","4",0.732205143730032
"2015-2019","4",0.731946805096251
"2015-2019","4",0.713646040387208
"2015-2019","4",0.7242117850033
"2015-2019","4",0.690501279465559
"2015-2019","4",0.712741936910767
"2015-2019","4",0.735673238852652
"2015-2019","4",0.720651806719332
"2015-2019","4",0.726875707224649
"2015-2019","4",0.715413152464115
"2015-2019","4",0.728485937450877
"2015-2019","4",0.729143987309066
"2015-2019","4",0.686555491304256
"2015-2019","4",0.712182352892799
"2015-2019","4",0.793090624744225
"2015-2019","4",0.72943845671642
"2015-2019","4",0.725576290015113
"2015-2019","4",0.702735936064443
"2015-2019","4",0.718947555241024
"2015-2019","4",0.722568105902879
"2015-2019","4",0.735324502143057
"2015-2019","4",0.737076014154252
"2015-2019","4",0.736805976340472
"2015-2019","4",0.772209738394126
"2015-2019","4",0.708033507760663
"2015-2019","4",0.719343175943721
"2015-2019","4",0.72029068041513
"2015-2019","4",0.699286429816193
"2015-2019","4",0.753546870152353
"2015-2019","4",0.742986570290419
"2015-2019","4",0.680172928867975
"2015-2019","4",0.742352844550714
"2015-2019","4",0.742849712485413
"2015-2019","4",0.728614653424181
"2015-2019","4",0.710212272147795
"2015-2019","4",0.720248615438439
"2015-2019","4",0.716034604294102
"2015-2019","4",0.723664491310445
"2015-2019","4",0.730882208546332
"2015-2019","4",0.746541676651595
"2015-2019","4",0.75371909446856
"2015-2019","4",0.712446865858041
"2015-2019","4",0.716944790748886
"2015-2019","4",0.706551840577236
"2015-2019","4",0.728259299557694
"2015-2019","4",0.739375971115288
"2015-2019","4",0.699465723859166
"2015-2019","4",0.717573600316276
"2015-2019","4",0.691170433954281
"2015-2019","4",0.720879129511355
"2015-2019","4",0.724601992810656
"2015-2019","4",0.718001482668132
"2015-2019","4",0.709726167400983
"2015-2019","4",0.728245590287968
"2015-2019","4",0.762309083695169
"2015-2019","4",0.714301020079604
"2015-2019","4",0.717476773876992
"2015-2019","4",0.716473719565147
"2015-2019","4",0.718441183802885
"2015-2019","4",0.723361356331637
"2015-2019","4",0.732682559766609
"2015-2019","4",0.732284791251121
"2015-2019","4",0.728817801976277
"2015-2019","4",0.744818610866605
"2015-2019","4",0.722931853692478
"2015-2019","4",0.722331580961849
"2015-2019","4",0.738463627140507
"2015-2019","4",0.738542442187408
"2015-2019","4",0.736377062164818
"2015-2019","4",0.738821728074859
"2015-2019","4",0.717198876812879
"2015-2019","4",0.702948670931272
"2015-2019","4",0.71012169865012
"2015-2019","4",0.707825664585796
"2015-2019","4",0.718818985404185
"2015-2019","4",0.7073534766827
"2015-2019","4",0.713364711554437
"2015-2019","4",0.746603805465664
"2015-2019","4",0.75794388305072
"2015-2019","4",0.741549438237214
"2015-2019","4",0.691319754676692
"2015-2019","4",0.707910654188497
"2015-2019","4",0.717797497587441
"2015-2019","4",0.701735201640196
"2015-2019","4",0.731084667795354
"2015-2019","4",0.730044013212219
"2015-2019","4",0.712876215762609
"2015-2019","4",0.729072920625906
"2015-2019","4",0.737212099521019
"2015-2019","4",0.7267537945345
"2015-2019","4",0.706827714655541
"2015-2019","4",0.722270047533137
"2015-2019","4",0.73879883603032
"2015-2019","4",0.718166816906855
"2015-2019","4",0.744556047754843
"2015-2019","4",0.734638964567423
"2015-2019","4",0.71630604481943
"2015-2019","4",0.710938148850074
"2015-2019","4",0.693099512937971
"2015-2019","4",0.732189675176119
"2015-2019","4",0.754755420736781
"2015-2019","4",0.70806634956815
"2015-2019","4",0.705124209733352
"2015-2019","4",0.757651609112688
"2015-2019","4",0.699010013973602
"2015-2019","4",0.712491890499023
"2015-2019","4",0.708568357874914
"2015-2019","4",0.69697887809274
"2015-2019","4",0.725067100050452
"2015-2019","4",0.728559088542915
"2015-2019","4",0.714917211872664
"2015-2019","4",0.710085657527402
"2015-2019","4",0.7125716612037
"2015-2019","4",0.757595013704874
"2015-2019","4",0.697744692396989
"2015-2019","4",0.729189357817584
"2015-2019","4",0.70341746366448
"2015-2019","4",0.719893342282115
"2015-2019","4",0.716325963322285
"2015-2019","4",0.714949225698999
"2015-2019","4",0.75898489729053
"2015-2019","4",0.726290756816787
"2015-2019","4",0.719979204058278
"2015-2019","4",0.713167973566789
"2015-2019","4",0.697891315580583
"2015-2019","4",0.728405494942035
"2015-2019","4",0.730892498353308
"2015-2019","4",0.694756385605268
"2015-2019","4",0.754555604784103
"2015-2019","4",0.696872929087589
"2015-2019","4",0.710701099830731
"2015-2019","4",0.754597204206576
"2015-2019","4",0.724723555685785
"2015-2019","4",0.757549577243688
"2015-2019","4",0.718647339124328
"2015-2019","4",0.714473287348199
"2015-2019","4",0.706091191583307
"2015-2019","4",0.709423183659247
"2015-2019","4",0.739093895842777
"2015-2019","4",0.729218998997442
"2015-2019","4",0.746886549396264
"2015-2019","4",0.753905804901207
"2015-2019","4",0.733808630932513
"2015-2019","4",0.684183784451181
"2015-2019","4",0.703571987307139
"2015-2019","4",0.708535886031538
"2015-2019","4",0.729836685862756
"2015-2019","4",0.700719693069984
"2015-2019","4",0.702889655885445
"2015-2019","4",0.710837394184326
"2015-2019","4",0.760189272322932
"2015-2019","4",0.694094607580303
"2015-2019","4",0.759644480457244
"2015-2019","4",0.724498290236007
"2015-2019","4",0.686344250128849
"2015-2019","4",0.731817872567285
"2015-2019","4",0.708258584487694
"2015-2019","4",0.709014239897411
"2015-2019","4",0.716913879666973
"2015-2019","4",0.730097536213563
"2015-2019","4",0.685548189152596
"2015-2019","4",0.713501913225091
"2015-2019","4",0.719499819245583
"2015-2019","4",0.674439740355602
"2015-2019","4",0.742370532064074
"2015-2019","4",0.743438730746389
"2015-2019","4",0.701285323590781
"2015-2019","4",0.700503481096452
"2015-2019","4",0.715337476174841
"2015-2019","4",0.728914814582946
"2015-2019","4",0.741256291460187
"2015-2019","4",0.757398990007942
"2015-2019","4",0.706832107960603
"2015-2019","4",0.714642552921112
"2015-2019","4",0.73377036818278
"2015-2019","4",0.71270014968839
"2015-2019","4",0.740304904596712
"2015-2019","4",0.704299406572562
"2015-2019","4",0.68909704054445
"2015-2019","4",0.717202881502682
"2015-2019","4",0.727266323932246
"2015-2019","4",0.733877910149763
"2015-2019","4",0.702915684690565
"2015-2019","4",0.702427343621175
"2015-2019","4",0.687716727981819
"2015-2019","4",0.742554236049848
"2015-2019","4",0.687039192924346
"2015-2019","4",0.705811442116706
"2015-2019","4",0.720235312977133
"2015-2019","4",0.706922926899746
"2015-2019","4",0.720662933716992
"2015-2019","4",0.714114714116683
"2015-2019","4",0.71877391569093
"2015-2019","4",0.733817987000507
"2015-2019","4",0.690209496883744
"2015-2019","4",0.710572231921683
"2015-2019","5",0.381076532609771
"2015-2019","5",0.374332792006638
"2015-2019","5",0.411008689420367
"2015-2019","5",0.3410340235377
"2015-2019","5",0.378312309954493
"2015-2019","5",0.363289083246825
"2015-2019","5",0.398569716014418
"2015-2019","5",0.397034176930649
"2015-2019","5",0.379643074792271
"2015-2019","5",0.363497759443858
"2015-2019","5",0.373096243088556
"2015-2019","5",0.417784189410174
"2015-2019","5",0.382227869868627
"2015-2019","5",0.409309000592531
"2015-2019","5",0.363639110842086
"2015-2019","5",0.386961679998754
"2015-2019","5",0.392317979334506
"2015-2019","5",0.379645794720529
"2015-2019","5",0.379652693941623
"2015-2019","5",0.381947312220218
"2015-2019","5",0.387718570237234
"2015-2019","5",0.390469477326851
"2015-2019","5",0.377773825973346
"2015-2019","5",0.371634755406141
"2015-2019","5",0.383186762698644
"2015-2019","5",0.370002145014539
"2015-2019","5",0.368753104733554
"2015-2019","5",0.379675364854514
"2015-2019","5",0.399993357328991
"2015-2019","5",0.39044417887635
"2015-2019","5",0.371596112147356
"2015-2019","5",0.382563435921619
"2015-2019","5",0.375676980250738
"2015-2019","5",0.390328553959267
"2015-2019","5",0.403629909029929
"2015-2019","5",0.389524477834508
"2015-2019","5",0.396316462637029
"2015-2019","5",0.383811154363671
"2015-2019","5",0.39242051927707
"2015-2019","5",0.411681669988484
"2015-2019","5",0.384437373872436
"2015-2019","5",0.375034327977136
"2015-2019","5",0.380516338139864
"2015-2019","5",0.3761027560617
"2015-2019","5",0.397234024240871
"2015-2019","5",0.352967702853586
"2015-2019","5",0.399175310021799
"2015-2019","5",0.375464522070803
"2015-2019","5",0.364789509903205
"2015-2019","5",0.401625145451921
"2015-2019","5",0.395030438436667
"2015-2019","5",0.388123416099782
"2015-2019","5",0.382156891375988
"2015-2019","5",0.364546877694208
"2015-2019","5",0.381865692181121
"2015-2019","5",0.390915665126346
"2015-2019","5",0.3803457114573
"2015-2019","5",0.361029467635363
"2015-2019","5",0.415712741731648
"2015-2019","5",0.375127979115354
"2015-2019","5",0.371626352833093
"2015-2019","5",0.379421360988767
"2015-2019","5",0.376744127841954
"2015-2019","5",0.347441715998466
"2015-2019","5",0.379163753144741
"2015-2019","5",0.396626424571983
"2015-2019","5",0.407914332056758
"2015-2019","5",0.382266083386031
"2015-2019","5",0.374918466564636
"2015-2019","5",0.37967876460265
"2015-2019","5",0.370878976945077
"2015-2019","5",0.406249408192465
"2015-2019","5",0.369097469378675
"2015-2019","5",0.398031443240466
"2015-2019","5",0.379070349660124
"2015-2019","5",0.380344508345699
"2015-2019","5",0.375212735012735
"2015-2019","5",0.385688116167692
"2015-2019","5",0.384323591064818
"2015-2019","5",0.406022476852811
"2015-2019","5",0.368774288049002
"2015-2019","5",0.393939632981685
"2015-2019","5",0.35847816638683
"2015-2019","5",0.395903941524625
"2015-2019","5",0.393361627971682
"2015-2019","5",0.389941691127764
"2015-2019","5",0.38980200847827
"2015-2019","5",0.388349735930152
"2015-2019","5",0.388582505561104
"2015-2019","5",0.378713379180639
"2015-2019","5",0.389127290493749
"2015-2019","5",0.400639099782619
"2015-2019","5",0.417652971714364
"2015-2019","5",0.370773931025681
"2015-2019","5",0.381205099706722
"2015-2019","5",0.404101302786196
"2015-2019","5",0.359875028859523
"2015-2019","5",0.375148986886851
"2015-2019","5",0.378667675308179
"2015-2019","5",0.411668278996166
"2015-2019","5",0.430059412522209
"2015-2019","5",0.381989025807543
"2015-2019","5",0.394775894351843
"2015-2019","5",0.406327967511212
"2015-2019","5",0.36523825329608
"2015-2019","5",0.359523972316763
"2015-2019","5",0.377124729433468
"2015-2019","5",0.364833252525322
"2015-2019","5",0.392387815458804
"2015-2019","5",0.384208818290993
"2015-2019","5",0.382640806746686
"2015-2019","5",0.400583781057796
"2015-2019","5",0.395501242200306
"2015-2019","5",0.400219392482724
"2015-2019","5",0.390940757790199
"2015-2019","5",0.389034498188858
"2015-2019","5",0.380561792627379
"2015-2019","5",0.392874647922933
"2015-2019","5",0.372405554552383
"2015-2019","5",0.379009049271618
"2015-2019","5",0.395614745800604
"2015-2019","5",0.399597852350207
"2015-2019","5",0.360626312385907
"2015-2019","5",0.385417689162569
"2015-2019","5",0.384233156714504
"2015-2019","5",0.420118754336559
"2015-2019","5",0.373546912295429
"2015-2019","5",0.392868626785454
"2015-2019","5",0.379617324347218
"2015-2019","5",0.375826628286761
"2015-2019","5",0.366950407753493
"2015-2019","5",0.377275454931798
"2015-2019","5",0.40849469236449
"2015-2019","5",0.37242946342268
"2015-2019","5",0.405096419849298
"2015-2019","5",0.39737952679432
"2015-2019","5",0.377453344522553
"2015-2019","5",0.383242239251313
"2015-2019","5",0.382576868228273
"2015-2019","5",0.357525342786068
"2015-2019","5",0.367213905956303
"2015-2019","5",0.385065637635811
"2015-2019","5",0.382103633283661
"2015-2019","5",0.364901113663365
"2015-2019","5",0.368601465315399
"2015-2019","5",0.405726028710357
"2015-2019","5",0.390909941496089
"2015-2019","5",0.381281593362584
"2015-2019","5",0.373140280656989
"2015-2019","5",0.368585933795085
"2015-2019","5",0.36955115258588
"2015-2019","5",0.380282150957846
"2015-2019","5",0.365611565278969
"2015-2019","5",0.384112299720627
"2015-2019","5",0.370535308939105
"2015-2019","5",0.383341204277415
"2015-2019","5",0.378753081524072
"2015-2019","5",0.367436287815574
"2015-2019","5",0.386667954069491
"2015-2019","5",0.394322706641004
"2015-2019","5",0.421884944054658
"2015-2019","5",0.381533192928126
"2015-2019","5",0.395223391116971
"2015-2019","5",0.412713829033631
"2015-2019","5",0.408717489834793
"2015-2019","5",0.388161818057609
"2015-2019","5",0.382486477878095
"2015-2019","5",0.355932049169726
"2015-2019","5",0.375038613991078
"2015-2019","5",0.401729376635243
"2015-2019","5",0.362633221741153
"2015-2019","5",0.383943319018534
"2015-2019","5",0.413662154673833
"2015-2019","5",0.368516547888209
"2015-2019","5",0.389061182541411
"2015-2019","5",0.40584146648622
"2015-2019","5",0.38065080512736
"2015-2019","5",0.373466296408582
"2015-2019","5",0.377178562444195
"2015-2019","5",0.384008554306494
"2015-2019","5",0.400394774009914
"2015-2019","5",0.374598375585302
"2015-2019","5",0.413811898084737
"2015-2019","5",0.399401547286665
"2015-2019","5",0.378089841090813
"2015-2019","5",0.367897273760821
"2015-2019","5",0.407053610166125
"2015-2019","5",0.358845551327027
"2015-2019","5",0.401572989332952
"2015-2019","5",0.388447340946859
"2015-2019","5",0.374545334505609
"2015-2019","5",0.40258589372138
"2015-2019","5",0.387386684449643
"2015-2019","5",0.412163180443164
"2015-2019","5",0.391527846659906
"2015-2019","5",0.365138781207537
"2015-2019","5",0.398411114227272
"2015-2019","5",0.371578536480505
"2015-2019","5",0.400716876163308
"2015-2019","5",0.410842337471922
"2015-2019","5",0.382087178732118
"2015-2019","5",0.402380540151548
"2015-2019","5",0.375610003046898
"2015-2019","5",0.410602495137728
"2015-2019","5",0.387432454192094
"2015-2019","5",0.403725564415982
"2015-2019","5",0.392323952972128
"2015-2019","5",0.383532112018689
"2015-2019","5",0.37226939228517
"2015-2019","5",0.390673539073398
"2015-2019","5",0.38467091090635
"2015-2019","5",0.373458925590918
"2015-2019","5",0.377335451953098
"2015-2019","5",0.375457849559398
"2015-2019","5",0.390317647343164
"2015-2019","5",0.377658826748053
"2015-2019","5",0.391385125623739
"2015-2019","5",0.384406320284837
"2015-2019","5",0.388133897865538
"2015-2019","5",0.390698657269483
"2015-2019","5",0.385063929529011
"2015-2019","5",0.376293130183653
"2015-2019","5",0.408624142099425
"2015-2019","5",0.401484586936924
"2015-2019","5",0.353425010910456
"2015-2019","5",0.398158378260655
"2015-2019","5",0.369643423013832
"2015-2019","5",0.385060590963498
"2015-2019","5",0.396989317695965
"2015-2019","5",0.392511316863888
"2015-2019","5",0.377257169647107
"2015-2019","5",0.398026910580408
"2015-2019","5",0.412454202285384
"2015-2019","5",0.374159011309098
"2015-2019","5",0.372087094241502
"2015-2019","5",0.382513741545522
"2015-2019","5",0.377371551061272
"2015-2019","5",0.395460986951322
"2015-2019","5",0.390959193963176
"2015-2019","5",0.372832859944338
"2015-2019","5",0.373740649798567
"2015-2019","5",0.379729654373697
"2015-2019","5",0.384634488415361
"2015-2019","5",0.371354854404018
"2015-2019","5",0.395669842935758
"2015-2019","5",0.375938860314426
"2015-2019","5",0.403773213925851
"2015-2019","5",0.383412875509509
"2015-2019","5",0.366311502324512
"2015-2019","5",0.393562347824538
"2015-2019","5",0.38849014115985
"2015-2019","5",0.392114666596562
"2015-2019","5",0.40149365272455
"2015-2019","5",0.372117869472392
"2015-2019","5",0.403273959622866
"2015-2019","5",0.378372353552873
"2015-2019","5",0.373135053405656
"2015-2019","5",0.377391405630592
"2015-2019","5",0.399614846708975
"2015-2019","5",0.381606653138694
"2015-2019","5",0.377929528215923
"2015-2019","5",0.391990316327819
"2015-2019","5",0.378682357024593
"2015-2019","5",0.351872326529004
"2015-2019","5",0.362446824327176
"2015-2019","5",0.405294795500726
"2015-2019","5",0.369964914171778
"2015-2019","5",0.367993994592298
"2015-2019","5",0.399396895373679
"2015-2019","5",0.357211482063381
"2015-2019","5",0.4037318664703
"2015-2019","5",0.379294847363015
"2015-2019","5",0.366338696330575
"2015-2019","5",0.386804102029407
"2015-2019","5",0.371907170957473
"2015-2019","5",0.371835854334318
"2015-2019","5",0.359225395410979
"2015-2019","5",0.36904773318618
"2015-2019","5",0.398757631197219
"2015-2019","5",0.403823653122737
"2015-2019","5",0.376913172194442
"2015-2019","5",0.387360745085962
"2015-2019","5",0.379010666978853
"2015-2019","5",0.37080237105479
"2015-2019","5",0.383582981746223
"2015-2019","5",0.353191792181267
"2015-2019","5",0.374987367482143
"2015-2019","5",0.403445988130455
"2015-2019","5",0.401278306864839
"2015-2019","5",0.405422011091472
"2015-2019","5",0.365392659764001
"2015-2019","5",0.392511622086663
"2015-2019","5",0.381023929633455
"2015-2019","5",0.410133747868659
"2015-2019","5",0.393594274788918
"2015-2019","5",0.375340570532173
"2015-2019","5",0.409036782756632
"2015-2019","5",0.383326696712866
"2015-2019","5",0.369709905365315
"2015-2019","5",0.37045660382336
"2015-2019","5",0.365452094812762
"2015-2019","5",0.386663362811632
"2015-2019","5",0.40704563279151
"2015-2019","5",0.384791009394954
"2015-2019","5",0.410397911535597
"2015-2019","5",0.393793463658803
"2015-2019","5",0.378160212563991
"2015-2019","5",0.381011620819599
"2015-2019","5",0.368693325747077
"2015-2019","5",0.404158983972522
"2015-2019","5",0.367556226200615
"2015-2019","5",0.38517173126107
"2015-2019","5",0.40354708680552
"2015-2019","5",0.397128637763307
"2015-2019","5",0.411420908988514
"2015-2019","5",0.37696067567527
"2015-2019","5",0.400306200716184
"2015-2019","5",0.387391425053502
"2015-2019","5",0.377655303902414
"2015-2019","5",0.399241021449058
"2015-2019","5",0.389012971233227
"2015-2019","5",0.371414582861067
"2015-2019","5",0.385555291163534
"2015-2019","5",0.379144298311438
"2015-2019","5",0.40954549935388
"2015-2019","5",0.397338694286897
"2015-2019","5",0.378767013242686
"2015-2019","5",0.381594611777144
"2015-2019","5",0.3776973103609
"2015-2019","5",0.382365357316334
"2015-2019","5",0.354954837659458
"2015-2019","5",0.398127363911034
"2015-2019","5",0.397280645732183
"2015-2019","5",0.372002563612727
"2015-2019","5",0.3966304631432
"2015-2019","5",0.403343678221708
"2015-2019","5",0.391307807732589
"2015-2019","5",0.364099319759988
"2015-2019","5",0.393998779768434
"2015-2019","5",0.402646671241905
"2015-2019","5",0.392112942285042
"2015-2019","5",0.396454575712258
"2015-2019","5",0.396452282075183
"2015-2019","5",0.394601589426324
"2015-2019","5",0.389505030121151
"2015-2019","5",0.362068420454351
"2015-2019","5",0.365570239763382
"2015-2019","5",0.375221784784469
"2015-2019","5",0.369739132152364
"2015-2019","5",0.367970849675746
"2015-2019","5",0.382820044209787
"2015-2019","5",0.400606390631386
"2015-2019","5",0.37782141103732
"2015-2019","5",0.381198760990164
"2015-2019","5",0.369152971636488
"2015-2019","5",0.397428261693463
"2015-2019","5",0.37876390882641
"2015-2019","5",0.370875090902827
"2015-2019","5",0.387853504780952
"2015-2019","5",0.348038967898605
"2015-2019","5",0.393920284843437
"2015-2019","5",0.395068474766958
"2015-2019","5",0.391809919542299
"2015-2019","5",0.398084085694829
"2015-2019","5",0.39694092695773
"2015-2019","5",0.370830261534367
"2015-2019","5",0.390505225653114
"2015-2019","5",0.39406170181854
"2015-2019","5",0.367921100736214
"2015-2019","5",0.382953070148856
"2015-2019","5",0.369300472553362
"2015-2019","5",0.364293714726258
"2015-2019","5",0.384781465201006
"2015-2019","5",0.374764413749491
"2015-2019","5",0.376326658881766
"2015-2019","5",0.410448232217991
"2015-2019","5",0.375222016722499
"2015-2019","5",0.372261217201513
"2015-2019","5",0.381866868665527
"2015-2019","5",0.372777759565292
"2015-2019","5",0.382596148296041
"2015-2019","5",0.367531702182516
"2015-2019","5",0.412861721585228
"2015-2019","5",0.353381534114722
"2015-2019","5",0.40001781594722
"2015-2019","5",0.376630043057147
"2015-2019","5",0.357430668019603
"2015-2019","5",0.379743833404111
"2015-2019","5",0.37689880027513
"2015-2019","5",0.380972932725845
"2015-2019","5",0.344520332269998
"2015-2019","5",0.394181438469675
"2015-2019","5",0.368362906379225
"2015-2019","5",0.405742195612
"2015-2019","5",0.395999126395919
"2015-2019","5",0.369021322944531
"2015-2019","5",0.406442645277247
"2015-2019","5",0.376179221925129
"2015-2019","5",0.382373310626093
"2015-2019","5",0.383992121865746
"2015-2019","5",0.402233179895328
"2015-2019","5",0.356276725872388
"2015-2019","5",0.389016423450387
"2015-2019","5",0.394339666034032
"2015-2019","5",0.394041898746936
"2015-2019","5",0.40022644969408
"2015-2019","5",0.398079052464389
"2015-2019","5",0.368426732974812
"2015-2019","5",0.381062730206216
"2015-2019","5",0.369406998554575
"2015-2019","5",0.371275732062235
"2015-2019","5",0.370214270225853
"2015-2019","5",0.368308696716391
"2015-2019","5",0.372815864364973
"2015-2019","5",0.385524799939615
"2015-2019","5",0.373171226513664
"2015-2019","5",0.396344800808132
"2015-2019","5",0.370025048889234
"2015-2019","5",0.3817571708952
"2015-2019","5",0.385066133829107
"2015-2019","5",0.375607423321799
"2015-2019","5",0.357794513771351
"2015-2019","5",0.368459658132422
"2015-2019","5",0.365440134988079
"2015-2019","5",0.382203443866324
"2015-2019","5",0.396123906207359
"2015-2019","5",0.38096647016558
"2015-2019","5",0.36123954312028
"2015-2019","5",0.386902864351576
"2015-2019","5",0.391216103883579
"2015-2019","5",0.378460581547182
"2015-2019","5",0.370547249366521
"2015-2019","5",0.386997736379674
"2015-2019","5",0.353658309082869
"2015-2019","5",0.379496902955969
"2015-2019","5",0.372445743837463
"2015-2019","5",0.39772925793563
"2015-2019","5",0.371762191104802
"2015-2019","5",0.372955881124204
"2015-2019","5",0.391334646484131
"2015-2019","5",0.390334483428949
"2015-2019","5",0.37175521134932
"2015-2019","5",0.38183730814846
"2015-2019","5",0.384124820572501
"2015-2019","5",0.396873341411668
"2015-2019","5",0.398603848984803
"2015-2019","5",0.39261041865012
"2015-2019","5",0.374004088345329
"2015-2019","5",0.380888725546434
"2015-2019","5",0.373815406173139
"2015-2019","5",0.390676857119857
"2015-2019","5",0.369780054453493
"2015-2019","5",0.383554129418096
"2015-2019","5",0.388501024945956
"2015-2019","5",0.420741178906239
"2015-2019","5",0.391208299320182
"2015-2019","5",0.375027082688992
"2015-2019","5",0.388961497343844
"2015-2019","5",0.386406749813996
"2015-2019","5",0.391863570110983
"2015-2019","5",0.378975380310237
"2015-2019","5",0.378834937713893
"2015-2019","5",0.371024003958716
"2015-2019","5",0.411613630799065
"2015-2019","5",0.365694526213075
"2015-2019","5",0.385908607852116
"2015-2019","5",0.372635146817721
"2015-2019","5",0.3727174545351
"2015-2019","5",0.386309403043225
"2015-2019","5",0.396233161473626
"2015-2019","5",0.378390116792471
"2015-2019","5",0.385182089281265
"2015-2019","5",0.399375274185694
"2015-2019","5",0.404733749619551
"2015-2019","5",0.388655318063346
"2015-2019","5",0.435904564719311
"2015-2019","5",0.356624042309096
"2015-2019","5",0.405786785252805
"2015-2019","5",0.411939100680301
"2015-2019","5",0.391667822504108
"2015-2019","5",0.37282333985916
"2015-2019","5",0.378901504618485
"2015-2019","5",0.37205475610019
"2015-2019","5",0.384985012800462
"2015-2019","5",0.402219670172871
"2015-2019","5",0.386282025378939
"2015-2019","5",0.37657838587598
"2015-2019","5",0.380068007338243
"2015-2019","5",0.378927416357584
"2015-2019","5",0.392016829426037
"2015-2019","5",0.392332184700625
"2015-2019","5",0.365310833241653
"2015-2019","5",0.369851316665554
"2015-2019","5",0.388139480428329
"2015-2019","5",0.368120756864112
"2015-2019","5",0.379474412910726
"2015-2019","5",0.380038121322043
"2015-2019","5",0.373510080949969
"2015-2019","5",0.379761136079554
"2015-2019","5",0.403827470107201
"2015-2019","5",0.400105480030296
"2015-2019","5",0.363169239831906
"2015-2019","5",0.374427432653663
"2015-2019","5",0.369338454294908
"2015-2019","5",0.399864610770291
"2015-2019","5",0.391177174208636
"2015-2019","5",0.381673267337915
"2015-2019","5",0.374621647872371
"2015-2019","5",0.383606612512861
"2015-2019","5",0.396498207146392
"2015-2019","5",0.370528762726626
"2015-2019","5",0.401789797679166
"2015-2019","5",0.371423913788094
"2015-2019","5",0.395269647230566
"2015-2019","5",0.395491516577822
"2015-2019","5",0.370035832672719
"2015-2019","5",0.355100323531201
"2015-2019","5",0.383478135316894
"2015-2019","5",0.3769203006944
"2015-2019","5",0.408911805263493
"2015-2019","5",0.366237487195839
"2015-2019","5",0.410823906877869
"2015-2019","5",0.366880517140991
"2015-2019","5",0.369128416489114
"2015-2019","5",0.372664985877388
"2015-2019","5",0.401749366890691
"2015-2019","5",0.383492231571415
"2015-2019","5",0.383185989157603
"2015-2019","5",0.40551573270234
"2015-2019","5",0.376316415572049
"2015-2019","5",0.415674774121971
"2015-2019","5",0.39524825419125
"2015-2019","5",0.365259144650066
"2015-2019","5",0.411021293756957
"2015-2019","5",0.415617979820355
"2015-2019","5",0.36721185745248
"2015-2019","5",0.393299767272133
"2015-2019","5",0.37506544599689
"2015-2019","5",0.387141098786453
"2015-2019","5",0.383402130064542
"2015-2019","5",0.384397258622314
"2015-2019","5",0.360550482745669
"2015-2019","5",0.383339901519492
"2015-2019","5",0.407280291401927
"2015-2019","5",0.381731479160454
"2015-2019","5",0.391312032007094
"2015-2019","5",0.389052957067384
"2015-2019","5",0.394788048230697
"2015-2019","5",0.383899648957369
"2015-2019","5",0.394753804184379
"2015-2019","5",0.385239674562946
"2015-2019","5",0.393292542569563
"2015-2019","5",0.415739226841213
"2015-2019","5",0.369414466543974
"2015-2019","5",0.380114157132656
"2015-2019","5",0.398038139900751
"2015-2019","5",0.36602562256606
"2015-2019","5",0.392730219971773
"2015-2019","5",0.393036427330991
"2015-2019","5",0.384700025537252
"2015-2019","5",0.36480205745801
"2015-2019","5",0.391501386410441
"2015-2019","5",0.388638821718165
"2015-2019","5",0.370040445100206
"2015-2019","5",0.385339354712147
"2015-2019","5",0.386250825562558
"2015-2019","5",0.399046229260584
"2015-2019","5",0.40162232822168
"2015-2019","5",0.377127945149388
"2015-2019","5",0.399223085939904
"2015-2019","5",0.400340689970917
"2015-2019","5",0.379302611635779
"2015-2019","5",0.387130120482701
"2015-2019","5",0.386159883976082
"2015-2019","5",0.402777843895515
"2015-2019","5",0.377352439796452
"2015-2019","5",0.388024615816696
"2015-2019","5",0.382439226796502
"2015-2019","5",0.379575437183932
"2015-2019","5",0.377584282083529
"2015-2019","5",0.389723155324404
"2015-2019","5",0.375404244240276
"2015-2019","5",0.390739812188386
"2015-2019","5",0.365885557651263
"2015-2019","5",0.374931390671894
"2015-2019","5",0.416192933116603
"2015-2019","5",0.382914812761073
"2015-2019","5",0.394900501240824
"2015-2019","5",0.382023289017352
"2015-2019","5",0.376102520814752
"2015-2019","5",0.391179883706386
"2015-2019","5",0.384934914874529
"2015-2019","5",0.369492416583133
"2015-2019","5",0.384688292343248
"2015-2019","5",0.388992959466669
"2015-2019","5",0.375528094666771
"2015-2019","5",0.399699201191875
"2015-2019","5",0.376056966760848
"2015-2019","5",0.393706754430489
"2015-2019","5",0.395141093961049
"2015-2019","5",0.388171727067269
"2015-2019","5",0.387848450741974
"2015-2019","5",0.392877626795114
"2015-2019","5",0.375641676489698
"2015-2019","5",0.372215611279551
"2015-2019","5",0.376412209145409
"2015-2019","5",0.390706733556215
"2015-2019","5",0.365236824467699
"2015-2019","5",0.401815482902501
"2015-2019","5",0.391717504454494
"2015-2019","5",0.393266734277367
"2015-2019","5",0.386325285219166
"2015-2019","5",0.387646479351229
"2015-2019","5",0.362859019065808
"2015-2019","5",0.37061889154623
"2015-2019","5",0.367930994575575
"2015-2019","5",0.36476717908533
"2015-2019","5",0.383298507472725
"2015-2019","5",0.380085649428203
"2015-2019","5",0.386313855271458
"2015-2019","5",0.39023722510051
"2015-2019","5",0.365603400052167
"2015-2019","5",0.393329504130651
"2015-2019","5",0.403996171765862
"2015-2019","5",0.404414030327116
"2015-2019","5",0.401467234637182
"2015-2019","5",0.400260985637079
"2015-2019","5",0.406347274380087
"2015-2019","5",0.385247043727934
"2015-2019","5",0.394696298994205
"2015-2019","5",0.390959149935596
"2015-2019","5",0.406944641835132
"2015-2019","5",0.376016907540239
"2015-2019","5",0.389503282124814
"2015-2019","5",0.369955860785326
"2015-2019","5",0.393467522816547
"2015-2019","5",0.389951514206983
"2015-2019","5",0.397864664250458
"2015-2019","5",0.400426436576814
"2015-2019","5",0.357416630322861
"2015-2019","5",0.396424594823558
"2015-2019","5",0.382074942061004
"2015-2019","5",0.383712302780956
"2015-2019","5",0.388489038424856
"2015-2019","5",0.393132863018099
"2015-2019","5",0.389502147265562
"2015-2019","5",0.369064851459219
"2015-2019","5",0.413080026855212
"2015-2019","5",0.390848447610409
"2015-2019","5",0.374150259835349
"2015-2019","5",0.396856390628719
"2015-2019","5",0.388825263250369
"2015-2019","5",0.393072852800051
"2015-2019","5",0.389501333219675
"2015-2019","5",0.40474551196282
"2015-2019","5",0.371497604759387
"2015-2019","5",0.390672064684833
"2015-2019","5",0.376114369887935
"2015-2019","5",0.363320473664153
"2015-2019","5",0.390295560269888
"2015-2019","5",0.382979178030146
"2015-2019","5",0.402376692968894
"2015-2019","5",0.371847565144217
"2015-2019","5",0.385024541089346
"2015-2019","5",0.378962478509893
"2015-2019","5",0.383036197207699
"2015-2019","5",0.381432429562564
"2015-2019","5",0.410306940556695
"2015-2019","5",0.383353323188049
"2015-2019","5",0.385549195679987
"2015-2019","5",0.355632578944954
"2015-2019","5",0.3883825872544
"2015-2019","5",0.353187757506594
"2015-2019","5",0.375062470905648
"2015-2019","5",0.378292239420196
"2015-2019","5",0.36902999464301
"2015-2019","5",0.36806058165222
"2015-2019","5",0.37464499061458
"2015-2019","5",0.405397323075719
"2015-2019","5",0.386725460754516
"2015-2019","5",0.392310989920848
"2015-2019","5",0.412690176138529
"2015-2019","5",0.379597584029177
"2015-2019","5",0.373059609086263
"2015-2019","5",0.394196485690829
"2015-2019","5",0.396695210718243
"2015-2019","5",0.379377713582757
"2015-2019","5",0.392895521439758
"2015-2019","5",0.398208029150023
"2015-2019","5",0.389040377133404
"2015-2019","5",0.376185208709131
"2015-2019","5",0.387554249081879
"2015-2019","5",0.383887488969045
"2015-2019","5",0.36783127586483
"2015-2019","5",0.38369993435212
"2015-2019","5",0.383109920978603
"2015-2019","5",0.367757235846056
"2015-2019","5",0.37555607698773
"2015-2019","5",0.384095637071117
"2015-2019","5",0.390262981386487
"2015-2019","5",0.38823988088723
"2015-2019","5",0.40017367465815
"2015-2019","5",0.392614641151797
"2015-2019","5",0.368739198948227
"2015-2019","5",0.36416368610654
"2015-2019","5",0.384671778474596
"2015-2019","5",0.387478265882856
"2015-2019","5",0.371720242585161
"2015-2019","5",0.403380927356972
"2015-2019","5",0.383341624638792
"2015-2019","5",0.378474489616604
"2015-2019","5",0.375962384911156
"2015-2019","5",0.395176719342978
"2015-2019","5",0.394360591336643
"2015-2019","5",0.401297400630715
"2015-2019","5",0.39454619224563
"2015-2019","5",0.405688986892776
"2015-2019","5",0.408454783173935
"2015-2019","5",0.370467033525851
"2015-2019","5",0.382214264991914
"2015-2019","5",0.389329264772134
"2015-2019","5",0.37929885593997
"2015-2019","5",0.38760151523722
"2015-2019","5",0.387013736345659
"2015-2019","5",0.3717405739622
"2015-2019","5",0.371876046040473
"2015-2019","5",0.369291732342647
"2015-2019","5",0.379479118932713
"2015-2019","5",0.363245913094657
"2015-2019","5",0.39320814898633
"2015-2019","5",0.388480043571588
"2015-2019","5",0.38366548698694
"2015-2019","5",0.406372077165575
"2015-2019","5",0.39231683031877
"2015-2019","5",0.37626398655578
"2015-2019","5",0.389477318482405
"2015-2019","5",0.387306926917141
"2015-2019","5",0.368394117344459
"2015-2019","5",0.383805526924713
"2015-2019","5",0.405504639311683
"2015-2019","5",0.387819776012819
"2015-2019","5",0.360660355596754
"2015-2019","5",0.378887438815044
"2015-2019","5",0.375487854004067
"2015-2019","5",0.386538574726645
"2015-2019","5",0.37196166888418
"2015-2019","5",0.377607470541808
"2015-2019","5",0.383963319522394
"2015-2019","5",0.378064961020774
"2015-2019","5",0.370185591300398
"2015-2019","5",0.363469221615669
"2015-2019","5",0.402155858943913
"2015-2019","5",0.391448306660413
"2015-2019","5",0.39723070673366
"2015-2019","5",0.396833104156439
"2015-2019","5",0.35796727588425
"2015-2019","5",0.3774971523609
"2015-2019","5",0.405078213791625
"2015-2019","5",0.387938419135594
"2015-2019","5",0.393337109709403
"2015-2019","5",0.386220987003735
"2015-2019","5",0.392002903564867
"2015-2019","5",0.40548181612122
"2015-2019","5",0.367641786840659
"2015-2019","5",0.38309326488105
"2015-2019","5",0.400040445444497
"2015-2019","5",0.402781937542123
"2015-2019","5",0.387463935058688
"2015-2019","5",0.414684790408916
"2015-2019","5",0.380076276293587
"2015-2019","5",0.388139853565778
"2015-2019","5",0.394253546448289
"2015-2019","5",0.396293123341656
"2015-2019","5",0.394533005042799
"2015-2019","5",0.423848181412711
"2015-2019","5",0.378251448379491
"2015-2019","5",0.391256330534962
"2015-2019","5",0.399298835676623
"2015-2019","5",0.396870749771381
"2015-2019","5",0.373265116543533
"2015-2019","5",0.382692551557164
"2015-2019","5",0.378838134831388
"2015-2019","5",0.38094962898453
"2015-2019","5",0.385061552644108
"2015-2019","5",0.378220873499693
"2015-2019","5",0.381095156080484
"2015-2019","5",0.410514771398586
"2015-2019","5",0.378911391699452
"2015-2019","5",0.400118562634647
"2015-2019","5",0.388217521495077
"2015-2019","5",0.369879505199966
"2015-2019","5",0.367364649568935
"2015-2019","5",0.392661223387076
"2015-2019","5",0.378452065891421
"2015-2019","5",0.378646034716016
"2015-2019","5",0.369298611481694
"2015-2019","5",0.379818760681543
"2015-2019","5",0.377552069551624
"2015-2019","5",0.376020617742112
"2015-2019","5",0.392693530731712
"2015-2019","5",0.363671437368689
"2015-2019","5",0.394807877454105
"2015-2019","5",0.388492740587219
"2015-2019","5",0.378948739470511
"2015-2019","5",0.38661520292926
"2015-2019","5",0.383721307654741
"2015-2019","5",0.364248976457226
"2015-2019","5",0.371997416635993
"2015-2019","5",0.399689480679197
"2015-2019","5",0.390493823734394
"2015-2019","5",0.383003033871753
"2015-2019","5",0.398710985027044
"2015-2019","5",0.370721202552933
"2015-2019","5",0.385927763422505
"2015-2019","5",0.378571937287711
"2015-2019","5",0.375105451881397
"2015-2019","5",0.39225860501523
"2015-2019","5",0.368912638231515
"2015-2019","5",0.393193741315978
"2015-2019","5",0.372194309667601
"2015-2019","5",0.391330390684406
"2015-2019","5",0.372013617973997
"2015-2019","5",0.388066160232464
"2015-2019","5",0.378425458231934
"2015-2019","5",0.383597146861075
"2015-2019","5",0.394430665338238
"2015-2019","5",0.386094483924916
"2015-2019","5",0.392864795118131
"2015-2019","5",0.379844615137265
"2015-2019","5",0.385778240770633
"2015-2019","5",0.386559612479173
"2015-2019","5",0.367899131847138
"2015-2019","5",0.396871024177582
"2015-2019","5",0.377169703030487
"2015-2019","5",0.371787789701175
"2015-2019","5",0.393200069206356
"2015-2019","5",0.387053914200352
"2015-2019","5",0.416609566637
"2015-2019","5",0.38896186246691
"2015-2019","5",0.403191188740991
"2015-2019","5",0.389081555071743
"2015-2019","5",0.382309565330062
"2015-2019","5",0.403282818241025
"2015-2019","5",0.407823206143126
"2015-2019","5",0.403954885299109
"2015-2019","5",0.407059119530232
"2015-2019","5",0.368669714980183
"2015-2019","5",0.392903251761271
"2015-2019","5",0.380024736140505
"2015-2019","5",0.375006014449655
"2015-2019","5",0.401702567184639
"2015-2019","5",0.376389491757687
"2015-2019","5",0.383748517097248
"2015-2019","5",0.37404289579072
"2015-2019","5",0.365998405737289
"2015-2019","5",0.369779016882185
"2015-2019","5",0.367076045108422
"2015-2019","5",0.394779536007463
"2015-2019","5",0.382424464893583
"2015-2019","5",0.382994854625682
"2015-2019","5",0.366534700399805
"2015-2019","5",0.383283854129169
"2015-2019","5",0.3889655804517
"2015-2019","5",0.361872927442021
"2015-2019","5",0.38981250318136
"2015-2019","5",0.362885294284291
"2015-2019","5",0.378865460276358
"2015-2019","5",0.377324014620939
"2015-2019","5",0.397685706754494
"2015-2019","5",0.389031873645457
"2015-2019","5",0.387171410588815
"2015-2019","5",0.381681403847172
"2015-2019","5",0.383646965389491
"2015-2019","5",0.39847547172486
"2015-2019","5",0.383930322292459
"2015-2019","5",0.384273120905922
"2015-2019","5",0.386184643984762
"2015-2019","5",0.372884978879804
"2015-2019","5",0.363671671676294
"2015-2019","5",0.38060301996135
"2015-2019","5",0.41290607150003
"2015-2019","5",0.403579417181906
"2015-2019","5",0.377789879578282
"2015-2019","5",0.399295233661648
"2015-2019","5",0.366167006725027
"2015-2019","5",0.39589585140883
"2015-2019","5",0.401154067224714
"2015-2019","5",0.391605747822077
"2015-2019","5",0.378188765580908
"2015-2019","5",0.377039296501681
"2015-2019","5",0.406826355108959
"2015-2019","5",0.379006256025607
"2015-2019","5",0.389050244354687
"2015-2019","5",0.375803916165121
"2015-2019","5",0.372183250552466
"2015-2019","5",0.399810829610771
"2015-2019","5",0.351921258146261
"2015-2019","5",0.395024615011538
"2015-2019","5",0.393044720074746
"2015-2019","5",0.406910424920527
"2015-2019","5",0.393173114139466
"2015-2019","5",0.398955971202536
"2015-2019","5",0.384760521575175
"2015-2019","5",0.377855903700302
"2015-2019","5",0.381529650245547
"2015-2019","5",0.385505878390231
"2015-2019","5",0.374958666488067
"2015-2019","5",0.364501261824299
"2015-2019","5",0.396283992745083
"2015-2019","5",0.389128637092269
"2015-2019","5",0.362309111010602
"2015-2019","5",0.390208609913813
"2015-2019","5",0.383950364674516
"2015-2019","5",0.380577238668326
"2015-2019","5",0.405806393016228
"2015-2019","5",0.39410386868968
"2015-2019","5",0.391350564860869
"2015-2019","5",0.353745179233322
"2015-2019","5",0.394439118486246
"2015-2019","5",0.382549199930894
"2015-2019","5",0.398650398499499
"2015-2019","5",0.364743564351412
"2015-2019","5",0.386270262512338
"2015-2019","5",0.352640197591336
"2015-2019","5",0.401958365033782
"2015-2019","5",0.377765650975037
"2015-2019","5",0.391863667518122
"2015-2019","5",0.386527268534476
"2015-2019","5",0.386142069080631
"2015-2019","5",0.40853391971769
"2015-2019","5",0.407928332619265
"2015-2019","5",0.379753402595402
"2015-2019","5",0.360952932418667
"2015-2019","5",0.412182332890723
"2015-2019","5",0.369056963005539
"2015-2019","5",0.394196375304945
"2015-2019","5",0.386555369926829
"2015-2019","5",0.396562227603651
"2015-2019","5",0.377178480278336
"2015-2019","5",0.41269937668609
"2015-2019","5",0.370343800708835
"2015-2019","5",0.37908414430079
"2015-2019","5",0.379264036179015
"2015-2019","5",0.391538342276651
"2015-2019","5",0.426362559139285
"2015-2019","5",0.388380387665793
"2015-2019","5",0.38671146267584
"2015-2019","5",0.39655510027927
"2015-2019","5",0.396313575795785
"2015-2019","5",0.407645782375559
"2015-2019","5",0.399090132685592
"2015-2019","5",0.38357478492629
"2015-2019","5",0.353672177793123
"2015-2019","5",0.385029293852938
"2015-2019","5",0.381562535075925
"2015-2019","5",0.374210854226959
"2015-2019","5",0.410727109866027
"2015-2019","5",0.379383896326937
"2015-2019","5",0.376543503092918
"2015-2019","5",0.371037541123367
"2015-2019","5",0.410712036550807
"2015-2019","5",0.403284658072797
"2015-2019","5",0.399884571715464
"2015-2019","5",0.389097607306942
"2015-2019","5",0.369175054431331
"2015-2019","5",0.362044046128152
"2015-2019","5",0.371178864271007
"2015-2019","5",0.375630342462251
"2015-2019","5",0.376306324744732
"2015-2019","5",0.370578501783039
"2015-2019","5",0.371686069983408
"2015-2019","5",0.37891957188668
"2015-2019","5",0.380802941698799
"2015-2019","5",0.395550188253003
"2015-2019","5",0.396556473050945
"2015-2019","5",0.396713077694737
"2015-2019","5",0.394953787833948
"2015-2019","5",0.391402793191922
"2015-2019","5",0.388376673839218
"2015-2019","5",0.402391298613587
"2015-2019","5",0.391921867126958
"2015-2019","5",0.38130484701086
"2015-2019","5",0.394760435638099
"2015-2019","5",0.36476541692394
"2015-2019","5",0.389863939122495
"2015-2019","5",0.392798372537201
"2015-2019","5",0.389304828184887
"2015-2019","5",0.376091926163289
"2015-2019","5",0.404364529244293
"2015-2019","5",0.387522343482433
"2015-2019","5",0.390499595438375
"2015-2019","5",0.361401166488761
"2015-2019","5",0.384008350050876
"2015-2019","5",0.360829464070544
"2015-2019","5",0.381166468130907
"2015-2019","5",0.405656664894704
"2015-2019","5",0.372334084245217
"2015-2019","5",0.38208775335218
"2015-2019","5",0.379851067293191
"2015-2019","5",0.385490621611041
"2020-2024","1",0.75508702902935
"2020-2024","1",0.763258769418735
"2020-2024","1",0.754308439826228
"2020-2024","1",0.748468576352469
"2020-2024","1",0.739697415239196
"2020-2024","1",0.761601450004792
"2020-2024","1",0.743481708655243
"2020-2024","1",0.740826084559329
"2020-2024","1",0.745254399414645
"2020-2024","1",0.75182288498682
"2020-2024","1",0.755337501360462
"2020-2024","1",0.724444914312232
"2020-2024","1",0.735493511394406
"2020-2024","1",0.767376839292126
"2020-2024","1",0.767853752101533
"2020-2024","1",0.750256422318471
"2020-2024","1",0.751474235486937
"2020-2024","1",0.767124321487269
"2020-2024","1",0.76982201162966
"2020-2024","1",0.747367746076025
"2020-2024","1",0.773393418716776
"2020-2024","1",0.741407578888351
"2020-2024","1",0.760170614474388
"2020-2024","1",0.761313366284484
"2020-2024","1",0.742061441934665
"2020-2024","1",0.755850269592941
"2020-2024","1",0.732085790060962
"2020-2024","1",0.747626947145198
"2020-2024","1",0.762576722258017
"2020-2024","1",0.75899915611425
"2020-2024","1",0.763829312530922
"2020-2024","1",0.764385051737366
"2020-2024","1",0.752258412878255
"2020-2024","1",0.742809784553097
"2020-2024","1",0.756877437756154
"2020-2024","1",0.75477851519267
"2020-2024","1",0.778583303050003
"2020-2024","1",0.781149820706179
"2020-2024","1",0.765916418292041
"2020-2024","1",0.76965566472944
"2020-2024","1",0.76527467937749
"2020-2024","1",0.758017882527308
"2020-2024","1",0.754859502072466
"2020-2024","1",0.770153412018256
"2020-2024","1",0.771072369770687
"2020-2024","1",0.772205596965607
"2020-2024","1",0.755648538451792
"2020-2024","1",0.768761721072132
"2020-2024","1",0.767922625180008
"2020-2024","1",0.760172882080004
"2020-2024","1",0.759166340495859
"2020-2024","1",0.763172530906015
"2020-2024","1",0.739472010177816
"2020-2024","1",0.758688751440622
"2020-2024","1",0.754025370082309
"2020-2024","1",0.729435051542622
"2020-2024","1",0.755841040088993
"2020-2024","1",0.764662024826419
"2020-2024","1",0.754938729579655
"2020-2024","1",0.746096233257022
"2020-2024","1",0.765457446656295
"2020-2024","1",0.725319518451852
"2020-2024","1",0.763987868142308
"2020-2024","1",0.727522213551852
"2020-2024","1",0.75425461245522
"2020-2024","1",0.750248156727772
"2020-2024","1",0.753043633190049
"2020-2024","1",0.772962678994015
"2020-2024","1",0.74648552089342
"2020-2024","1",0.765156093454892
"2020-2024","1",0.756551907308817
"2020-2024","1",0.773090589121248
"2020-2024","1",0.740365606240691
"2020-2024","1",0.744161071334715
"2020-2024","1",0.762834712982471
"2020-2024","1",0.746149833428559
"2020-2024","1",0.748165929163396
"2020-2024","1",0.75780478659926
"2020-2024","1",0.763886023534665
"2020-2024","1",0.760738598931676
"2020-2024","1",0.75337642294065
"2020-2024","1",0.74598369262666
"2020-2024","1",0.760707646568672
"2020-2024","1",0.74950436493506
"2020-2024","1",0.745429882634981
"2020-2024","1",0.722081766180813
"2020-2024","1",0.794856172017622
"2020-2024","1",0.781344341008395
"2020-2024","1",0.737818956500449
"2020-2024","1",0.753735630631022
"2020-2024","1",0.737060917686232
"2020-2024","1",0.753660968439974
"2020-2024","1",0.747428788631356
"2020-2024","1",0.7361512675677
"2020-2024","1",0.742998921560133
"2020-2024","1",0.751734055411413
"2020-2024","1",0.760677951646035
"2020-2024","1",0.758583206086088
"2020-2024","1",0.776509039643549
"2020-2024","1",0.762730989223084
"2020-2024","1",0.760183558077998
"2020-2024","1",0.732479306941261
"2020-2024","1",0.74117828055158
"2020-2024","1",0.761583698472506
"2020-2024","1",0.744539069276329
"2020-2024","1",0.775548983239725
"2020-2024","1",0.762810922196899
"2020-2024","1",0.726568623462408
"2020-2024","1",0.754154486084106
"2020-2024","1",0.752243814157316
"2020-2024","1",0.762098827243096
"2020-2024","1",0.736293457152813
"2020-2024","1",0.733467122753484
"2020-2024","1",0.758611716863795
"2020-2024","1",0.747385954326448
"2020-2024","1",0.737420329134559
"2020-2024","1",0.759863307219617
"2020-2024","1",0.75849267301826
"2020-2024","1",0.741966349249259
"2020-2024","1",0.773760600858888
"2020-2024","1",0.733980357030655
"2020-2024","1",0.759455484466613
"2020-2024","1",0.742011867051034
"2020-2024","1",0.746806151144632
"2020-2024","1",0.766602561040114
"2020-2024","1",0.756442864718811
"2020-2024","1",0.738463246114827
"2020-2024","1",0.731302914388541
"2020-2024","1",0.760830499681295
"2020-2024","1",0.744327046336658
"2020-2024","1",0.773394771911481
"2020-2024","1",0.764596546995247
"2020-2024","1",0.786124788569597
"2020-2024","1",0.753961912690541
"2020-2024","1",0.731849264616614
"2020-2024","1",0.766870509831144
"2020-2024","1",0.753362697101114
"2020-2024","1",0.731246473375444
"2020-2024","1",0.752876748169134
"2020-2024","1",0.766648720193775
"2020-2024","1",0.771677875527204
"2020-2024","1",0.781373072150544
"2020-2024","1",0.747661802499578
"2020-2024","1",0.752265313433297
"2020-2024","1",0.755472877195843
"2020-2024","1",0.768338610446139
"2020-2024","1",0.75943677432461
"2020-2024","1",0.746430435787357
"2020-2024","1",0.781748816818144
"2020-2024","1",0.748496434675619
"2020-2024","1",0.738490657034906
"2020-2024","1",0.74770807903098
"2020-2024","1",0.74726860579915
"2020-2024","1",0.76439793310525
"2020-2024","1",0.754493736407573
"2020-2024","1",0.753011380972257
"2020-2024","1",0.733587605753225
"2020-2024","1",0.742411262734574
"2020-2024","1",0.742549410692156
"2020-2024","1",0.75965025153565
"2020-2024","1",0.751878268260904
"2020-2024","1",0.753734925500368
"2020-2024","1",0.732045974041717
"2020-2024","1",0.758191909447623
"2020-2024","1",0.747301368860915
"2020-2024","1",0.749974959219202
"2020-2024","1",0.722619844465576
"2020-2024","1",0.762351263748439
"2020-2024","1",0.743450685636165
"2020-2024","1",0.723737881688356
"2020-2024","1",0.754994487584005
"2020-2024","1",0.733178965056399
"2020-2024","1",0.747074110937125
"2020-2024","1",0.762591210082885
"2020-2024","1",0.740620106635972
"2020-2024","1",0.751861280256407
"2020-2024","1",0.750604092721986
"2020-2024","1",0.757444295830231
"2020-2024","1",0.750153206372298
"2020-2024","1",0.74557487776658
"2020-2024","1",0.753032300508659
"2020-2024","1",0.74802564652272
"2020-2024","1",0.759606330939661
"2020-2024","1",0.756645854794559
"2020-2024","1",0.765650562215169
"2020-2024","1",0.736754716376095
"2020-2024","1",0.75606092677268
"2020-2024","1",0.767195793828913
"2020-2024","1",0.757146265669648
"2020-2024","1",0.745103184399255
"2020-2024","1",0.73188215591529
"2020-2024","1",0.76613921447803
"2020-2024","1",0.743897211357307
"2020-2024","1",0.762278788883214
"2020-2024","1",0.762289399074578
"2020-2024","1",0.771452873107391
"2020-2024","1",0.742236879397744
"2020-2024","1",0.766782437263554
"2020-2024","1",0.759591912846413
"2020-2024","1",0.761311246294719
"2020-2024","1",0.747658579980296
"2020-2024","1",0.790382961295778
"2020-2024","1",0.764453590391017
"2020-2024","1",0.756795464088704
"2020-2024","1",0.73692500934703
"2020-2024","1",0.748787866380993
"2020-2024","1",0.737881686930373
"2020-2024","1",0.763535471395488
"2020-2024","1",0.746535860608228
"2020-2024","1",0.751251637803281
"2020-2024","1",0.768130959246353
"2020-2024","1",0.751079134847478
"2020-2024","1",0.737847011389743
"2020-2024","1",0.772321932370485
"2020-2024","1",0.754234236320266
"2020-2024","1",0.74085904698343
"2020-2024","1",0.728635712735101
"2020-2024","1",0.743649302793405
"2020-2024","1",0.738584016342505
"2020-2024","1",0.740479076116129
"2020-2024","1",0.754630966696198
"2020-2024","1",0.754250973312099
"2020-2024","1",0.765128645929217
"2020-2024","1",0.770457624497892
"2020-2024","1",0.756857152415917
"2020-2024","1",0.716583512288431
"2020-2024","1",0.760921117056731
"2020-2024","1",0.782835947607056
"2020-2024","1",0.747961394156653
"2020-2024","1",0.763981778932377
"2020-2024","1",0.773679550431847
"2020-2024","1",0.753525624956454
"2020-2024","1",0.75163542621794
"2020-2024","1",0.750852746128419
"2020-2024","1",0.739303678208302
"2020-2024","1",0.756757940711189
"2020-2024","1",0.758823555660555
"2020-2024","1",0.744708396253102
"2020-2024","1",0.764328897267425
"2020-2024","1",0.767886648068301
"2020-2024","1",0.776774603386657
"2020-2024","1",0.760900759314501
"2020-2024","1",0.766816350388553
"2020-2024","1",0.769029623693494
"2020-2024","1",0.772796960196892
"2020-2024","1",0.759867008503216
"2020-2024","1",0.747414538205948
"2020-2024","1",0.750472038954499
"2020-2024","1",0.747904552756804
"2020-2024","1",0.734738464973526
"2020-2024","1",0.761179288104455
"2020-2024","1",0.741918987326098
"2020-2024","1",0.7460711600111
"2020-2024","1",0.766957605950742
"2020-2024","1",0.77667882918029
"2020-2024","1",0.7639006591496
"2020-2024","1",0.763104785782
"2020-2024","1",0.755307751941526
"2020-2024","1",0.758367571031088
"2020-2024","1",0.764640921602259
"2020-2024","1",0.750839360976859
"2020-2024","1",0.742798588030543
"2020-2024","1",0.744204830300091
"2020-2024","1",0.748737181812473
"2020-2024","1",0.742163566235887
"2020-2024","1",0.758296313956605
"2020-2024","1",0.779325416216442
"2020-2024","1",0.73820318234226
"2020-2024","1",0.747579737450397
"2020-2024","1",0.763564145165819
"2020-2024","1",0.751315970834169
"2020-2024","1",0.740694003045113
"2020-2024","1",0.758323167862238
"2020-2024","1",0.763111369856093
"2020-2024","1",0.770228163127359
"2020-2024","1",0.745530825761989
"2020-2024","1",0.743777427646665
"2020-2024","1",0.749444619263024
"2020-2024","1",0.754906136162248
"2020-2024","1",0.759168919023239
"2020-2024","1",0.756825629267341
"2020-2024","1",0.747950363069956
"2020-2024","1",0.784713078947675
"2020-2024","1",0.756860063747774
"2020-2024","1",0.747157154730354
"2020-2024","1",0.780912000903904
"2020-2024","1",0.728158559618641
"2020-2024","1",0.731787743592957
"2020-2024","1",0.733244140318832
"2020-2024","1",0.791288295536498
"2020-2024","1",0.75587444932836
"2020-2024","1",0.735511486391983
"2020-2024","1",0.7915195480481
"2020-2024","1",0.743148809288377
"2020-2024","1",0.747517021412412
"2020-2024","1",0.760976250467089
"2020-2024","1",0.755359458157961
"2020-2024","1",0.772362212808435
"2020-2024","1",0.768212243354372
"2020-2024","1",0.753330029924675
"2020-2024","1",0.755718479231173
"2020-2024","1",0.763830296601242
"2020-2024","1",0.753023399730729
"2020-2024","1",0.739066344516679
"2020-2024","1",0.755302753632419
"2020-2024","1",0.776834779732368
"2020-2024","1",0.770701423417288
"2020-2024","1",0.745281206391646
"2020-2024","1",0.751668004703358
"2020-2024","1",0.749319344695404
"2020-2024","1",0.746334344762223
"2020-2024","1",0.742822997044135
"2020-2024","1",0.76378152879239
"2020-2024","1",0.745587514563846
"2020-2024","1",0.761688588717544
"2020-2024","1",0.757055142729385
"2020-2024","1",0.74110915957504
"2020-2024","1",0.747404803914595
"2020-2024","1",0.722307715505851
"2020-2024","1",0.746727448527697
"2020-2024","1",0.736995786781487
"2020-2024","1",0.746593461349534
"2020-2024","1",0.758028866715443
"2020-2024","1",0.757573127859492
"2020-2024","1",0.769431776383394
"2020-2024","1",0.77351029778452
"2020-2024","1",0.752256246333434
"2020-2024","1",0.741254044808019
"2020-2024","1",0.748449875788702
"2020-2024","1",0.756207572360898
"2020-2024","1",0.748442235419034
"2020-2024","1",0.739926034467014
"2020-2024","1",0.745659959238072
"2020-2024","1",0.745175991718551
"2020-2024","1",0.778124590683982
"2020-2024","1",0.754912992910532
"2020-2024","1",0.76900888990963
"2020-2024","1",0.765857750192761
"2020-2024","1",0.770756964919528
"2020-2024","1",0.762756086680886
"2020-2024","1",0.766007404532035
"2020-2024","1",0.76871164337084
"2020-2024","1",0.730107224277344
"2020-2024","1",0.727394019452532
"2020-2024","1",0.743881603676271
"2020-2024","1",0.756813604796484
"2020-2024","1",0.757249228698847
"2020-2024","1",0.758227507196918
"2020-2024","1",0.756380758614304
"2020-2024","1",0.761922513595243
"2020-2024","1",0.751778922050271
"2020-2024","1",0.771854277766455
"2020-2024","1",0.745879291490896
"2020-2024","1",0.743036561462775
"2020-2024","1",0.759149136632646
"2020-2024","1",0.768874246320422
"2020-2024","1",0.745176107843969
"2020-2024","1",0.752526680193337
"2020-2024","1",0.758167851267751
"2020-2024","1",0.742046510033787
"2020-2024","1",0.768306700253653
"2020-2024","1",0.754332775125672
"2020-2024","1",0.754825176566806
"2020-2024","1",0.75886795457147
"2020-2024","1",0.745382145698959
"2020-2024","1",0.752679430613965
"2020-2024","1",0.747687242584394
"2020-2024","1",0.75585843609493
"2020-2024","1",0.746117299631645
"2020-2024","1",0.766117201610197
"2020-2024","1",0.751015687296433
"2020-2024","1",0.768463909373538
"2020-2024","1",0.750418422808652
"2020-2024","1",0.73531885411001
"2020-2024","1",0.742409520383224
"2020-2024","1",0.771454874276692
"2020-2024","1",0.750547229052967
"2020-2024","1",0.766885150802251
"2020-2024","1",0.751607045661705
"2020-2024","1",0.741711193508828
"2020-2024","1",0.725750165053189
"2020-2024","1",0.738901028037545
"2020-2024","1",0.770276499096367
"2020-2024","1",0.748409668555689
"2020-2024","1",0.723569303317386
"2020-2024","1",0.758825840420021
"2020-2024","1",0.772066028063234
"2020-2024","1",0.760760327603477
"2020-2024","1",0.745581743685079
"2020-2024","1",0.762997142408398
"2020-2024","1",0.744998371314247
"2020-2024","1",0.765366572388369
"2020-2024","1",0.762211399838772
"2020-2024","1",0.755225198984165
"2020-2024","1",0.756326113852029
"2020-2024","1",0.773095277308282
"2020-2024","1",0.749313261504208
"2020-2024","1",0.721756771127562
"2020-2024","1",0.759405352571901
"2020-2024","1",0.755307539215689
"2020-2024","1",0.74566155430556
"2020-2024","1",0.747273061031292
"2020-2024","1",0.771607717002801
"2020-2024","1",0.757086967491983
"2020-2024","1",0.759272177484198
"2020-2024","1",0.755737217983015
"2020-2024","1",0.768727601079339
"2020-2024","1",0.772918577341967
"2020-2024","1",0.780575342531974
"2020-2024","1",0.751400514518553
"2020-2024","1",0.765932731447831
"2020-2024","1",0.730835323891807
"2020-2024","1",0.751008071029747
"2020-2024","1",0.757221059153393
"2020-2024","1",0.751369958889756
"2020-2024","1",0.775852788894792
"2020-2024","1",0.753696361718097
"2020-2024","1",0.748227910754594
"2020-2024","1",0.745059545320732
"2020-2024","1",0.77006581440372
"2020-2024","1",0.747805919926182
"2020-2024","1",0.745753268543721
"2020-2024","1",0.754811423726211
"2020-2024","1",0.774340906237906
"2020-2024","1",0.765743677971492
"2020-2024","1",0.752544968298457
"2020-2024","1",0.764310853914841
"2020-2024","1",0.778437521411924
"2020-2024","1",0.737489964187907
"2020-2024","1",0.75761605817284
"2020-2024","1",0.778993042700052
"2020-2024","1",0.719537463047362
"2020-2024","1",0.757884778130187
"2020-2024","1",0.743047923760622
"2020-2024","1",0.754858845588713
"2020-2024","1",0.755951698896037
"2020-2024","1",0.750024257605376
"2020-2024","1",0.742683469921155
"2020-2024","1",0.749519802568186
"2020-2024","1",0.745412031652554
"2020-2024","1",0.738997462487533
"2020-2024","1",0.766794189094883
"2020-2024","1",0.756771500887604
"2020-2024","1",0.758402485067253
"2020-2024","1",0.726624218750548
"2020-2024","1",0.749893839852415
"2020-2024","1",0.766872170891743
"2020-2024","1",0.735513185097731
"2020-2024","1",0.761713043033134
"2020-2024","1",0.731362667372551
"2020-2024","1",0.737370328338762
"2020-2024","1",0.737467465463532
"2020-2024","1",0.747502314317543
"2020-2024","1",0.746905908301192
"2020-2024","1",0.738347300949723
"2020-2024","1",0.747230003319085
"2020-2024","1",0.759495620241649
"2020-2024","1",0.754389391966625
"2020-2024","1",0.757711934455617
"2020-2024","1",0.766995286056607
"2020-2024","1",0.73401125454013
"2020-2024","1",0.729600999877183
"2020-2024","1",0.755607088233155
"2020-2024","1",0.788629788976142
"2020-2024","1",0.756551216124587
"2020-2024","1",0.756161791332796
"2020-2024","1",0.750310709677577
"2020-2024","1",0.745721377796895
"2020-2024","1",0.773005820879584
"2020-2024","1",0.74937916680062
"2020-2024","1",0.741283189305483
"2020-2024","1",0.734935566943676
"2020-2024","1",0.770525949870623
"2020-2024","1",0.758825629302623
"2020-2024","1",0.751899078986376
"2020-2024","1",0.749532634680981
"2020-2024","1",0.732637214902817
"2020-2024","1",0.76447173235276
"2020-2024","1",0.744072874030017
"2020-2024","1",0.735877380743366
"2020-2024","1",0.72352387882522
"2020-2024","1",0.774327351237516
"2020-2024","1",0.743627896259845
"2020-2024","1",0.742077559576969
"2020-2024","1",0.759417215734645
"2020-2024","1",0.75588711548576
"2020-2024","1",0.750972346062526
"2020-2024","1",0.747009465017865
"2020-2024","1",0.735963291458218
"2020-2024","1",0.750238577359585
"2020-2024","1",0.76219260367809
"2020-2024","1",0.723295228226601
"2020-2024","1",0.730848456710957
"2020-2024","1",0.715104999361955
"2020-2024","1",0.783048718044767
"2020-2024","1",0.759816732419068
"2020-2024","1",0.739010760959058
"2020-2024","1",0.739266291460594
"2020-2024","1",0.761290981929613
"2020-2024","1",0.751112436506528
"2020-2024","1",0.741537485652346
"2020-2024","1",0.753415814324478
"2020-2024","1",0.737427928592612
"2020-2024","1",0.744637495504145
"2020-2024","1",0.743380813384788
"2020-2024","1",0.759711156337415
"2020-2024","1",0.781825549970522
"2020-2024","1",0.76622779652795
"2020-2024","1",0.739667483924462
"2020-2024","1",0.736101219639273
"2020-2024","1",0.743055348506637
"2020-2024","1",0.747155468742047
"2020-2024","1",0.745167844698199
"2020-2024","1",0.732933836774894
"2020-2024","1",0.757148159956834
"2020-2024","1",0.765307054426045
"2020-2024","1",0.72876093473773
"2020-2024","1",0.756445818721751
"2020-2024","1",0.74834881003512
"2020-2024","1",0.741732279024431
"2020-2024","1",0.771555976401757
"2020-2024","1",0.756151994840572
"2020-2024","1",0.756691115421378
"2020-2024","1",0.760729676130026
"2020-2024","1",0.75386663412178
"2020-2024","1",0.757498035333629
"2020-2024","1",0.783127349791153
"2020-2024","1",0.759196335647586
"2020-2024","1",0.756410766820519
"2020-2024","1",0.775599633460072
"2020-2024","1",0.747520539396627
"2020-2024","1",0.766542366959688
"2020-2024","1",0.762613774527899
"2020-2024","1",0.737525807455325
"2020-2024","1",0.761219607857185
"2020-2024","1",0.763732025625419
"2020-2024","1",0.755451264521132
"2020-2024","1",0.767124555255519
"2020-2024","1",0.757449465581058
"2020-2024","1",0.747495257996547
"2020-2024","1",0.73599797951137
"2020-2024","1",0.751730368164927
"2020-2024","1",0.768035303765586
"2020-2024","1",0.752897497916794
"2020-2024","1",0.769274483571137
"2020-2024","1",0.752063274479188
"2020-2024","1",0.739622987583674
"2020-2024","1",0.7610012291124
"2020-2024","1",0.75970233912822
"2020-2024","1",0.724533375300178
"2020-2024","1",0.774197919927628
"2020-2024","1",0.767323939363825
"2020-2024","1",0.747384776252617
"2020-2024","1",0.74215282301748
"2020-2024","1",0.763522271504542
"2020-2024","1",0.751044830343939
"2020-2024","1",0.738569676672633
"2020-2024","1",0.752971832969078
"2020-2024","1",0.746881688162848
"2020-2024","1",0.76261989961364
"2020-2024","1",0.757655481674874
"2020-2024","1",0.737292368693238
"2020-2024","1",0.749289664351832
"2020-2024","1",0.749166635579959
"2020-2024","1",0.736863019963065
"2020-2024","1",0.748624477817797
"2020-2024","1",0.746819743471706
"2020-2024","1",0.751633916365561
"2020-2024","1",0.738152467702563
"2020-2024","1",0.782058003767356
"2020-2024","1",0.751122509558976
"2020-2024","1",0.744279635749724
"2020-2024","1",0.757572363983219
"2020-2024","1",0.763429600829644
"2020-2024","1",0.749769043216644
"2020-2024","1",0.763373068271772
"2020-2024","1",0.766979950022004
"2020-2024","1",0.771219811235619
"2020-2024","1",0.77030532061304
"2020-2024","1",0.741516327374817
"2020-2024","1",0.760478469282084
"2020-2024","1",0.74461076496705
"2020-2024","1",0.772911018767787
"2020-2024","1",0.745312746596075
"2020-2024","1",0.756816062298082
"2020-2024","1",0.77695298876522
"2020-2024","1",0.759182918766021
"2020-2024","1",0.775913235597927
"2020-2024","1",0.768382475897723
"2020-2024","1",0.747038439937901
"2020-2024","1",0.768132812711792
"2020-2024","1",0.768661202199946
"2020-2024","1",0.748034756347104
"2020-2024","1",0.723271370276364
"2020-2024","1",0.749354098880976
"2020-2024","1",0.735659177705598
"2020-2024","1",0.760294874555897
"2020-2024","1",0.770810526411798
"2020-2024","1",0.753729058072748
"2020-2024","1",0.783585623052802
"2020-2024","1",0.769645919119331
"2020-2024","1",0.748223779223043
"2020-2024","1",0.740023213616824
"2020-2024","1",0.74843488210293
"2020-2024","1",0.766155313264747
"2020-2024","1",0.746449203173411
"2020-2024","1",0.742497281075606
"2020-2024","1",0.730254942576425
"2020-2024","1",0.769833814970372
"2020-2024","1",0.74429442069334
"2020-2024","1",0.758881906494131
"2020-2024","1",0.75840270145716
"2020-2024","1",0.763006486669336
"2020-2024","1",0.740280462831505
"2020-2024","1",0.777075219539422
"2020-2024","1",0.761426303323231
"2020-2024","1",0.746561562704712
"2020-2024","1",0.763765056766476
"2020-2024","1",0.749759583294444
"2020-2024","1",0.758417851340045
"2020-2024","1",0.750743658144588
"2020-2024","1",0.757710768046113
"2020-2024","1",0.756881200064867
"2020-2024","1",0.771053295083308
"2020-2024","1",0.753687334522971
"2020-2024","1",0.771069444188773
"2020-2024","1",0.778001386089936
"2020-2024","1",0.742686849532877
"2020-2024","1",0.736145511354865
"2020-2024","1",0.744151192532052
"2020-2024","1",0.764737118312301
"2020-2024","1",0.736015166918795
"2020-2024","1",0.758029427594219
"2020-2024","1",0.775749706223829
"2020-2024","1",0.756553630635542
"2020-2024","1",0.773605797217608
"2020-2024","1",0.771240733356801
"2020-2024","1",0.754664776132279
"2020-2024","1",0.750091821040481
"2020-2024","1",0.772311193263364
"2020-2024","1",0.744275389038699
"2020-2024","1",0.746622502645932
"2020-2024","1",0.75729710734172
"2020-2024","1",0.756290605305923
"2020-2024","1",0.764930779620659
"2020-2024","1",0.74333942713898
"2020-2024","1",0.733843297181456
"2020-2024","1",0.760040825627044
"2020-2024","1",0.767988247606572
"2020-2024","1",0.750208461811173
"2020-2024","1",0.75386103055405
"2020-2024","1",0.761459834321493
"2020-2024","1",0.752378460847421
"2020-2024","1",0.725465672244305
"2020-2024","1",0.744194980467156
"2020-2024","1",0.76223797137972
"2020-2024","1",0.730677259766011
"2020-2024","1",0.768848129859847
"2020-2024","1",0.762560374361665
"2020-2024","1",0.74838149773416
"2020-2024","1",0.756011480730751
"2020-2024","1",0.762232193613664
"2020-2024","1",0.738457214703424
"2020-2024","1",0.735512767057415
"2020-2024","1",0.762148396002087
"2020-2024","1",0.775841399496965
"2020-2024","1",0.762247878317626
"2020-2024","1",0.741687682995611
"2020-2024","1",0.767060634144917
"2020-2024","1",0.78098446663255
"2020-2024","1",0.736310515931027
"2020-2024","1",0.763478924273934
"2020-2024","1",0.765954100044149
"2020-2024","1",0.756187332772083
"2020-2024","1",0.753186673794586
"2020-2024","1",0.74013891840869
"2020-2024","1",0.76644545541791
"2020-2024","1",0.763013729751262
"2020-2024","1",0.751833431527247
"2020-2024","1",0.75337719466792
"2020-2024","1",0.74993310262975
"2020-2024","1",0.748618415288403
"2020-2024","1",0.760068456626628
"2020-2024","1",0.758688115181397
"2020-2024","1",0.743440281264866
"2020-2024","1",0.761391438835429
"2020-2024","1",0.758128684691815
"2020-2024","1",0.752546937345036
"2020-2024","1",0.760455571902324
"2020-2024","1",0.748395836846152
"2020-2024","1",0.736800115644805
"2020-2024","1",0.755121928193301
"2020-2024","1",0.728009524916327
"2020-2024","1",0.736506617825414
"2020-2024","1",0.763235656857377
"2020-2024","1",0.756275920220774
"2020-2024","1",0.731501042441683
"2020-2024","1",0.755914349735658
"2020-2024","1",0.754008010397174
"2020-2024","1",0.747405108537475
"2020-2024","1",0.753080780488062
"2020-2024","1",0.744686711146543
"2020-2024","1",0.766821365329635
"2020-2024","1",0.750458159846755
"2020-2024","1",0.761022044372718
"2020-2024","1",0.753013628501836
"2020-2024","1",0.743210127128913
"2020-2024","1",0.750206288544726
"2020-2024","1",0.744051219394353
"2020-2024","1",0.759412639682062
"2020-2024","1",0.746254831568292
"2020-2024","1",0.74923926473013
"2020-2024","1",0.762034746086795
"2020-2024","1",0.751166580031729
"2020-2024","1",0.746466592852451
"2020-2024","1",0.739233504777308
"2020-2024","1",0.758691253653343
"2020-2024","1",0.755181083167114
"2020-2024","1",0.755267325712977
"2020-2024","1",0.743619326763949
"2020-2024","1",0.74882201423589
"2020-2024","1",0.726679690677081
"2020-2024","1",0.74247297622923
"2020-2024","1",0.762348711772632
"2020-2024","1",0.7430067863262
"2020-2024","1",0.727818384548949
"2020-2024","1",0.746263633086873
"2020-2024","1",0.765960833086757
"2020-2024","1",0.766474854224789
"2020-2024","1",0.736089716489304
"2020-2024","1",0.744154395524823
"2020-2024","1",0.736057109706012
"2020-2024","1",0.752048272319676
"2020-2024","1",0.743286326104823
"2020-2024","1",0.759304833253137
"2020-2024","1",0.770476050588907
"2020-2024","1",0.756178765876465
"2020-2024","1",0.764035749916279
"2020-2024","1",0.748865348672437
"2020-2024","1",0.76738429622974
"2020-2024","1",0.746493003924682
"2020-2024","1",0.750452351245627
"2020-2024","1",0.733325432452863
"2020-2024","1",0.757931126136161
"2020-2024","1",0.763548042286372
"2020-2024","1",0.753565363476231
"2020-2024","1",0.756454387934768
"2020-2024","1",0.759482590771706
"2020-2024","1",0.763105204669918
"2020-2024","1",0.753162535256146
"2020-2024","1",0.748371049550689
"2020-2024","1",0.750818762957378
"2020-2024","1",0.727954318607386
"2020-2024","1",0.759586148954652
"2020-2024","1",0.753934588290254
"2020-2024","1",0.758099050905871
"2020-2024","1",0.747436308356093
"2020-2024","1",0.757854187948414
"2020-2024","1",0.732171796611419
"2020-2024","1",0.749175281853066
"2020-2024","1",0.778638584834257
"2020-2024","1",0.750489109029034
"2020-2024","1",0.740610820745989
"2020-2024","1",0.737567199556786
"2020-2024","1",0.771027207504486
"2020-2024","1",0.762070049679779
"2020-2024","1",0.757891203158427
"2020-2024","1",0.760874895939256
"2020-2024","1",0.762871764700258
"2020-2024","1",0.76647813082951
"2020-2024","1",0.743390029231062
"2020-2024","1",0.76521013419307
"2020-2024","1",0.749377738055271
"2020-2024","1",0.744048793696033
"2020-2024","1",0.769644796693511
"2020-2024","1",0.754306628033809
"2020-2024","1",0.739856792343903
"2020-2024","1",0.751769607387045
"2020-2024","1",0.741867349067487
"2020-2024","1",0.764361071470573
"2020-2024","1",0.737266178009423
"2020-2024","1",0.765801687308595
"2020-2024","1",0.743152152495776
"2020-2024","1",0.767597668321366
"2020-2024","1",0.76064476375913
"2020-2024","1",0.736967212286935
"2020-2024","1",0.756601516621228
"2020-2024","1",0.760063366017479
"2020-2024","1",0.771528023682118
"2020-2024","1",0.725745619043057
"2020-2024","1",0.760399090635844
"2020-2024","1",0.750704698846675
"2020-2024","1",0.751149464594316
"2020-2024","1",0.749919541743092
"2020-2024","1",0.749869261837805
"2020-2024","1",0.755889590283998
"2020-2024","1",0.745969186676439
"2020-2024","1",0.76374494403608
"2020-2024","1",0.749195675175676
"2020-2024","1",0.753075223575373
"2020-2024","1",0.753343238233118
"2020-2024","1",0.76245354576527
"2020-2024","1",0.755517944178744
"2020-2024","1",0.752038009367376
"2020-2024","1",0.764357303625509
"2020-2024","1",0.736407833591935
"2020-2024","1",0.76857691164907
"2020-2024","1",0.753731265214987
"2020-2024","1",0.770026199359415
"2020-2024","1",0.769063250790048
"2020-2024","1",0.754736639740695
"2020-2024","1",0.758559482746734
"2020-2024","1",0.761172854510115
"2020-2024","1",0.768919129253267
"2020-2024","1",0.768384567150821
"2020-2024","1",0.732034235521281
"2020-2024","1",0.749041954799807
"2020-2024","1",0.763226714615389
"2020-2024","1",0.757465476347973
"2020-2024","1",0.73669262345287
"2020-2024","1",0.742238502842056
"2020-2024","1",0.739736633656398
"2020-2024","1",0.742858706313674
"2020-2024","1",0.773748731929479
"2020-2024","1",0.759521325971322
"2020-2024","1",0.770438138082782
"2020-2024","1",0.757169851094127
"2020-2024","1",0.749879786864948
"2020-2024","1",0.733835484048344
"2020-2024","1",0.776354291917642
"2020-2024","1",0.731982030006951
"2020-2024","1",0.745536911746956
"2020-2024","1",0.729182937949944
"2020-2024","1",0.748503046448544
"2020-2024","1",0.753652894981376
"2020-2024","1",0.761323646124886
"2020-2024","1",0.720930703692323
"2020-2024","1",0.736036626768528
"2020-2024","1",0.751311605312812
"2020-2024","1",0.743813657710867
"2020-2024","1",0.755346817321372
"2020-2024","1",0.739350773234143
"2020-2024","1",0.753583345593109
"2020-2024","1",0.756349670552786
"2020-2024","1",0.766210960844301
"2020-2024","1",0.753396037267318
"2020-2024","1",0.764801051923163
"2020-2024","1",0.772198930551302
"2020-2024","1",0.73150392912699
"2020-2024","1",0.777191782595238
"2020-2024","1",0.738592734082364
"2020-2024","1",0.754316662803116
"2020-2024","1",0.744336024985364
"2020-2024","1",0.752889117225123
"2020-2024","1",0.734023692382101
"2020-2024","1",0.746390097454099
"2020-2024","1",0.765632552866013
"2020-2024","1",0.752725524051934
"2020-2024","1",0.743147131239124
"2020-2024","1",0.742253648108814
"2020-2024","1",0.755973104141229
"2020-2024","1",0.752733220961246
"2020-2024","1",0.767578605439617
"2020-2024","1",0.767186058721552
"2020-2024","1",0.753785135925802
"2020-2024","1",0.734514283624618
"2020-2024","1",0.734507219486364
"2020-2024","1",0.756189198526057
"2020-2024","1",0.754629384440798
"2020-2024","1",0.756460623815057
"2020-2024","1",0.738378415816702
"2020-2024","1",0.74702395465633
"2020-2024","1",0.7709466628002
"2020-2024","1",0.758073461289369
"2020-2024","1",0.750146268290368
"2020-2024","1",0.757444900396831
"2020-2024","1",0.75302650201291
"2020-2024","1",0.757460495038291
"2020-2024","1",0.735613221396113
"2020-2024","1",0.750177329507482
"2020-2024","1",0.761877019256815
"2020-2024","1",0.75017442697138
"2020-2024","1",0.762803817509587
"2020-2024","1",0.756393683661068
"2020-2024","1",0.771655778260312
"2020-2024","1",0.752123713577728
"2020-2024","1",0.752109086830133
"2020-2024","1",0.740082179040097
"2020-2024","1",0.747261060219178
"2020-2024","1",0.739904863976636
"2020-2024","1",0.750313684122087
"2020-2024","1",0.762968839913278
"2020-2024","1",0.742911404248542
"2020-2024","1",0.75552280647305
"2020-2024","1",0.745083125457933
"2020-2024","1",0.75365228939085
"2020-2024","1",0.762602786152057
"2020-2024","1",0.748008385054677
"2020-2024","1",0.743190638160533
"2020-2024","1",0.733936580891398
"2020-2024","1",0.754118232320635
"2020-2024","1",0.749491690182334
"2020-2024","1",0.767180604462024
"2020-2024","1",0.749844270542602
"2020-2024","1",0.756719295631555
"2020-2024","1",0.759015687099779
"2020-2024","1",0.755280215893548
"2020-2024","1",0.742624392703921
"2020-2024","1",0.746477864220771
"2020-2024","1",0.755620263027639
"2020-2024","1",0.776734872387674
"2020-2024","1",0.755533202509689
"2020-2024","1",0.764550763109334
"2020-2024","1",0.749974789188352
"2020-2024","1",0.776035368867964
"2020-2024","1",0.729802074254961
"2020-2024","1",0.752970632369634
"2020-2024","1",0.729649899130209
"2020-2024","1",0.755276751284112
"2020-2024","1",0.780788488073887
"2020-2024","1",0.757519501579429
"2020-2024","1",0.757816449612163
"2020-2024","1",0.741468409340674
"2020-2024","1",0.774331540451498
"2020-2024","1",0.758096453685273
"2020-2024","1",0.758415100913312
"2020-2024","1",0.749871877360608
"2020-2024","1",0.780964180914035
"2020-2024","1",0.75215736470764
"2020-2024","1",0.730179619709086
"2020-2024","1",0.743364321621978
"2020-2024","1",0.784540016768393
"2020-2024","1",0.759419002561692
"2020-2024","1",0.753182951776198
"2020-2024","1",0.742839085666704
"2020-2024","1",0.754167172497323
"2020-2024","1",0.752080025620198
"2020-2024","1",0.765462153117477
"2020-2024","1",0.747975696832726
"2020-2024","1",0.74616450448703
"2020-2024","1",0.752133048539455
"2020-2024","1",0.733696182907273
"2020-2024","1",0.749127291292713
"2020-2024","1",0.763627987450855
"2020-2024","1",0.749128144976536
"2020-2024","1",0.757664691410759
"2020-2024","1",0.75587323142346
"2020-2024","1",0.734849031269015
"2020-2024","1",0.748976995450808
"2020-2024","1",0.723617094366908
"2020-2024","1",0.772577549629319
"2020-2024","1",0.744188744957118
"2020-2024","1",0.756019573106454
"2020-2024","1",0.781890704660279
"2020-2024","1",0.755463552309001
"2020-2024","1",0.7704839676153
"2020-2024","1",0.738848533752347
"2020-2024","1",0.758499064242287
"2020-2024","1",0.749529893515442
"2020-2024","1",0.753575274153405
"2020-2024","1",0.779441916987954
"2020-2024","1",0.752567138227367
"2020-2024","1",0.759915424276995
"2020-2024","1",0.75755701066831
"2020-2024","1",0.747488353537371
"2020-2024","1",0.763888867366071
"2020-2024","1",0.731378421196372
"2020-2024","1",0.754669931654131
"2020-2024","1",0.742097870206111
"2020-2024","1",0.752339582078872
"2020-2024","1",0.765338369316747
"2020-2024","1",0.738159102640589
"2020-2024","1",0.749259912224034
"2020-2024","1",0.74196368639744
"2020-2024","1",0.754470921906323
"2020-2024","1",0.743748062622452
"2020-2024","1",0.738966651765438
"2020-2024","1",0.740332976044261
"2020-2024","1",0.72761611326238
"2020-2024","1",0.765171488592171
"2020-2024","1",0.74950734989378
"2020-2024","1",0.757255425836249
"2020-2024","1",0.749273558370129
"2020-2024","1",0.732891000645632
"2020-2024","1",0.742962971385115
"2020-2024","1",0.775680898635104
"2020-2024","1",0.752843739972518
"2020-2024","1",0.765697057828465
"2020-2024","1",0.773225868611428
"2020-2024","1",0.769674872315796
"2020-2024","1",0.747404397194248
"2020-2024","1",0.748672895375439
"2020-2024","1",0.74022068429437
"2020-2024","1",0.770862422230986
"2020-2024","1",0.762665951367771
"2020-2024","1",0.759787681670633
"2020-2024","1",0.74815437302053
"2020-2024","1",0.75253070335596
"2020-2024","1",0.774849756640903
"2020-2024","1",0.774645358252447
"2020-2024","2",0.859929796883769
"2020-2024","2",0.881624310924084
"2020-2024","2",0.857952011870927
"2020-2024","2",0.880510600229533
"2020-2024","2",0.89702760475643
"2020-2024","2",0.888718707037962
"2020-2024","2",0.886022297044826
"2020-2024","2",0.870549999368062
"2020-2024","2",0.914141136882383
"2020-2024","2",0.83749258671899
"2020-2024","2",0.873647488620893
"2020-2024","2",0.889561442369351
"2020-2024","2",0.916229714944984
"2020-2024","2",0.889099989650404
"2020-2024","2",0.890163542690464
"2020-2024","2",0.88075068496799
"2020-2024","2",0.886927119837237
"2020-2024","2",0.915117879459829
"2020-2024","2",0.894133605180126
"2020-2024","2",0.895153891205068
"2020-2024","2",0.852953631334882
"2020-2024","2",0.918271653134287
"2020-2024","2",0.871871163771685
"2020-2024","2",0.886775984168843
"2020-2024","2",0.888518386072996
"2020-2024","2",0.908855565926088
"2020-2024","2",0.870371324914921
"2020-2024","2",0.869045525837466
"2020-2024","2",0.887584615414687
"2020-2024","2",0.855659354867969
"2020-2024","2",0.860526711236142
"2020-2024","2",0.868868894422072
"2020-2024","2",0.861897386334709
"2020-2024","2",0.900610549942019
"2020-2024","2",0.889005209855955
"2020-2024","2",0.833268022332955
"2020-2024","2",0.90455865612573
"2020-2024","2",0.897785321106623
"2020-2024","2",0.905378008060794
"2020-2024","2",0.853867160725421
"2020-2024","2",0.847964546006651
"2020-2024","2",0.916879497497001
"2020-2024","2",0.87492441946875
"2020-2024","2",0.924659873447859
"2020-2024","2",0.902497648643597
"2020-2024","2",0.841299873472347
"2020-2024","2",0.901021387432155
"2020-2024","2",0.894101299690043
"2020-2024","2",0.87909752497086
"2020-2024","2",0.842104374983763
"2020-2024","2",0.924688674856932
"2020-2024","2",0.887627603584154
"2020-2024","2",0.865424047773094
"2020-2024","2",0.865779664413099
"2020-2024","2",0.866238081386289
"2020-2024","2",0.901861498814169
"2020-2024","2",0.860844273684243
"2020-2024","2",0.926813142819752
"2020-2024","2",0.880275233080659
"2020-2024","2",0.895787602970037
"2020-2024","2",0.893879041187727
"2020-2024","2",0.868350311602542
"2020-2024","2",0.881376234372296
"2020-2024","2",0.854644658089764
"2020-2024","2",0.89477245096161
"2020-2024","2",0.915285750408154
"2020-2024","2",0.907361009993253
"2020-2024","2",0.842188996045341
"2020-2024","2",0.898832740915673
"2020-2024","2",0.860689190949208
"2020-2024","2",0.925340768725494
"2020-2024","2",0.912613907162561
"2020-2024","2",0.882898025485217
"2020-2024","2",0.808900765962813
"2020-2024","2",0.894467315997374
"2020-2024","2",0.88986822282218
"2020-2024","2",0.862417873984681
"2020-2024","2",0.884363536636668
"2020-2024","2",0.917532705566848
"2020-2024","2",0.872096317610365
"2020-2024","2",0.893081116101248
"2020-2024","2",0.869216615430015
"2020-2024","2",0.874244084243376
"2020-2024","2",0.895437142368367
"2020-2024","2",0.859479664075336
"2020-2024","2",0.885501201220365
"2020-2024","2",0.915898304874876
"2020-2024","2",0.889973801357143
"2020-2024","2",0.829322871208509
"2020-2024","2",0.867686981571384
"2020-2024","2",0.887507315276334
"2020-2024","2",0.8737347626278
"2020-2024","2",0.865394233049932
"2020-2024","2",0.873563190053429
"2020-2024","2",0.904760716997095
"2020-2024","2",0.863627918216242
"2020-2024","2",0.880378433132731
"2020-2024","2",0.874188193807395
"2020-2024","2",0.86488571750751
"2020-2024","2",0.863927651789827
"2020-2024","2",0.883999724051203
"2020-2024","2",0.884738326040549
"2020-2024","2",0.89657402068163
"2020-2024","2",0.891441763338841
"2020-2024","2",0.896332458583446
"2020-2024","2",0.905974682317186
"2020-2024","2",0.854310728013438
"2020-2024","2",0.877871782123185
"2020-2024","2",0.871000365049537
"2020-2024","2",0.94610544044727
"2020-2024","2",0.866571343615986
"2020-2024","2",0.887093802409649
"2020-2024","2",0.896772801716519
"2020-2024","2",0.902366632380465
"2020-2024","2",0.89118685842408
"2020-2024","2",0.875358304236018
"2020-2024","2",0.873157798395448
"2020-2024","2",0.896130784361105
"2020-2024","2",0.891606599383729
"2020-2024","2",0.871502834578734
"2020-2024","2",0.866889064966407
"2020-2024","2",0.898251173413188
"2020-2024","2",0.900972197617245
"2020-2024","2",0.892422927828914
"2020-2024","2",0.913924064959659
"2020-2024","2",0.899563248604898
"2020-2024","2",0.914988718640452
"2020-2024","2",0.905321342562559
"2020-2024","2",0.85981563613071
"2020-2024","2",0.880043741706119
"2020-2024","2",0.868191040129811
"2020-2024","2",0.894826991503271
"2020-2024","2",0.853231969744505
"2020-2024","2",0.869032177830208
"2020-2024","2",0.866498444157316
"2020-2024","2",0.857133825732504
"2020-2024","2",0.852843070509585
"2020-2024","2",0.898826513380576
"2020-2024","2",0.940054273396482
"2020-2024","2",0.869928078858338
"2020-2024","2",0.867866527341528
"2020-2024","2",0.918224977036561
"2020-2024","2",0.856570593294188
"2020-2024","2",0.899807359501432
"2020-2024","2",0.861915637012309
"2020-2024","2",0.879939735728476
"2020-2024","2",0.889312914711904
"2020-2024","2",0.913514008622627
"2020-2024","2",0.877446156447643
"2020-2024","2",0.866955776232134
"2020-2024","2",0.875662063053798
"2020-2024","2",0.875939817334612
"2020-2024","2",0.873781975782471
"2020-2024","2",0.874119230261755
"2020-2024","2",0.903870633134886
"2020-2024","2",0.903446031130368
"2020-2024","2",0.891753973991445
"2020-2024","2",0.894292989912133
"2020-2024","2",0.881884114102018
"2020-2024","2",0.918970145998708
"2020-2024","2",0.878032292042275
"2020-2024","2",0.896501541751989
"2020-2024","2",0.869969341842824
"2020-2024","2",0.845695283044871
"2020-2024","2",0.86183523295656
"2020-2024","2",0.893716900457259
"2020-2024","2",0.871535256192038
"2020-2024","2",0.89791191891237
"2020-2024","2",0.909262991608791
"2020-2024","2",0.888593945400518
"2020-2024","2",0.878349777372905
"2020-2024","2",0.880215501977491
"2020-2024","2",0.867511453315452
"2020-2024","2",0.886454031691455
"2020-2024","2",0.891515622020591
"2020-2024","2",0.881636567609534
"2020-2024","2",0.854507456104876
"2020-2024","2",0.909468024859588
"2020-2024","2",0.875072192091085
"2020-2024","2",0.923630858770556
"2020-2024","2",0.897387240562334
"2020-2024","2",0.886905834258225
"2020-2024","2",0.888231474223376
"2020-2024","2",0.873533257789722
"2020-2024","2",0.900456761713035
"2020-2024","2",0.861040566430093
"2020-2024","2",0.881922843731581
"2020-2024","2",0.877484499999973
"2020-2024","2",0.868999792325632
"2020-2024","2",0.90183547599181
"2020-2024","2",0.924572442499622
"2020-2024","2",0.875866238473275
"2020-2024","2",0.865564072561359
"2020-2024","2",0.857367868009278
"2020-2024","2",0.845492645989824
"2020-2024","2",0.889474010908339
"2020-2024","2",0.899241120242333
"2020-2024","2",0.919326349961224
"2020-2024","2",0.848034365907044
"2020-2024","2",0.881929651469048
"2020-2024","2",0.915387732795935
"2020-2024","2",0.888845332119142
"2020-2024","2",0.850260720403064
"2020-2024","2",0.885054193934562
"2020-2024","2",0.870352453639701
"2020-2024","2",0.872083327710189
"2020-2024","2",0.875250180563117
"2020-2024","2",0.881578203620848
"2020-2024","2",0.903764797980707
"2020-2024","2",0.845905035608408
"2020-2024","2",0.890896645268193
"2020-2024","2",0.889984332650082
"2020-2024","2",0.900154588002727
"2020-2024","2",0.852625186570212
"2020-2024","2",0.874532474245936
"2020-2024","2",0.860977785966037
"2020-2024","2",0.923965743633897
"2020-2024","2",0.897977772620517
"2020-2024","2",0.890477573066681
"2020-2024","2",0.891935460943442
"2020-2024","2",0.926809453146188
"2020-2024","2",0.903075368043799
"2020-2024","2",0.904834795483444
"2020-2024","2",0.889978222324184
"2020-2024","2",0.925402610932201
"2020-2024","2",0.899514052725001
"2020-2024","2",0.893026896422571
"2020-2024","2",0.88830068172982
"2020-2024","2",0.889554563823533
"2020-2024","2",0.857776688535027
"2020-2024","2",0.890528207624868
"2020-2024","2",0.869831638100211
"2020-2024","2",0.84183412490748
"2020-2024","2",0.871524060023668
"2020-2024","2",0.903337762019617
"2020-2024","2",0.921888602578007
"2020-2024","2",0.918996425712346
"2020-2024","2",0.896418176086987
"2020-2024","2",0.89491073803268
"2020-2024","2",0.887639174631946
"2020-2024","2",0.883401087370132
"2020-2024","2",0.873199237275876
"2020-2024","2",0.831281548050659
"2020-2024","2",0.906720423473929
"2020-2024","2",0.848667692796137
"2020-2024","2",0.878570978411609
"2020-2024","2",0.917110370844375
"2020-2024","2",0.916393074098498
"2020-2024","2",0.886734011233765
"2020-2024","2",0.864347749076192
"2020-2024","2",0.8601352083969
"2020-2024","2",0.825199332933448
"2020-2024","2",0.902630444418279
"2020-2024","2",0.878893554766291
"2020-2024","2",0.885295569500815
"2020-2024","2",0.899791107319339
"2020-2024","2",0.905138612243918
"2020-2024","2",0.87887822608563
"2020-2024","2",0.855792138516487
"2020-2024","2",0.870205187845218
"2020-2024","2",0.882732896080468
"2020-2024","2",0.893408845186369
"2020-2024","2",0.945713476683438
"2020-2024","2",0.88236264030579
"2020-2024","2",0.901534042627123
"2020-2024","2",0.844025502356361
"2020-2024","2",0.89518581363854
"2020-2024","2",0.835932865823102
"2020-2024","2",0.881864776661572
"2020-2024","2",0.87475653850663
"2020-2024","2",0.921886014069807
"2020-2024","2",0.874799056693838
"2020-2024","2",0.904852417094987
"2020-2024","2",0.889609709345524
"2020-2024","2",0.914570032981348
"2020-2024","2",0.865729460758395
"2020-2024","2",0.86841020911324
"2020-2024","2",0.879830627802891
"2020-2024","2",0.862405788245513
"2020-2024","2",0.892462656529613
"2020-2024","2",0.875077732860279
"2020-2024","2",0.863031028252479
"2020-2024","2",0.917565258987543
"2020-2024","2",0.872101360708563
"2020-2024","2",0.878902140371668
"2020-2024","2",0.876268163883378
"2020-2024","2",0.862010072613934
"2020-2024","2",0.875783260578851
"2020-2024","2",0.897150339662322
"2020-2024","2",0.862522886232772
"2020-2024","2",0.862791681174783
"2020-2024","2",0.855084825712895
"2020-2024","2",0.845112540483055
"2020-2024","2",0.873495943621376
"2020-2024","2",0.887572114671201
"2020-2024","2",0.857151325724978
"2020-2024","2",0.879385162362316
"2020-2024","2",0.849763857038011
"2020-2024","2",0.905965620020341
"2020-2024","2",0.902882652540818
"2020-2024","2",0.874588752864384
"2020-2024","2",0.901207952291548
"2020-2024","2",0.877169940615715
"2020-2024","2",0.876511721548
"2020-2024","2",0.891244492803358
"2020-2024","2",0.880352338529693
"2020-2024","2",0.884342896054802
"2020-2024","2",0.888613500350001
"2020-2024","2",0.872143759048773
"2020-2024","2",0.882059005320405
"2020-2024","2",0.917255149625797
"2020-2024","2",0.863459203438148
"2020-2024","2",0.876268074126992
"2020-2024","2",0.855498692126015
"2020-2024","2",0.902313712733247
"2020-2024","2",0.890961702271139
"2020-2024","2",0.906009163899626
"2020-2024","2",0.917127674806397
"2020-2024","2",0.906183572015284
"2020-2024","2",0.927344109190139
"2020-2024","2",0.848081668762583
"2020-2024","2",0.909672352551343
"2020-2024","2",0.888075248118809
"2020-2024","2",0.855651209056062
"2020-2024","2",0.90270404032212
"2020-2024","2",0.92441871865827
"2020-2024","2",0.852734586852203
"2020-2024","2",0.899434982096327
"2020-2024","2",0.850428744906181
"2020-2024","2",0.864270606119636
"2020-2024","2",0.907310471705232
"2020-2024","2",0.895238350684177
"2020-2024","2",0.890399600166614
"2020-2024","2",0.883987755306315
"2020-2024","2",0.875909396677527
"2020-2024","2",0.867827717716692
"2020-2024","2",0.912422945581574
"2020-2024","2",0.885074805683937
"2020-2024","2",0.870376856622358
"2020-2024","2",0.873356792649607
"2020-2024","2",0.891689081251991
"2020-2024","2",0.900766109318395
"2020-2024","2",0.873031939099697
"2020-2024","2",0.908344708629983
"2020-2024","2",0.867905736774137
"2020-2024","2",0.858225306086516
"2020-2024","2",0.897565288647152
"2020-2024","2",0.870162001703891
"2020-2024","2",0.894850123719042
"2020-2024","2",0.91540363556949
"2020-2024","2",0.870523312531096
"2020-2024","2",0.91445995024181
"2020-2024","2",0.860668856516791
"2020-2024","2",0.872727373312274
"2020-2024","2",0.880775089162508
"2020-2024","2",0.867977048612109
"2020-2024","2",0.897967576213683
"2020-2024","2",0.880642729200785
"2020-2024","2",0.89398168413585
"2020-2024","2",0.859004191012933
"2020-2024","2",0.86030573210408
"2020-2024","2",0.883254068351374
"2020-2024","2",0.927340817795102
"2020-2024","2",0.868122297322318
"2020-2024","2",0.87246967876495
"2020-2024","2",0.895389234612696
"2020-2024","2",0.861494819958485
"2020-2024","2",0.886824262548941
"2020-2024","2",0.908642112373136
"2020-2024","2",0.924805018249473
"2020-2024","2",0.887175301798055
"2020-2024","2",0.845239232129712
"2020-2024","2",0.877056380485346
"2020-2024","2",0.90160886144044
"2020-2024","2",0.870259223241865
"2020-2024","2",0.893355383817203
"2020-2024","2",0.912098960412003
"2020-2024","2",0.885804616289943
"2020-2024","2",0.885906141921725
"2020-2024","2",0.883545757044042
"2020-2024","2",0.891761029426318
"2020-2024","2",0.877923960218416
"2020-2024","2",0.890899888236117
"2020-2024","2",0.853420369376262
"2020-2024","2",0.876253925837204
"2020-2024","2",0.903266726820084
"2020-2024","2",0.865503365827546
"2020-2024","2",0.882099530394341
"2020-2024","2",0.923947906172296
"2020-2024","2",0.950939489182954
"2020-2024","2",0.894784975871802
"2020-2024","2",0.867840951618591
"2020-2024","2",0.888623762848644
"2020-2024","2",0.899703912341102
"2020-2024","2",0.860255277984595
"2020-2024","2",0.834888623451252
"2020-2024","2",0.900917512613108
"2020-2024","2",0.899410868281947
"2020-2024","2",0.831975116012689
"2020-2024","2",0.901300338283572
"2020-2024","2",0.891765444581516
"2020-2024","2",0.890810860106725
"2020-2024","2",0.897008439060407
"2020-2024","2",0.856065076896663
"2020-2024","2",0.897912514656877
"2020-2024","2",0.880200443906499
"2020-2024","2",0.873711320345361
"2020-2024","2",0.878296387173087
"2020-2024","2",0.87467638229861
"2020-2024","2",0.85413302942441
"2020-2024","2",0.880987165584764
"2020-2024","2",0.88826294328164
"2020-2024","2",0.853490588331624
"2020-2024","2",0.868837903643187
"2020-2024","2",0.863498867668369
"2020-2024","2",0.892466412156185
"2020-2024","2",0.909612153589004
"2020-2024","2",0.886191592971691
"2020-2024","2",0.864618674753243
"2020-2024","2",0.856914240145468
"2020-2024","2",0.897495923904282
"2020-2024","2",0.87206871893459
"2020-2024","2",0.900979395815378
"2020-2024","2",0.876957841796594
"2020-2024","2",0.837891166256234
"2020-2024","2",0.916861753171624
"2020-2024","2",0.890305891184441
"2020-2024","2",0.914854087792254
"2020-2024","2",0.899691711395087
"2020-2024","2",0.918922300830469
"2020-2024","2",0.879870745042214
"2020-2024","2",0.857521039632743
"2020-2024","2",0.885980381717657
"2020-2024","2",0.857770571948427
"2020-2024","2",0.883065715150811
"2020-2024","2",0.882296762607163
"2020-2024","2",0.875551212641236
"2020-2024","2",0.83921921979282
"2020-2024","2",0.86255492175657
"2020-2024","2",0.878531706339281
"2020-2024","2",0.890995563769972
"2020-2024","2",0.91638092713233
"2020-2024","2",0.903005552977755
"2020-2024","2",0.915018549518416
"2020-2024","2",0.874308905276323
"2020-2024","2",0.888387588267731
"2020-2024","2",0.899680988436055
"2020-2024","2",0.912930210799363
"2020-2024","2",0.878809706113219
"2020-2024","2",0.896146686766526
"2020-2024","2",0.908019311158126
"2020-2024","2",0.883961435647015
"2020-2024","2",0.836998443448169
"2020-2024","2",0.869590039011366
"2020-2024","2",0.849342559321542
"2020-2024","2",0.868090360181746
"2020-2024","2",0.862716338791488
"2020-2024","2",0.900204676973983
"2020-2024","2",0.878508761888978
"2020-2024","2",0.892671050922793
"2020-2024","2",0.88740467116593
"2020-2024","2",0.855539966723462
"2020-2024","2",0.869063088150317
"2020-2024","2",0.858953490371582
"2020-2024","2",0.846130477231956
"2020-2024","2",0.89405145180972
"2020-2024","2",0.871471947114346
"2020-2024","2",0.886667276689715
"2020-2024","2",0.893279306262486
"2020-2024","2",0.871353178815899
"2020-2024","2",0.92109179039182
"2020-2024","2",0.907979571578781
"2020-2024","2",0.882086422334237
"2020-2024","2",0.899329302908314
"2020-2024","2",0.852558223669312
"2020-2024","2",0.886190348419847
"2020-2024","2",0.877054896855716
"2020-2024","2",0.903900039789324
"2020-2024","2",0.904084613833418
"2020-2024","2",0.833601707290741
"2020-2024","2",0.87964841303137
"2020-2024","2",0.873012852187409
"2020-2024","2",0.870464180400748
"2020-2024","2",0.882001753420306
"2020-2024","2",0.864840982902756
"2020-2024","2",0.898091043653526
"2020-2024","2",0.880386990034205
"2020-2024","2",0.86137659616637
"2020-2024","2",0.888511946227305
"2020-2024","2",0.886232401801994
"2020-2024","2",0.900071098137433
"2020-2024","2",0.904018695737709
"2020-2024","2",0.848555912280135
"2020-2024","2",0.880383254784072
"2020-2024","2",0.859512774379129
"2020-2024","2",0.872533303374099
"2020-2024","2",0.878838942445214
"2020-2024","2",0.86394602121777
"2020-2024","2",0.887519723320565
"2020-2024","2",0.856167768937858
"2020-2024","2",0.891586648956308
"2020-2024","2",0.887257811641761
"2020-2024","2",0.891707625909231
"2020-2024","2",0.85816029264087
"2020-2024","2",0.89733963525102
"2020-2024","2",0.870438549275488
"2020-2024","2",0.870606589209701
"2020-2024","2",0.845074734168714
"2020-2024","2",0.895594204532455
"2020-2024","2",0.878883038510329
"2020-2024","2",0.86781222672222
"2020-2024","2",0.874202315675031
"2020-2024","2",0.907222608858953
"2020-2024","2",0.865372091117295
"2020-2024","2",0.884166319309883
"2020-2024","2",0.898049391518308
"2020-2024","2",0.911772461387936
"2020-2024","2",0.911727916249065
"2020-2024","2",0.908500112964532
"2020-2024","2",0.913114399434515
"2020-2024","2",0.883250050630445
"2020-2024","2",0.887189012960584
"2020-2024","2",0.898156950113378
"2020-2024","2",0.902521650085246
"2020-2024","2",0.89502479950235
"2020-2024","2",0.858710596833496
"2020-2024","2",0.871840932830853
"2020-2024","2",0.860006062255549
"2020-2024","2",0.878729446786884
"2020-2024","2",0.884022303764685
"2020-2024","2",0.848823126660434
"2020-2024","2",0.839673993422628
"2020-2024","2",0.914942348148861
"2020-2024","2",0.871976881666974
"2020-2024","2",0.877685571004177
"2020-2024","2",0.864842490503387
"2020-2024","2",0.895991798446425
"2020-2024","2",0.892910823186043
"2020-2024","2",0.876246771986046
"2020-2024","2",0.853189810658591
"2020-2024","2",0.883590071586667
"2020-2024","2",0.902783119879525
"2020-2024","2",0.929123342440803
"2020-2024","2",0.880210864788706
"2020-2024","2",0.863303678884788
"2020-2024","2",0.887847222314048
"2020-2024","2",0.883275744861106
"2020-2024","2",0.883088284452569
"2020-2024","2",0.908227001831054
"2020-2024","2",0.884700509512705
"2020-2024","2",0.841218390744745
"2020-2024","2",0.882159493747947
"2020-2024","2",0.91104028038415
"2020-2024","2",0.892805055397341
"2020-2024","2",0.914158435504515
"2020-2024","2",0.864227688425772
"2020-2024","2",0.876747472118655
"2020-2024","2",0.927067106428177
"2020-2024","2",0.898197534108069
"2020-2024","2",0.908939049302667
"2020-2024","2",0.833263090609661
"2020-2024","2",0.902293976365743
"2020-2024","2",0.856216478534194
"2020-2024","2",0.843035888901542
"2020-2024","2",0.842528102566842
"2020-2024","2",0.865166135976543
"2020-2024","2",0.847922387433047
"2020-2024","2",0.913806358873221
"2020-2024","2",0.861932400515067
"2020-2024","2",0.890684636414268
"2020-2024","2",0.876011944929111
"2020-2024","2",0.899028030232182
"2020-2024","2",0.864807305674747
"2020-2024","2",0.850778642338306
"2020-2024","2",0.866791973971445
"2020-2024","2",0.866606204581283
"2020-2024","2",0.854074584701093
"2020-2024","2",0.890526352464271
"2020-2024","2",0.886346833572873
"2020-2024","2",0.86863746133622
"2020-2024","2",0.876253837727823
"2020-2024","2",0.887316982279006
"2020-2024","2",0.878175646618484
"2020-2024","2",0.90401901400842
"2020-2024","2",0.866334617567705
"2020-2024","2",0.883199943043414
"2020-2024","2",0.890247675208211
"2020-2024","2",0.94350873596901
"2020-2024","2",0.882697923384922
"2020-2024","2",0.887335138444872
"2020-2024","2",0.899635699712325
"2020-2024","2",0.886745017900692
"2020-2024","2",0.87215522229847
"2020-2024","2",0.848136557050239
"2020-2024","2",0.869609737998641
"2020-2024","2",0.864744301068708
"2020-2024","2",0.847017924485626
"2020-2024","2",0.907114091076018
"2020-2024","2",0.849765566934371
"2020-2024","2",0.884550242079446
"2020-2024","2",0.910245934734837
"2020-2024","2",0.876337228753446
"2020-2024","2",0.894607955824761
"2020-2024","2",0.913822226130892
"2020-2024","2",0.870987305650703
"2020-2024","2",0.886759626817083
"2020-2024","2",0.861036501344311
"2020-2024","2",0.895245615201112
"2020-2024","2",0.889780566853267
"2020-2024","2",0.884743346134626
"2020-2024","2",0.866788513806435
"2020-2024","2",0.857099761525514
"2020-2024","2",0.859749769602427
"2020-2024","2",0.882036472710353
"2020-2024","2",0.913332426010382
"2020-2024","2",0.840230013412742
"2020-2024","2",0.851722647163324
"2020-2024","2",0.862980785708691
"2020-2024","2",0.891850950514079
"2020-2024","2",0.905232691848902
"2020-2024","2",0.91837375763268
"2020-2024","2",0.88083511994509
"2020-2024","2",0.877004203473594
"2020-2024","2",0.82486068763773
"2020-2024","2",0.890507480925252
"2020-2024","2",0.896712606004591
"2020-2024","2",0.906811185777618
"2020-2024","2",0.905372645550988
"2020-2024","2",0.893585240422243
"2020-2024","2",0.893799157461372
"2020-2024","2",0.876471997235359
"2020-2024","2",0.872506757344741
"2020-2024","2",0.91008568884906
"2020-2024","2",0.848303564547312
"2020-2024","2",0.883788515971025
"2020-2024","2",0.86823269192804
"2020-2024","2",0.863188615628654
"2020-2024","2",0.874546949514034
"2020-2024","2",0.891838251528514
"2020-2024","2",0.893691607365016
"2020-2024","2",0.91258694980608
"2020-2024","2",0.927820619309138
"2020-2024","2",0.932882362647647
"2020-2024","2",0.868873891850798
"2020-2024","2",0.873034658724419
"2020-2024","2",0.902999833469457
"2020-2024","2",0.866427346938643
"2020-2024","2",0.886497524477029
"2020-2024","2",0.867640173470638
"2020-2024","2",0.859573001315906
"2020-2024","2",0.850712238972847
"2020-2024","2",0.86917583679331
"2020-2024","2",0.863840123953035
"2020-2024","2",0.880024060414353
"2020-2024","2",0.892918056361836
"2020-2024","2",0.883069165657041
"2020-2024","2",0.887311797954393
"2020-2024","2",0.862347583282497
"2020-2024","2",0.897892196098596
"2020-2024","2",0.887060289625662
"2020-2024","2",0.940453756994708
"2020-2024","2",0.886197522440287
"2020-2024","2",0.858779806937205
"2020-2024","2",0.880353370376449
"2020-2024","2",0.886435930273898
"2020-2024","2",0.875783261138666
"2020-2024","2",0.883257242655087
"2020-2024","2",0.896055532430561
"2020-2024","2",0.854588958370323
"2020-2024","2",0.869495858681121
"2020-2024","2",0.894637784139502
"2020-2024","2",0.893015200220605
"2020-2024","2",0.853762901000894
"2020-2024","2",0.861309763821641
"2020-2024","2",0.9227645803188
"2020-2024","2",0.886538197962634
"2020-2024","2",0.898967780033751
"2020-2024","2",0.841876111118661
"2020-2024","2",0.8749601541997
"2020-2024","2",0.87095879631471
"2020-2024","2",0.873333765431459
"2020-2024","2",0.911670767555901
"2020-2024","2",0.924701408830034
"2020-2024","2",0.892899205232788
"2020-2024","2",0.898292684681964
"2020-2024","2",0.875392707702932
"2020-2024","2",0.873625154622596
"2020-2024","2",0.889523424085393
"2020-2024","2",0.876701344880487
"2020-2024","2",0.906268698172529
"2020-2024","2",0.905569330900532
"2020-2024","2",0.864191260168637
"2020-2024","2",0.875798815403582
"2020-2024","2",0.858674680888831
"2020-2024","2",0.818751801934996
"2020-2024","2",0.882768913490333
"2020-2024","2",0.871188592486816
"2020-2024","2",0.908214476772951
"2020-2024","2",0.88809849359365
"2020-2024","2",0.876403662086572
"2020-2024","2",0.876733246505346
"2020-2024","2",0.870935280258989
"2020-2024","2",0.890228721232302
"2020-2024","2",0.885752939462559
"2020-2024","2",0.871850879341438
"2020-2024","2",0.853560651947027
"2020-2024","2",0.901798301793181
"2020-2024","2",0.881765588132512
"2020-2024","2",0.897354440003847
"2020-2024","2",0.867778858161124
"2020-2024","2",0.859858283225514
"2020-2024","2",0.86299606658348
"2020-2024","2",0.886697194268509
"2020-2024","2",0.8781376166977
"2020-2024","2",0.858321475054352
"2020-2024","2",0.874409432920289
"2020-2024","2",0.885299548935523
"2020-2024","2",0.872800795004257
"2020-2024","2",0.880052875112318
"2020-2024","2",0.859468589241531
"2020-2024","2",0.859295008978487
"2020-2024","2",0.867775404490634
"2020-2024","2",0.822354919107511
"2020-2024","2",0.871904925400315
"2020-2024","2",0.851576002953065
"2020-2024","2",0.919084073100162
"2020-2024","2",0.873277223794609
"2020-2024","2",0.885749668810428
"2020-2024","2",0.897100557746262
"2020-2024","2",0.876828108290917
"2020-2024","2",0.882876226317694
"2020-2024","2",0.881431791514697
"2020-2024","2",0.881052869662654
"2020-2024","2",0.893915406370418
"2020-2024","2",0.878952084580414
"2020-2024","2",0.866618502426213
"2020-2024","2",0.878165069485489
"2020-2024","2",0.883032690346617
"2020-2024","2",0.870439573572218
"2020-2024","2",0.880933688340347
"2020-2024","2",0.852052105433163
"2020-2024","2",0.895781528596715
"2020-2024","2",0.90925246846122
"2020-2024","2",0.928467982534103
"2020-2024","2",0.888186690962365
"2020-2024","2",0.895509358870005
"2020-2024","2",0.921326674414959
"2020-2024","2",0.886017974133011
"2020-2024","2",0.86405394607757
"2020-2024","2",0.875263328706742
"2020-2024","2",0.891012195659332
"2020-2024","2",0.882370574394094
"2020-2024","2",0.891834917538892
"2020-2024","2",0.881480117122013
"2020-2024","2",0.930335560682017
"2020-2024","2",0.897113306882923
"2020-2024","2",0.858606131717041
"2020-2024","2",0.913187562830291
"2020-2024","2",0.883811205351439
"2020-2024","2",0.85976155641477
"2020-2024","2",0.880984352744812
"2020-2024","2",0.884268912482798
"2020-2024","2",0.869432798557358
"2020-2024","2",0.923383395848914
"2020-2024","2",0.890116642689164
"2020-2024","2",0.813536137300325
"2020-2024","2",0.851059998609298
"2020-2024","2",0.866855334566264
"2020-2024","2",0.849420132832715
"2020-2024","2",0.890677834396748
"2020-2024","2",0.9111549394941
"2020-2024","2",0.893367968461564
"2020-2024","2",0.895287392805891
"2020-2024","2",0.871265763371211
"2020-2024","2",0.832850914825523
"2020-2024","2",0.897814169571736
"2020-2024","2",0.861973865834632
"2020-2024","2",0.890123996195904
"2020-2024","2",0.85927690832838
"2020-2024","2",0.894536145953211
"2020-2024","2",0.867131169112542
"2020-2024","2",0.865177789008611
"2020-2024","2",0.887013968801795
"2020-2024","2",0.893381429789648
"2020-2024","2",0.91571163285763
"2020-2024","2",0.898581228071752
"2020-2024","2",0.894014285046903
"2020-2024","2",0.863330349480134
"2020-2024","2",0.93187793721437
"2020-2024","2",0.841591983323777
"2020-2024","2",0.854432693632206
"2020-2024","2",0.872306492956061
"2020-2024","2",0.859206786625488
"2020-2024","2",0.899882448064425
"2020-2024","2",0.900712874606712
"2020-2024","2",0.912976469591097
"2020-2024","2",0.890128626841851
"2020-2024","2",0.892354452542215
"2020-2024","2",0.875030166716046
"2020-2024","2",0.880854288327043
"2020-2024","2",0.886698411729212
"2020-2024","2",0.875275640541207
"2020-2024","2",0.850038362330941
"2020-2024","2",0.887585671402096
"2020-2024","2",0.898856131596934
"2020-2024","2",0.899829839547323
"2020-2024","2",0.872399756794825
"2020-2024","2",0.910204981287278
"2020-2024","2",0.91096981439067
"2020-2024","2",0.847241002262128
"2020-2024","2",0.889046624393821
"2020-2024","2",0.905732843174864
"2020-2024","2",0.882406646666959
"2020-2024","2",0.893300400335314
"2020-2024","2",0.924133040729128
"2020-2024","2",0.912595793299354
"2020-2024","2",0.8616942757706
"2020-2024","2",0.897981564725516
"2020-2024","2",0.860608902352465
"2020-2024","2",0.878615347708389
"2020-2024","2",0.86724247494355
"2020-2024","2",0.860351296786455
"2020-2024","2",0.889600327865823
"2020-2024","2",0.91243596050066
"2020-2024","2",0.917352725468975
"2020-2024","2",0.914135906684196
"2020-2024","2",0.862217419984096
"2020-2024","2",0.895489578038464
"2020-2024","2",0.89104018115755
"2020-2024","2",0.89586514440334
"2020-2024","2",0.910728355198495
"2020-2024","2",0.878020206052612
"2020-2024","2",0.896386659674461
"2020-2024","2",0.925071397876689
"2020-2024","2",0.87851921203511
"2020-2024","2",0.832392423539456
"2020-2024","2",0.851521288726644
"2020-2024","2",0.90591257679879
"2020-2024","2",0.883766403434019
"2020-2024","2",0.892114832051736
"2020-2024","2",0.865699299288304
"2020-2024","2",0.858981717560555
"2020-2024","2",0.881521319829768
"2020-2024","2",0.874611495302296
"2020-2024","2",0.888850763262001
"2020-2024","2",0.905763966689302
"2020-2024","2",0.885816243097656
"2020-2024","2",0.875516225646166
"2020-2024","2",0.864915420509407
"2020-2024","2",0.889390420794024
"2020-2024","2",0.868014343034368
"2020-2024","2",0.903219102199426
"2020-2024","2",0.862726288124551
"2020-2024","2",0.896346365585549
"2020-2024","2",0.881750317805972
"2020-2024","2",0.904898448905844
"2020-2024","2",0.914357830451695
"2020-2024","2",0.887080294814167
"2020-2024","2",0.890534902517503
"2020-2024","2",0.893809418706635
"2020-2024","2",0.894872287036316
"2020-2024","2",0.877456521350233
"2020-2024","2",0.910027116303247
"2020-2024","2",0.89842056496929
"2020-2024","2",0.88277510428831
"2020-2024","2",0.910847725654793
"2020-2024","2",0.868785701832975
"2020-2024","2",0.853220085415806
"2020-2024","2",0.900063959419022
"2020-2024","2",0.876110379465428
"2020-2024","2",0.846091717806782
"2020-2024","2",0.844414137797095
"2020-2024","2",0.87825514285229
"2020-2024","2",0.898345324909509
"2020-2024","2",0.875094274794825
"2020-2024","2",0.89248999952406
"2020-2024","2",0.877746023007617
"2020-2024","2",0.88633045589941
"2020-2024","2",0.87897695479822
"2020-2024","2",0.875778398630585
"2020-2024","2",0.846224818600771
"2020-2024","2",0.85374985386436
"2020-2024","2",0.876029481180171
"2020-2024","2",0.864000059522818
"2020-2024","2",0.858302762263313
"2020-2024","2",0.8274657807619
"2020-2024","2",0.857458640335017
"2020-2024","2",0.869163619004951
"2020-2024","2",0.898450618327319
"2020-2024","2",0.898899177637073
"2020-2024","2",0.885238958158732
"2020-2024","2",0.853691257121502
"2020-2024","2",0.862852253463521
"2020-2024","2",0.865279736886173
"2020-2024","2",0.880771519173931
"2020-2024","2",0.884379764115123
"2020-2024","2",0.875932145418753
"2020-2024","2",0.910779178128656
"2020-2024","2",0.884474696392131
"2020-2024","2",0.866739406087739
"2020-2024","2",0.847425864859551
"2020-2024","2",0.845478966235619
"2020-2024","2",0.900748421708958
"2020-2024","2",0.889445431365099
"2020-2024","2",0.875913754072033
"2020-2024","2",0.902260225996338
"2020-2024","2",0.882181581939654
"2020-2024","2",0.863232163893782
"2020-2024","2",0.917864135185246
"2020-2024","2",0.859345445404675
"2020-2024","2",0.898867882295598
"2020-2024","2",0.879465903908658
"2020-2024","2",0.870012722435309
"2020-2024","2",0.868145530900176
"2020-2024","2",0.902554979582994
"2020-2024","2",0.866332854242738
"2020-2024","2",0.904294773096601
"2020-2024","2",0.871497074181016
"2020-2024","2",0.850719391967252
"2020-2024","2",0.91094163116335
"2020-2024","2",0.833921110421611
"2020-2024","2",0.893425616283207
"2020-2024","2",0.884901953468606
"2020-2024","2",0.878720761934862
"2020-2024","2",0.904290270504782
"2020-2024","2",0.903520920337773
"2020-2024","2",0.922437915967546
"2020-2024","2",0.858107519904531
"2020-2024","2",0.863023701411468
"2020-2024","2",0.873680750698815
"2020-2024","2",0.840671038852882
"2020-2024","2",0.881807051032614
"2020-2024","2",0.89756793713247
"2020-2024","2",0.853083795120451
"2020-2024","2",0.916747712162671
"2020-2024","2",0.877896349361841
"2020-2024","2",0.910142365109304
"2020-2024","2",0.883050932554732
"2020-2024","2",0.843540138226218
"2020-2024","2",0.912421527173337
"2020-2024","2",0.902228172627362
"2020-2024","2",0.878243790455775
"2020-2024","2",0.855576752677495
"2020-2024","2",0.881654533948524
"2020-2024","2",0.880894521800473
"2020-2024","2",0.93054063044216
"2020-2024","2",0.840641743653822
"2020-2024","2",0.891750021180899
"2020-2024","2",0.923730618002999
"2020-2024","2",0.868256978507939
"2020-2024","2",0.866569546523284
"2020-2024","2",0.862731375171757
"2020-2024","2",0.88026773745536
"2020-2024","2",0.901478560283004
"2020-2024","2",0.896704189233575
"2020-2024","2",0.897472631239863
"2020-2024","2",0.87693365216956
"2020-2024","2",0.89459020259023
"2020-2024","2",0.919080519926436
"2020-2024","2",0.88556322077097
"2020-2024","2",0.862029617455177
"2020-2024","2",0.901388185202718
"2020-2024","2",0.854672083455732
"2020-2024","2",0.861099520627099
"2020-2024","2",0.891205716887044
"2020-2024","2",0.852230347138372
"2020-2024","2",0.879644966919229
"2020-2024","2",0.86604104227395
"2020-2024","2",0.860807078260635
"2020-2024","2",0.875422704087646
"2020-2024","2",0.877885959972439
"2020-2024","2",0.862733099206228
"2020-2024","2",0.898352280202379
"2020-2024","2",0.850293598412039
"2020-2024","2",0.850251719266459
"2020-2024","2",0.890467218488496
"2020-2024","2",0.86113991167249
"2020-2024","2",0.888631974461207
"2020-2024","2",0.852515389342816
"2020-2024","2",0.869734300327438
"2020-2024","2",0.839280182162602
"2020-2024","2",0.855421005607183
"2020-2024","2",0.880131406563488
"2020-2024","2",0.861348853849863
"2020-2024","2",0.902600510768613
"2020-2024","2",0.920525579463425
"2020-2024","2",0.841810414325828
"2020-2024","2",0.872818797578495
"2020-2024","2",0.903405160647896
"2020-2024","2",0.886723312005099
"2020-2024","2",0.877923835381156
"2020-2024","2",0.879108493056912
"2020-2024","2",0.90255700527842
"2020-2024","2",0.868588818399882
"2020-2024","2",0.858364484223777
"2020-2024","2",0.911744734247587
"2020-2024","2",0.90160140172647
"2020-2024","2",0.928327652481645
"2020-2024","2",0.861484712800202
"2020-2024","2",0.932697219305152
"2020-2024","3",0.967360991118755
"2020-2024","3",1
"2020-2024","3",1
"2020-2024","3",0.986725623658813
"2020-2024","3",0.977324227044465
"2020-2024","3",1
"2020-2024","3",1
"2020-2024","3",1
"2020-2024","3",0.957994386979014
"2020-2024","3",1
"2020-2024","3",0.991025892426992
"2020-2024","3",1
"2020-2024","3",0.943347805482727
"2020-2024","3",1
"2020-2024","3",0.9573341013501
"2020-2024","3",0.990648219107581
"2020-2024","3",0.985996183301662
"2020-2024","3",1
"2020-2024","3",0.985197255703058
"2020-2024","3",0.979815704140082
"2020-2024","3",0.942951273667993
"2020-2024","3",0.996898972972511
"2020-2024","3",0.932405634982968
"2020-2024","3",0.990717606968311
"2020-2024","3",0.981120377971877
"2020-2024","3",1
"2020-2024","3",0.995562885217107
"2020-2024","3",0.980822788288695
"2020-2024","3",1
"2020-2024","3",0.93604197369262
"2020-2024","3",0.970150560122161
"2020-2024","3",1
"2020-2024","3",0.989253323662373
"2020-2024","3",0.930429842227327
"2020-2024","3",0.948369628378556
"2020-2024","3",0.950376607447815
"2020-2024","3",1
"2020-2024","3",1
"2020-2024","3",0.986370679188159
"2020-2024","3",1
"2020-2024","3",1
"2020-2024","3",0.991453254880488
"2020-2024","3",0.971640443827946
"2020-2024","3",0.995753620272219
"2020-2024","3",0.926086768980318
"2020-2024","3",1
"2020-2024","3",0.94670836579038
"2020-2024","3",0.968857474769721
"2020-2024","3",1
"2020-2024","3",0.998083698184726
"2020-2024","3",1
"2020-2024","3",1
"2020-2024","3",0.999182586008931
"2020-2024","3",0.974208016887356
"2020-2024","3",0.927560733782681
"2020-2024","3",1
"2020-2024","3",1
"2020-2024","3",0.929702617895168
"2020-2024","3",1
"2020-2024","3",0.944183678324208
"2020-2024","3",1
"2020-2024","3",0.990830310595308
"2020-2024","3",1
"2020-2024","3",0.929383994529833
"2020-2024","3",0.964173875697374
"2020-2024","3",0.955309369710747
"2020-2024","3",1
"2020-2024","3",0.980158174524164
"2020-2024","3",0.925856339043968
"2020-2024","3",0.989810277926624
"2020-2024","3",0.955205792677774
"2020-2024","3",0.952259138807119
"2020-2024","3",0.965946904461294
"2020-2024","3",1
"2020-2024","3",1
"2020-2024","3",0.982654825623811
"2020-2024","3",1
"2020-2024","3",0.991141467526574
"2020-2024","3",0.943659371149996
"2020-2024","3",1
"2020-2024","3",1
"2020-2024","3",1
"2020-2024","3",0.941274050499489
"2020-2024","3",0.936397094273472
"2020-2024","3",0.961989658484589
"2020-2024","3",0.988481589265529
"2020-2024","3",1
"2020-2024","3",1
"2020-2024","3",0.960051496043578
"2020-2024","3",0.96736718418423
"2020-2024","3",0.960121156034014
"2020-2024","3",0.991125500777201
"2020-2024","3",0.930287653448182
"2020-2024","3",0.964427745651734
"2020-2024","3",0.969642376130042
"2020-2024","3",1
"2020-2024","3",0.997150591894413
"2020-2024","3",0.954289496274407
"2020-2024","3",0.971337006980057
"2020-2024","3",0.994516148058438
"2020-2024","3",0.992211625141377
"2020-2024","3",1
"2020-2024","3",0.974703153030767
"2020-2024","3",0.999600378154264
"2020-2024","3",0.953180234028284
"2020-2024","3",0.963437326508047
"2020-2024","3",1
"2020-2024","3",0.965314869427444
"2020-2024","3",0.915116960622034
"2020-2024","3",1
"2020-2024","3",0.992726793205454
"2020-2024","3",1
"2020-2024","3",0.927686049387606
"2020-2024","3",1
"2020-2024","3",0.958915362515105
"2020-2024","3",0.962010495319492
"2020-2024","3",1
"2020-2024","3",1
"2020-2024","3",0.88779672736452
"2020-2024","3",0.913195218324708
"2020-2024","3",1
"2020-2024","3",0.972799069755497
"2020-2024","3",0.98934257785623
"2020-2024","3",1
"2020-2024","3",0.969318080047155
"2020-2024","3",0.99820104778609
"2020-2024","3",0.942787045750585
"2020-2024","3",0.990645991326246
"2020-2024","3",0.96336670273535
"2020-2024","3",1
"2020-2024","3",0.98323593258774
"2020-2024","3",1
"2020-2024","3",0.957382709809039
"2020-2024","3",1
"2020-2024","3",1
"2020-2024","3",0.941784386277307
"2020-2024","3",0.957770945005798
"2020-2024","3",0.986465027773287
"2020-2024","3",0.9626376281891
"2020-2024","3",1
"2020-2024","3",1
"2020-2024","3",0.948986118862708
"2020-2024","3",0.992653991113925
"2020-2024","3",0.969750717838631
"2020-2024","3",1
"2020-2024","3",0.950395485151744
"2020-2024","3",0.97304976565999
"2020-2024","3",0.996544597102303
"2020-2024","3",0.935905181653035
"2020-2024","3",0.980159499558693
"2020-2024","3",0.994579114903477
"2020-2024","3",1
"2020-2024","3",0.994270888034596
"2020-2024","3",1
"2020-2024","3",0.943760416780829
"2020-2024","3",0.996132771347661
"2020-2024","3",0.995609238201021
"2020-2024","3",1
"2020-2024","3",1
"2020-2024","3",0.93856074243448
"2020-2024","3",0.937356692695773
"2020-2024","3",0.995256926979719
"2020-2024","3",0.944993766878654
"2020-2024","3",0.991448353679417
"2020-2024","3",0.956093936450506
"2020-2024","3",0.997743361698835
"2020-2024","3",1
"2020-2024","3",1
"2020-2024","3",1
"2020-2024","3",0.976972473045561
"2020-2024","3",1
"2020-2024","3",0.968302502194273
"2020-2024","3",0.967355915917076
"2020-2024","3",0.98862324220339
"2020-2024","3",1
"2020-2024","3",1
"2020-2024","3",0.928916176810001
"2020-2024","3",0.963440772630893
"2020-2024","3",0.980216436727609
"2020-2024","3",1
"2020-2024","3",1
"2020-2024","3",1
"2020-2024","3",1
"2020-2024","3",1
"2020-2024","3",0.99858473954292
"2020-2024","3",0.947486199739684
"2020-2024","3",1
"2020-2024","3",0.954419536155265
"2020-2024","3",0.964825193602988
"2020-2024","3",1
"2020-2024","3",1
"2020-2024","3",0.947332376487346
"2020-2024","3",1
"2020-2024","3",0.90182294867732
"2020-2024","3",0.991216940352003
"2020-2024","3",0.993684425481498
"2020-2024","3",0.93255111135189
"2020-2024","3",0.99098708189717
"2020-2024","3",1
"2020-2024","3",0.960670741630557
"2020-2024","3",0.961039369854174
"2020-2024","3",0.982541827777338
"2020-2024","3",0.995949706224748
"2020-2024","3",0.941190933410616
"2020-2024","3",1
"2020-2024","3",1
"2020-2024","3",0.963532788683658
"2020-2024","3",1
"2020-2024","3",1
"2020-2024","3",0.994035894570546
"2020-2024","3",0.907589224277349
"2020-2024","3",0.989856631415961
"2020-2024","3",1
"2020-2024","3",1
"2020-2024","3",0.982831047107373
"2020-2024","3",1
"2020-2024","3",0.994444581227676
"2020-2024","3",0.943254306405745
"2020-2024","3",0.909257413156127
"2020-2024","3",0.980626086202031
"2020-2024","3",1
"2020-2024","3",0.955111667928064
"2020-2024","3",1
"2020-2024","3",0.966081560113965
"2020-2024","3",0.928007523890474
"2020-2024","3",1
"2020-2024","3",1
"2020-2024","3",1
"2020-2024","3",1
"2020-2024","3",0.958658833801836
"2020-2024","3",0.998854612166576
"2020-2024","3",1
"2020-2024","3",0.944593934834489
"2020-2024","3",0.997326378290621
"2020-2024","3",1
"2020-2024","3",1
"2020-2024","3",1
"2020-2024","3",0.978650369647259
"2020-2024","3",0.988900686596078
"2020-2024","3",0.995570196713219
"2020-2024","3",1
"2020-2024","3",0.998755051396879
"2020-2024","3",1
"2020-2024","3",0.996351098457971
"2020-2024","3",0.980364623662171
"2020-2024","3",0.971736611042097
"2020-2024","3",1
"2020-2024","3",1
"2020-2024","3",0.966267317805831
"2020-2024","3",0.971961289306693
"2020-2024","3",1
"2020-2024","3",1
"2020-2024","3",0.947106267398151
"2020-2024","3",1
"2020-2024","3",0.943577231114
"2020-2024","3",0.978149389137578
"2020-2024","3",1
"2020-2024","3",1
"2020-2024","3",0.983213616944116
"2020-2024","3",0.974790506564619
"2020-2024","3",0.993532740667193
"2020-2024","3",0.964320315471392
"2020-2024","3",0.921975401831111
"2020-2024","3",1
"2020-2024","3",0.980519280104029
"2020-2024","3",1
"2020-2024","3",1
"2020-2024","3",0.948175090031097
"2020-2024","3",1
"2020-2024","3",1
"2020-2024","3",0.982606898142576
"2020-2024","3",0.994935322181013
"2020-2024","3",0.990032242606329
"2020-2024","3",1
"2020-2024","3",0.956919569507191
"2020-2024","3",0.978648963679467
"2020-2024","3",1
"2020-2024","3",0.962778902658825
"2020-2024","3",0.977220439171681
"2020-2024","3",1
"2020-2024","3",1
"2020-2024","3",0.886399107447096
"2020-2024","3",1
"2020-2024","3",0.973020399286834
"2020-2024","3",0.98919492622104
"2020-2024","3",1
"2020-2024","3",0.995828176249449
"2020-2024","3",1
"2020-2024","3",0.998005738901098
"2020-2024","3",0.944673510348705
"2020-2024","3",1
"2020-2024","3",1
"2020-2024","3",0.953763503220532
"2020-2024","3",0.953392924334666
"2020-2024","3",0.946156204762409
"2020-2024","3",0.977196767742841
"2020-2024","3",0.98052579577336
"2020-2024","3",0.994211346833397
"2020-2024","3",1
"2020-2024","3",0.97853611758129
"2020-2024","3",1
"2020-2024","3",0.95233245742561
"2020-2024","3",1
"2020-2024","3",0.946608972053725
"2020-2024","3",0.997263393091944
"2020-2024","3",0.942149636809516
"2020-2024","3",1
"2020-2024","3",0.984197729015824
"2020-2024","3",0.956297623901672
"2020-2024","3",0.967318236885616
"2020-2024","3",0.967468400490524
"2020-2024","3",1
"2020-2024","3",0.969809735017527
"2020-2024","3",0.951028224604268
"2020-2024","3",0.920474345514869
"2020-2024","3",0.997662770609422
"2020-2024","3",0.97371344549819
"2020-2024","3",0.9586190339713
"2020-2024","3",0.951136989739256
"2020-2024","3",1
"2020-2024","3",0.953728090389931
"2020-2024","3",0.955817005159171
"2020-2024","3",1
"2020-2024","3",0.949678959510159
"2020-2024","3",0.961374432140945
"2020-2024","3",0.940017268490072
"2020-2024","3",0.955403753628569
"2020-2024","3",0.96062631854439
"2020-2024","3",1
"2020-2024","3",0.901329985801603
"2020-2024","3",1
"2020-2024","3",0.989107354770289
"2020-2024","3",1
"2020-2024","3",1
"2020-2024","3",0.946228250713651
"2020-2024","3",0.972564242283446
"2020-2024","3",0.993583738712154
"2020-2024","3",1
"2020-2024","3",0.999080535634774
"2020-2024","3",0.904769065141972
"2020-2024","3",0.890293741895737
"2020-2024","3",1
"2020-2024","3",1
"2020-2024","3",0.910119855858865
"2020-2024","3",0.974415168365788
"2020-2024","3",0.956870377474924
"2020-2024","3",0.94169255832338
"2020-2024","3",1
"2020-2024","3",0.978350338358637
"2020-2024","3",0.957479849951556
"2020-2024","3",1
"2020-2024","3",1
"2020-2024","3",1
"2020-2024","3",1
"2020-2024","3",0.97023039692667
"2020-2024","3",0.988480893221627
"2020-2024","3",0.961509183070906
"2020-2024","3",0.942934344787404
"2020-2024","3",0.987067993209919
"2020-2024","3",1
"2020-2024","3",0.955998507629932
"2020-2024","3",0.913609728257934
"2020-2024","3",0.967865211794936
"2020-2024","3",0.928938753310861
"2020-2024","3",1
"2020-2024","3",1
"2020-2024","3",1
"2020-2024","3",0.96926363267758
"2020-2024","3",0.950982494434998
"2020-2024","3",0.995646566446766
"2020-2024","3",0.9770048163146
"2020-2024","3",1
"2020-2024","3",0.976088651337585
"2020-2024","3",0.960989891947325
"2020-2024","3",1
"2020-2024","3",0.986079340414374
"2020-2024","3",0.986967806912706
"2020-2024","3",1
"2020-2024","3",0.997816428616599
"2020-2024","3",1
"2020-2024","3",0.980384352375705
"2020-2024","3",0.970242665534834
"2020-2024","3",0.939932035649636
"2020-2024","3",0.929691742240188
"2020-2024","3",0.950831054904765
"2020-2024","3",1
"2020-2024","3",0.945086343768252
"2020-2024","3",0.91735625219051
"2020-2024","3",1
"2020-2024","3",0.967665588441485
"2020-2024","3",0.960561333073786
"2020-2024","3",0.950756408063964
"2020-2024","3",0.949736956578834
"2020-2024","3",0.995543042888055
"2020-2024","3",0.979237942957659
"2020-2024","3",0.946855483058133
"2020-2024","3",0.933638949359884
"2020-2024","3",0.953126315982219
"2020-2024","3",1
"2020-2024","3",1
"2020-2024","3",1
"2020-2024","3",0.978239172321702
"2020-2024","3",1
"2020-2024","3",1
"2020-2024","3",0.999327257946615
"2020-2024","3",0.98644387147838
"2020-2024","3",0.934226237154758
"2020-2024","3",0.968736763454208
"2020-2024","3",0.956819208707862
"2020-2024","3",1
"2020-2024","3",0.987172725776218
"2020-2024","3",0.939642589907817
"2020-2024","3",0.960746936268517
"2020-2024","3",1
"2020-2024","3",0.990155113080659
"2020-2024","3",0.992937791884885
"2020-2024","3",0.942434393295023
"2020-2024","3",0.988026599497116
"2020-2024","3",1
"2020-2024","3",0.981729680578785
"2020-2024","3",0.988247223591069
"2020-2024","3",0.94154005166025
"2020-2024","3",1
"2020-2024","3",0.973648335547225
"2020-2024","3",0.998526184263163
"2020-2024","3",0.997615987957904
"2020-2024","3",1
"2020-2024","3",0.995552403770693
"2020-2024","3",0.924983631770707
"2020-2024","3",0.992466918567597
"2020-2024","3",1
"2020-2024","3",0.969153672031443
"2020-2024","3",1
"2020-2024","3",0.984902315698289
"2020-2024","3",1
"2020-2024","3",0.944752752435373
"2020-2024","3",0.986174330346268
"2020-2024","3",0.950734323073954
"2020-2024","3",0.934684230119421
"2020-2024","3",0.959808171808577
"2020-2024","3",1
"2020-2024","3",0.990578514505957
"2020-2024","3",1
"2020-2024","3",1
"2020-2024","3",1
"2020-2024","3",1
"2020-2024","3",0.961706730797477
"2020-2024","3",0.952405741765878
"2020-2024","3",0.93808627767103
"2020-2024","3",1
"2020-2024","3",1
"2020-2024","3",0.971809211622872
"2020-2024","3",0.935695988276475
"2020-2024","3",0.960319109219678
"2020-2024","3",1
"2020-2024","3",0.942572975963243
"2020-2024","3",0.958807100336809
"2020-2024","3",0.996835210460779
"2020-2024","3",0.997243845915015
"2020-2024","3",1
"2020-2024","3",0.98475148920755
"2020-2024","3",0.975259318863684
"2020-2024","3",0.980935382006589
"2020-2024","3",0.987504204409223
"2020-2024","3",1
"2020-2024","3",1
"2020-2024","3",0.989501897104356
"2020-2024","3",0.984744429959011
"2020-2024","3",1
"2020-2024","3",1
"2020-2024","3",1
"2020-2024","3",0.980087687305941
"2020-2024","3",0.999693246365548
"2020-2024","3",0.979404851253008
"2020-2024","3",0.982592745408701
"2020-2024","3",0.994621857848913
"2020-2024","3",0.984450813077805
"2020-2024","3",1
"2020-2024","3",1
"2020-2024","3",1
"2020-2024","3",1
"2020-2024","3",1
"2020-2024","3",0.978414142543484
"2020-2024","3",0.940839466953132
"2020-2024","3",0.998656082179603
"2020-2024","3",0.966263622010843
"2020-2024","3",0.975808120019896
"2020-2024","3",1
"2020-2024","3",0.966771171737993
"2020-2024","3",1
"2020-2024","3",0.990244303357784
"2020-2024","3",1
"2020-2024","3",1
"2020-2024","3",0.965960837160202
"2020-2024","3",1
"2020-2024","3",0.982366499524617
"2020-2024","3",0.920961967156647
"2020-2024","3",0.916564762142691
"2020-2024","3",0.943629451554529
"2020-2024","3",1
"2020-2024","3",1
"2020-2024","3",1
"2020-2024","3",0.94431403182166
"2020-2024","3",0.979512309551095
"2020-2024","3",1
"2020-2024","3",1
"2020-2024","3",0.999748721086915
"2020-2024","3",0.954081425514752
"2020-2024","3",1
"2020-2024","3",0.986068356230277
"2020-2024","3",0.935235612251333
"2020-2024","3",0.965731087525882
"2020-2024","3",1
"2020-2024","3",1
"2020-2024","3",1
"2020-2024","3",0.996833120965148
"2020-2024","3",1
"2020-2024","3",0.926296993729312
"2020-2024","3",0.935975371294316
"2020-2024","3",0.971210495091661
"2020-2024","3",1
"2020-2024","3",0.932025626288352
"2020-2024","3",0.962641721711756
"2020-2024","3",0.983036728198459
"2020-2024","3",0.949885890719365
"2020-2024","3",0.964695378553619
"2020-2024","3",1
"2020-2024","3",0.967241585969158
"2020-2024","3",0.967998747411057
"2020-2024","3",0.960792504743969
"2020-2024","3",1
"2020-2024","3",1
"2020-2024","3",1
"2020-2024","3",1
"2020-2024","3",0.957243869976653
"2020-2024","3",0.989448162620364
"2020-2024","3",1
"2020-2024","3",1
"2020-2024","3",1
"2020-2024","3",1
"2020-2024","3",0.942106682430146
"2020-2024","3",0.968899362428767
"2020-2024","3",0.986908024915043
"2020-2024","3",0.984064424509393
"2020-2024","3",0.964845822880767
"2020-2024","3",0.921724920702965
"2020-2024","3",1
"2020-2024","3",0.985505433531841
"2020-2024","3",1
"2020-2024","3",1
"2020-2024","3",0.984368122164856
"2020-2024","3",1
"2020-2024","3",1
"2020-2024","3",0.940627775129914
"2020-2024","3",0.955311093326351
"2020-2024","3",0.990669138848634
"2020-2024","3",1
"2020-2024","3",0.996527725875543
"2020-2024","3",0.998758962028545
"2020-2024","3",1
"2020-2024","3",0.910108766481372
"2020-2024","3",1
"2020-2024","3",0.966653678143666
"2020-2024","3",1
"2020-2024","3",1
"2020-2024","3",1
"2020-2024","3",0.995560785081907
"2020-2024","3",0.994044835241886
"2020-2024","3",0.983445097481404
"2020-2024","3",1
"2020-2024","3",1
"2020-2024","3",1
"2020-2024","3",1
"2020-2024","3",1
"2020-2024","3",0.981431986624578
"2020-2024","3",1
"2020-2024","3",0.908894614261753
"2020-2024","3",0.998197700617723
"2020-2024","3",0.95374986684638
"2020-2024","3",0.976335311978445
"2020-2024","3",0.947529648568625
"2020-2024","3",1
"2020-2024","3",1
"2020-2024","3",1
"2020-2024","3",0.993747682173715
"2020-2024","3",0.990314435699657
"2020-2024","3",0.97570377227116
"2020-2024","3",0.991966772644198
"2020-2024","3",0.981856493018173
"2020-2024","3",0.953367215719552
"2020-2024","3",0.959177652446972
"2020-2024","3",1
"2020-2024","3",1
"2020-2024","3",1
"2020-2024","3",0.965914384028114
"2020-2024","3",0.960063772652043
"2020-2024","3",0.978646566738767
"2020-2024","3",0.960513471211506
"2020-2024","3",1
"2020-2024","3",0.93838932591213
"2020-2024","3",1
"2020-2024","3",0.974467460191096
"2020-2024","3",1
"2020-2024","3",1
"2020-2024","3",0.971208800730804
"2020-2024","3",0.913877713774617
"2020-2024","3",1
"2020-2024","3",0.947727724748538
"2020-2024","3",1
"2020-2024","3",0.978185159413017
"2020-2024","3",1
"2020-2024","3",0.945664864803491
"2020-2024","3",1
"2020-2024","3",1
"2020-2024","3",0.943595537778124
"2020-2024","3",0.932952241185144
"2020-2024","3",0.987364764627792
"2020-2024","3",0.964870632499592
"2020-2024","3",1
"2020-2024","3",0.989260191790049
"2020-2024","3",0.945094291697969
"2020-2024","3",0.913480633433396
"2020-2024","3",1
"2020-2024","3",0.94133221597702
"2020-2024","3",1
"2020-2024","3",1
"2020-2024","3",1
"2020-2024","3",0.964888753059737
"2020-2024","3",0.995433279789316
"2020-2024","3",0.953355971856362
"2020-2024","3",0.942789677105042
"2020-2024","3",0.954337213569134
"2020-2024","3",0.958857059834341
"2020-2024","3",0.998812732620019
"2020-2024","3",0.973934648729974
"2020-2024","3",0.985645182379661
"2020-2024","3",0.956793487400408
"2020-2024","3",1
"2020-2024","3",0.977481209295147
"2020-2024","3",1
"2020-2024","3",1
"2020-2024","3",1
"2020-2024","3",1
"2020-2024","3",1
"2020-2024","3",0.941955456485651
"2020-2024","3",1
"2020-2024","3",0.897038497413485
"2020-2024","3",0.970600014483516
"2020-2024","3",0.993848700523463
"2020-2024","3",1
"2020-2024","3",1
"2020-2024","3",0.964589195156551
"2020-2024","3",1
"2020-2024","3",1
"2020-2024","3",1
"2020-2024","3",0.970122138350224
"2020-2024","3",0.994712802621266
"2020-2024","3",0.994026137647343
"2020-2024","3",0.943384761763426
"2020-2024","3",0.974287959227735
"2020-2024","3",0.974932183502662
"2020-2024","3",1
"2020-2024","3",0.921067437794383
"2020-2024","3",0.945416842522777
"2020-2024","3",1
"2020-2024","3",0.960793257252519
"2020-2024","3",0.9700949882026
"2020-2024","3",0.971227073554596
"2020-2024","3",0.953012018654891
"2020-2024","3",0.959211877044255
"2020-2024","3",1
"2020-2024","3",0.959266938016089
"2020-2024","3",1
"2020-2024","3",1
"2020-2024","3",1
"2020-2024","3",1
"2020-2024","3",0.955401288540268
"2020-2024","3",0.945705339034627
"2020-2024","3",0.913441231688063
"2020-2024","3",1
"2020-2024","3",0.960223204435733
"2020-2024","3",1
"2020-2024","3",0.955114846687948
"2020-2024","3",0.979105193193143
"2020-2024","3",1
"2020-2024","3",1
"2020-2024","3",0.957222666154882
"2020-2024","3",0.918740159578902
"2020-2024","3",0.955880185560051
"2020-2024","3",1
"2020-2024","3",1
"2020-2024","3",0.957403076359644
"2020-2024","3",1
"2020-2024","3",0.957903688011566
"2020-2024","3",1
"2020-2024","3",0.993218405662816
"2020-2024","3",1
"2020-2024","3",0.923005322911918
"2020-2024","3",0.985079242041533
"2020-2024","3",1
"2020-2024","3",1
"2020-2024","3",0.937570834310761
"2020-2024","3",1
"2020-2024","3",1
"2020-2024","3",0.99649696649561
"2020-2024","3",0.995950324696377
"2020-2024","3",0.981068602948271
"2020-2024","3",0.978833372867421
"2020-2024","3",0.940463485263668
"2020-2024","3",0.985478591264982
"2020-2024","3",0.996214658374201
"2020-2024","3",0.963125747638328
"2020-2024","3",0.933753084538829
"2020-2024","3",0.936819488927143
"2020-2024","3",0.994076150228164
"2020-2024","3",1
"2020-2024","3",0.93003840258357
"2020-2024","3",1
"2020-2024","3",1
"2020-2024","3",0.99988827203778
"2020-2024","3",1
"2020-2024","3",0.988776768371996
"2020-2024","3",0.987388915995693
"2020-2024","3",0.995786530208388
"2020-2024","3",0.957586160531589
"2020-2024","3",1
"2020-2024","3",0.961523021553748
"2020-2024","3",1
"2020-2024","3",0.959024152763099
"2020-2024","3",0.942011459709153
"2020-2024","3",0.996768017416128
"2020-2024","3",1
"2020-2024","3",0.929937507478053
"2020-2024","3",0.93619171966623
"2020-2024","3",0.968537494761025
"2020-2024","3",1
"2020-2024","3",0.952751625224505
"2020-2024","3",0.980335706462094
"2020-2024","3",1
"2020-2024","3",1
"2020-2024","3",1
"2020-2024","3",1
"2020-2024","3",0.960106891025694
"2020-2024","3",0.981295967878105
"2020-2024","3",0.98017254481404
"2020-2024","3",0.946221877592461
"2020-2024","3",1
"2020-2024","3",1
"2020-2024","3",0.99904912551057
"2020-2024","3",1
"2020-2024","3",0.976201724519076
"2020-2024","3",0.971832158902722
"2020-2024","3",0.922525686923529
"2020-2024","3",0.96995152675401
"2020-2024","3",0.959366382605945
"2020-2024","3",0.966889330370658
"2020-2024","3",1
"2020-2024","3",1
"2020-2024","3",0.908049699007769
"2020-2024","3",0.990434440850442
"2020-2024","3",0.974699033103528
"2020-2024","3",1
"2020-2024","3",0.991583917148097
"2020-2024","3",1
"2020-2024","3",0.935198890206868
"2020-2024","3",0.922126163901626
"2020-2024","3",0.956946439222008
"2020-2024","3",1
"2020-2024","3",0.957693461269925
"2020-2024","3",0.972667589830057
"2020-2024","3",0.982724964276714
"2020-2024","3",0.954698437635755
"2020-2024","3",1
"2020-2024","3",1
"2020-2024","3",0.986004381844888
"2020-2024","3",1
"2020-2024","3",0.915145549613695
"2020-2024","3",0.97190433247286
"2020-2024","3",0.988323463864772
"2020-2024","3",0.94610621735052
"2020-2024","3",0.975702938267669
"2020-2024","3",1
"2020-2024","3",1
"2020-2024","3",0.955701316990907
"2020-2024","3",1
"2020-2024","3",1
"2020-2024","3",1
"2020-2024","3",0.958941880642737
"2020-2024","3",1
"2020-2024","3",0.987235930624253
"2020-2024","3",0.965910872904695
"2020-2024","3",0.938824392634615
"2020-2024","3",0.982860614004415
"2020-2024","3",1
"2020-2024","3",0.994640254124678
"2020-2024","3",0.961938434535632
"2020-2024","3",1
"2020-2024","3",1
"2020-2024","3",1
"2020-2024","3",0.983464601557906
"2020-2024","3",0.956844032733394
"2020-2024","3",0.9546210918754
"2020-2024","3",1
"2020-2024","3",1
"2020-2024","3",1
"2020-2024","3",0.996045613550339
"2020-2024","3",1
"2020-2024","3",0.980253103224022
"2020-2024","3",0.998406075664768
"2020-2024","3",0.948350076039687
"2020-2024","3",0.945434463080729
"2020-2024","3",0.997745785238338
"2020-2024","3",0.924192842483195
"2020-2024","3",0.969404180076053
"2020-2024","3",0.951281386732142
"2020-2024","3",0.963895801310114
"2020-2024","3",1
"2020-2024","3",0.971927139721506
"2020-2024","3",0.962789968086315
"2020-2024","3",1
"2020-2024","3",1
"2020-2024","3",1
"2020-2024","3",0.98947092496718
"2020-2024","3",1
"2020-2024","3",0.964882681133219
"2020-2024","3",1
"2020-2024","3",0.995684030348793
"2020-2024","3",1
"2020-2024","3",1
"2020-2024","3",1
"2020-2024","3",0.957314188314572
"2020-2024","3",0.935741765919007
"2020-2024","3",0.937041819963342
"2020-2024","3",0.954726983865488
"2020-2024","3",1
"2020-2024","3",0.991034611761061
"2020-2024","3",0.975655552195681
"2020-2024","3",1
"2020-2024","3",0.93002095186734
"2020-2024","3",1
"2020-2024","3",0.962003807880374
"2020-2024","3",0.996749067505255
"2020-2024","3",0.980438003767211
"2020-2024","3",0.992159244996412
"2020-2024","3",0.951228528407554
"2020-2024","3",0.949225808966232
"2020-2024","3",0.979455528064215
"2020-2024","3",0.949705465110088
"2020-2024","3",0.998610618691675
"2020-2024","3",1
"2020-2024","3",0.944174537109383
"2020-2024","3",1
"2020-2024","3",0.974790947928323
"2020-2024","3",0.969227420748158
"2020-2024","3",0.949792304447982
"2020-2024","3",0.982925024796453
"2020-2024","3",1
"2020-2024","3",1
"2020-2024","3",0.959153280517692
"2020-2024","3",1
"2020-2024","3",1
"2020-2024","3",0.989006573281007
"2020-2024","3",0.960084609327739
"2020-2024","3",0.976710134310781
"2020-2024","3",1
"2020-2024","3",0.947156433731335
"2020-2024","3",1
"2020-2024","3",0.923179139722799
"2020-2024","3",1
"2020-2024","3",1
"2020-2024","3",0.989864506012942
"2020-2024","3",0.979903208691808
"2020-2024","3",0.995510985761084
"2020-2024","3",0.990481766433785
"2020-2024","3",0.962996731001738
"2020-2024","3",1
"2020-2024","3",0.944925835961005
"2020-2024","3",0.946593249423839
"2020-2024","3",0.966510476770438
"2020-2024","3",0.94685495611355
"2020-2024","3",1
"2020-2024","3",1
"2020-2024","3",0.940873745000743
"2020-2024","3",1
"2020-2024","3",0.931745337778864
"2020-2024","3",0.956278192748464
"2020-2024","3",1
"2020-2024","3",0.994953175122591
"2020-2024","3",1
"2020-2024","3",1
"2020-2024","3",1
"2020-2024","3",0.935293710109965
"2020-2024","3",0.996951491772214
"2020-2024","3",0.903586135635311
"2020-2024","3",0.994228018920743
"2020-2024","3",0.991264891515205
"2020-2024","3",0.968524165936564
"2020-2024","3",0.989951778127824
"2020-2024","3",0.989030672359448
"2020-2024","3",1
"2020-2024","3",0.921958747696624
"2020-2024","3",0.999550268849473
"2020-2024","3",1
"2020-2024","3",0.987105707866314
"2020-2024","3",1
"2020-2024","3",1
"2020-2024","3",1
"2020-2024","3",0.953857021702754
"2020-2024","3",0.970108514325173
"2020-2024","3",0.965286160437053
"2020-2024","3",1
"2020-2024","3",0.94347378181563
"2020-2024","3",0.952093596262751
"2020-2024","3",0.984245338473462
"2020-2024","3",1
"2020-2024","3",0.949029035912335
"2020-2024","3",1
"2020-2024","3",1
"2020-2024","3",1
"2020-2024","3",0.989492223516496
"2020-2024","3",0.948509186321702
"2020-2024","3",0.988986123600947
"2020-2024","3",1
"2020-2024","3",0.960838055181859
"2020-2024","3",0.972558881335006
"2020-2024","3",0.952173495487453
"2020-2024","3",1
"2020-2024","3",0.984636094009275
"2020-2024","3",1
"2020-2024","3",0.952804865134135
"2020-2024","3",0.976712005288226
"2020-2024","3",0.955078573507176
"2020-2024","3",1
"2020-2024","3",0.93196519099757
"2020-2024","3",0.998820544530359
"2020-2024","3",1
"2020-2024","3",0.97221379990016
"2020-2024","3",0.966642642359923
"2020-2024","3",0.954052985076638
"2020-2024","3",0.916945952988419
"2020-2024","3",1
"2020-2024","3",1
"2020-2024","3",1
"2020-2024","3",1
"2020-2024","3",0.934246909288139
"2020-2024","3",0.993604197998576
"2020-2024","3",1
"2020-2024","3",0.987501110590432
"2020-2024","3",1
"2020-2024","3",1
"2020-2024","3",0.929665708791077
"2020-2024","3",0.945820148874494
"2020-2024","3",0.93248863835048
"2020-2024","3",0.966714346994125
"2020-2024","3",0.94494101821261
"2020-2024","3",1
"2020-2024","3",0.950815842529005
"2020-2024","3",1
"2020-2024","3",1
"2020-2024","3",1
"2020-2024","3",1
"2020-2024","3",0.963093049007039
"2020-2024","3",0.929483833179403
"2020-2024","3",1
"2020-2024","3",1
"2020-2024","3",0.990960709157247
"2020-2024","3",0.994262277573767
"2020-2024","3",0.960060491426534
"2020-2024","3",0.900648833471794
"2020-2024","3",0.975996352772969
"2020-2024","3",0.980780715916598
"2020-2024","3",1
"2020-2024","3",1
"2020-2024","3",0.960312649733234
"2020-2024","3",1
"2020-2024","3",0.970754907362959
"2020-2024","3",1
"2020-2024","3",0.956702678655189
"2020-2024","3",1
"2020-2024","3",0.929215014338951
"2020-2024","3",1
"2020-2024","3",0.98776090933254
"2020-2024","3",0.97258157463985
"2020-2024","3",0.974693892563939
"2020-2024","3",0.999093357456331
"2020-2024","3",1
"2020-2024","3",0.973650437099795
"2020-2024","3",0.96545291250274
"2020-2024","3",0.987613702750313
"2020-2024","3",1
"2020-2024","3",0.994057557626107
"2020-2024","3",0.996567098893955
"2020-2024","3",0.931494729591881
"2020-2024","3",0.963555373721607
"2020-2024","3",1
"2020-2024","3",1
"2020-2024","3",0.998238738649163
"2020-2024","3",1
"2020-2024","3",0.960955056336848
"2020-2024","3",1
"2020-2024","4",0.894142243609172
"2020-2024","4",0.886831815020765
"2020-2024","4",0.84961556328081
"2020-2024","4",0.860166948622806
"2020-2024","4",0.872844292184033
"2020-2024","4",0.862011796712434
"2020-2024","4",0.947216686725454
"2020-2024","4",0.894826102128346
"2020-2024","4",0.867329594464146
"2020-2024","4",0.846755911618024
"2020-2024","4",0.857249225793413
"2020-2024","4",0.876855613797064
"2020-2024","4",0.840570894144049
"2020-2024","4",0.856489133321649
"2020-2024","4",0.901560222345193
"2020-2024","4",0.866330582519697
"2020-2024","4",0.876435416813562
"2020-2024","4",0.911633310547531
"2020-2024","4",0.864541220847249
"2020-2024","4",0.863025332979355
"2020-2024","4",0.887930476818395
"2020-2024","4",0.817283158642373
"2020-2024","4",0.861708260285518
"2020-2024","4",0.903470298846029
"2020-2024","4",0.861318866051707
"2020-2024","4",0.87333105815441
"2020-2024","4",0.874733670684841
"2020-2024","4",0.913489964630073
"2020-2024","4",0.898997976531153
"2020-2024","4",0.869146176106548
"2020-2024","4",0.878591648046294
"2020-2024","4",0.868468075449981
"2020-2024","4",0.875690268584672
"2020-2024","4",0.911953130674277
"2020-2024","4",0.838641578985157
"2020-2024","4",0.874428475033603
"2020-2024","4",0.912936948427129
"2020-2024","4",0.910602747415766
"2020-2024","4",0.871236204517949
"2020-2024","4",0.883933658016815
"2020-2024","4",0.82771782767804
"2020-2024","4",0.898284192680085
"2020-2024","4",0.830698014056062
"2020-2024","4",0.848628283677686
"2020-2024","4",0.873810691436264
"2020-2024","4",0.875371191077716
"2020-2024","4",0.897890098527061
"2020-2024","4",0.833697407352847
"2020-2024","4",0.892985579841407
"2020-2024","4",0.868665377350542
"2020-2024","4",0.884572652414514
"2020-2024","4",0.823790871517555
"2020-2024","4",0.865257304256841
"2020-2024","4",0.848520317146647
"2020-2024","4",0.877217029758737
"2020-2024","4",0.830950923537881
"2020-2024","4",0.855031862975542
"2020-2024","4",0.853919053389337
"2020-2024","4",0.898109138315813
"2020-2024","4",0.888583832064504
"2020-2024","4",0.858446439012911
"2020-2024","4",0.861330756021778
"2020-2024","4",0.872296196227245
"2020-2024","4",0.862037837968347
"2020-2024","4",0.897217307637979
"2020-2024","4",0.900696336901727
"2020-2024","4",0.859407041176882
"2020-2024","4",0.876676127892182
"2020-2024","4",0.893177725173652
"2020-2024","4",0.871581221205054
"2020-2024","4",0.839112078223646
"2020-2024","4",0.861263427845093
"2020-2024","4",0.916530063512492
"2020-2024","4",0.899536344468478
"2020-2024","4",0.836513567797907
"2020-2024","4",0.870398751123164
"2020-2024","4",0.871248266197578
"2020-2024","4",0.877426798128974
"2020-2024","4",0.88597309784855
"2020-2024","4",0.866526430484439
"2020-2024","4",0.880992638996123
"2020-2024","4",0.879022394774271
"2020-2024","4",0.836273749592077
"2020-2024","4",0.888612201784192
"2020-2024","4",0.863170912391985
"2020-2024","4",0.877082495333117
"2020-2024","4",0.866547372461147
"2020-2024","4",0.892153407409135
"2020-2024","4",0.855092330196488
"2020-2024","4",0.909027934423141
"2020-2024","4",0.853919664999035
"2020-2024","4",0.865375324280201
"2020-2024","4",0.853520115600908
"2020-2024","4",0.854944022739396
"2020-2024","4",0.900999898841958
"2020-2024","4",0.867153059066144
"2020-2024","4",0.87486254198826
"2020-2024","4",0.864503128059582
"2020-2024","4",0.894300759067443
"2020-2024","4",0.849653153573718
"2020-2024","4",0.874190970084461
"2020-2024","4",0.870306692570708
"2020-2024","4",0.898024071484198
"2020-2024","4",0.847691405964727
"2020-2024","4",0.825360184554636
"2020-2024","4",0.895856999964384
"2020-2024","4",0.848976871732851
"2020-2024","4",0.863939792800319
"2020-2024","4",0.861638211517944
"2020-2024","4",0.88717446290013
"2020-2024","4",0.874633536060792
"2020-2024","4",0.846088380794809
"2020-2024","4",0.879219761006153
"2020-2024","4",0.895244245330102
"2020-2024","4",0.899173427542976
"2020-2024","4",0.866472809713426
"2020-2024","4",0.886369911199076
"2020-2024","4",0.872173461560454
"2020-2024","4",0.86952619278232
"2020-2024","4",0.894960740290699
"2020-2024","4",0.855784651965154
"2020-2024","4",0.844789986201498
"2020-2024","4",0.823110599951046
"2020-2024","4",0.871249021226748
"2020-2024","4",0.882980836930115
"2020-2024","4",0.873893181662413
"2020-2024","4",0.851114753218579
"2020-2024","4",0.878090269451161
"2020-2024","4",0.86865707278896
"2020-2024","4",0.874705192715682
"2020-2024","4",0.842828069640669
"2020-2024","4",0.87187274243934
"2020-2024","4",0.908579449216946
"2020-2024","4",0.880076111131551
"2020-2024","4",0.899760251659406
"2020-2024","4",0.862924518478012
"2020-2024","4",0.871037710635952
"2020-2024","4",0.851109005784618
"2020-2024","4",0.899303737773833
"2020-2024","4",0.867404756390625
"2020-2024","4",0.926429472574542
"2020-2024","4",0.855754910236106
"2020-2024","4",0.875476603888011
"2020-2024","4",0.850974984638545
"2020-2024","4",0.868097555908094
"2020-2024","4",0.872719331267013
"2020-2024","4",0.85968562110433
"2020-2024","4",0.842668061476215
"2020-2024","4",0.898819214997809
"2020-2024","4",0.876414913664742
"2020-2024","4",0.925030728001661
"2020-2024","4",0.870319297235135
"2020-2024","4",0.903128950941368
"2020-2024","4",0.853287228959237
"2020-2024","4",0.875340840114541
"2020-2024","4",0.857794718361207
"2020-2024","4",0.858267851714824
"2020-2024","4",0.873494974883801
"2020-2024","4",0.872483183136073
"2020-2024","4",0.907651829636572
"2020-2024","4",0.872563767425775
"2020-2024","4",0.885670314718504
"2020-2024","4",0.882479882536413
"2020-2024","4",0.870924966441946
"2020-2024","4",0.862918800953148
"2020-2024","4",0.900275266941755
"2020-2024","4",0.870761161745654
"2020-2024","4",0.874944338037716
"2020-2024","4",0.8580221662879
"2020-2024","4",0.874852481936715
"2020-2024","4",0.86515993962997
"2020-2024","4",0.90765886676555
"2020-2024","4",0.876505773677355
"2020-2024","4",0.870157570527607
"2020-2024","4",0.860366320124815
"2020-2024","4",0.894544052981737
"2020-2024","4",0.911509680680773
"2020-2024","4",0.809641736188649
"2020-2024","4",0.883505998568126
"2020-2024","4",0.850998766323114
"2020-2024","4",0.876636940568637
"2020-2024","4",0.866297419523498
"2020-2024","4",0.825499208564403
"2020-2024","4",0.852737861790651
"2020-2024","4",0.896241641819235
"2020-2024","4",0.828517001428431
"2020-2024","4",0.863650863450723
"2020-2024","4",0.864556312297492
"2020-2024","4",0.845840418354201
"2020-2024","4",0.892164504698318
"2020-2024","4",0.840465736124441
"2020-2024","4",0.894313325819527
"2020-2024","4",0.858981956756381
"2020-2024","4",0.889438398579376
"2020-2024","4",0.865748909136895
"2020-2024","4",0.862068186456634
"2020-2024","4",0.866379147703936
"2020-2024","4",0.880860975894695
"2020-2024","4",0.854617706241199
"2020-2024","4",0.845101437491044
"2020-2024","4",0.889098975700413
"2020-2024","4",0.891267692321437
"2020-2024","4",0.860077597495912
"2020-2024","4",0.845551733394489
"2020-2024","4",0.850719847793355
"2020-2024","4",0.902443479350886
"2020-2024","4",0.843877961993121
"2020-2024","4",0.856391253121067
"2020-2024","4",0.893185945143558
"2020-2024","4",0.874419603741303
"2020-2024","4",0.890414419446406
"2020-2024","4",0.862523338401276
"2020-2024","4",0.892748469460857
"2020-2024","4",0.842346162759003
"2020-2024","4",0.863701090599824
"2020-2024","4",0.891088929724005
"2020-2024","4",0.875155657941751
"2020-2024","4",0.865146154193688
"2020-2024","4",0.852442762713761
"2020-2024","4",0.883229606069057
"2020-2024","4",0.875996729525287
"2020-2024","4",0.90792713220629
"2020-2024","4",0.859412628830121
"2020-2024","4",0.857026796260957
"2020-2024","4",0.856775618284021
"2020-2024","4",0.86632485286525
"2020-2024","4",0.862504770548293
"2020-2024","4",0.854088132322396
"2020-2024","4",0.856723720657626
"2020-2024","4",0.91413630649069
"2020-2024","4",0.799060485402459
"2020-2024","4",0.875181763667524
"2020-2024","4",0.878894772123113
"2020-2024","4",0.82874467822568
"2020-2024","4",0.84259956876342
"2020-2024","4",0.900234772391209
"2020-2024","4",0.85224407295711
"2020-2024","4",0.892558887323908
"2020-2024","4",0.851115890578531
"2020-2024","4",0.895854646353201
"2020-2024","4",0.864454297006987
"2020-2024","4",0.881738923478616
"2020-2024","4",0.880195790766356
"2020-2024","4",0.854017481106543
"2020-2024","4",0.843934941852114
"2020-2024","4",0.919188519328069
"2020-2024","4",0.905254174758329
"2020-2024","4",0.882090924961759
"2020-2024","4",0.884771363490268
"2020-2024","4",0.835777188804015
"2020-2024","4",0.858502938328607
"2020-2024","4",0.830596157022423
"2020-2024","4",0.869442398024526
"2020-2024","4",0.859334194242472
"2020-2024","4",0.854047059222804
"2020-2024","4",0.848933549552184
"2020-2024","4",0.857107513034911
"2020-2024","4",0.872883332192942
"2020-2024","4",0.875052624782173
"2020-2024","4",0.82488702162601
"2020-2024","4",0.844747068749329
"2020-2024","4",0.887582335970753
"2020-2024","4",0.8697023026466
"2020-2024","4",0.886331261351167
"2020-2024","4",0.883206880707824
"2020-2024","4",0.836858858164048
"2020-2024","4",0.844861079522965
"2020-2024","4",0.89473032249591
"2020-2024","4",0.850259196658552
"2020-2024","4",0.879909723350704
"2020-2024","4",0.873177961730749
"2020-2024","4",0.871669606441986
"2020-2024","4",0.857208061750257
"2020-2024","4",0.888483075993526
"2020-2024","4",0.874264306889973
"2020-2024","4",0.890626175143159
"2020-2024","4",0.865321835764595
"2020-2024","4",0.857909934470739
"2020-2024","4",0.87044132929839
"2020-2024","4",0.900947652902615
"2020-2024","4",0.87232869631588
"2020-2024","4",0.863891888413071
"2020-2024","4",0.863226243757811
"2020-2024","4",0.867092473531882
"2020-2024","4",0.840647816035849
"2020-2024","4",0.889480077284622
"2020-2024","4",0.851549667501408
"2020-2024","4",0.852718189253019
"2020-2024","4",0.881505709304053
"2020-2024","4",0.832133450011403
"2020-2024","4",0.876126654950483
"2020-2024","4",0.871628186408552
"2020-2024","4",0.871075971771673
"2020-2024","4",0.862198484031358
"2020-2024","4",0.906865474934917
"2020-2024","4",0.889724576069339
"2020-2024","4",0.89454977541588
"2020-2024","4",0.878627110656937
"2020-2024","4",0.824282957544985
"2020-2024","4",0.859512018818883
"2020-2024","4",0.872977025610459
"2020-2024","4",0.893035546325903
"2020-2024","4",0.908822407965987
"2020-2024","4",0.878448007480959
"2020-2024","4",0.883936498118628
"2020-2024","4",0.870597978426354
"2020-2024","4",0.874817381438874
"2020-2024","4",0.89453768580293
"2020-2024","4",0.866118819204478
"2020-2024","4",0.873857537985233
"2020-2024","4",0.897246037274797
"2020-2024","4",0.888038451508038
"2020-2024","4",0.917477699153011
"2020-2024","4",0.891278291377744
"2020-2024","4",0.876395247557198
"2020-2024","4",0.85502358766326
"2020-2024","4",0.824477972118499
"2020-2024","4",0.85377863772759
"2020-2024","4",0.900310632564396
"2020-2024","4",0.857591159855592
"2020-2024","4",0.887968936535546
"2020-2024","4",0.83710794017921
"2020-2024","4",0.873345255408404
"2020-2024","4",0.879877747206075
"2020-2024","4",0.903630343956944
"2020-2024","4",0.85710715828771
"2020-2024","4",0.876148108043008
"2020-2024","4",0.803340276881993
"2020-2024","4",0.872989286583748
"2020-2024","4",0.840524240160907
"2020-2024","4",0.861006850312752
"2020-2024","4",0.851531591869342
"2020-2024","4",0.890344968096575
"2020-2024","4",0.858218771135007
"2020-2024","4",0.885962400788094
"2020-2024","4",0.826538546935815
"2020-2024","4",0.83568846122811
"2020-2024","4",0.894014199300064
"2020-2024","4",0.856980047163155
"2020-2024","4",0.899690622134921
"2020-2024","4",0.873123339412266
"2020-2024","4",0.9030096848911
"2020-2024","4",0.901858287270464
"2020-2024","4",0.877600219452291
"2020-2024","4",0.880069838970584
"2020-2024","4",0.864027244959985
"2020-2024","4",0.89383048579847
"2020-2024","4",0.854738584747924
"2020-2024","4",0.893375850571685
"2020-2024","4",0.851394186893393
"2020-2024","4",0.876747678959113
"2020-2024","4",0.855081556676504
"2020-2024","4",0.861851511677288
"2020-2024","4",0.876914290429542
"2020-2024","4",0.878469857229652
"2020-2024","4",0.874413168306261
"2020-2024","4",0.918819002195131
"2020-2024","4",0.9027972653329
"2020-2024","4",0.89671449675611
"2020-2024","4",0.856182837809448
"2020-2024","4",0.869183336025571
"2020-2024","4",0.893620449391607
"2020-2024","4",0.890384137628981
"2020-2024","4",0.858603802357711
"2020-2024","4",0.871296240551372
"2020-2024","4",0.919450029812938
"2020-2024","4",0.91222913808148
"2020-2024","4",0.875881536981087
"2020-2024","4",0.891710032293899
"2020-2024","4",0.859474592736551
"2020-2024","4",0.851926371508962
"2020-2024","4",0.90208112258453
"2020-2024","4",0.850546750579618
"2020-2024","4",0.83654889064126
"2020-2024","4",0.899921097222126
"2020-2024","4",0.830273888484921
"2020-2024","4",0.857671558477174
"2020-2024","4",0.856955480155386
"2020-2024","4",0.869603742353091
"2020-2024","4",0.884212970746618
"2020-2024","4",0.905144404568601
"2020-2024","4",0.904289412833301
"2020-2024","4",0.890860270000268
"2020-2024","4",0.859846048730048
"2020-2024","4",0.843692484955086
"2020-2024","4",0.861019717433759
"2020-2024","4",0.88879611938262
"2020-2024","4",0.862444762414732
"2020-2024","4",0.851683159983177
"2020-2024","4",0.878516804071983
"2020-2024","4",0.873565187274707
"2020-2024","4",0.880957217804119
"2020-2024","4",0.884300553325517
"2020-2024","4",0.875674285079359
"2020-2024","4",0.882027479030368
"2020-2024","4",0.878082411691371
"2020-2024","4",0.812419497553659
"2020-2024","4",0.877381373568921
"2020-2024","4",0.857036952016
"2020-2024","4",0.868531130067888
"2020-2024","4",0.853365002833942
"2020-2024","4",0.897126635805264
"2020-2024","4",0.882882004628667
"2020-2024","4",0.876117872896937
"2020-2024","4",0.845522959318573
"2020-2024","4",0.87164580278974
"2020-2024","4",0.873775845772911
"2020-2024","4",0.831928423841288
"2020-2024","4",0.867396363205483
"2020-2024","4",0.912535588102069
"2020-2024","4",0.899224779618622
"2020-2024","4",0.911329589136861
"2020-2024","4",0.88924482019589
"2020-2024","4",0.843092033283
"2020-2024","4",0.846566156066955
"2020-2024","4",0.857514732901141
"2020-2024","4",0.860289222634256
"2020-2024","4",0.918338057459896
"2020-2024","4",0.881263469598207
"2020-2024","4",0.887236815543646
"2020-2024","4",0.835649338528212
"2020-2024","4",0.895747167018691
"2020-2024","4",0.870691357232679
"2020-2024","4",0.868519321177528
"2020-2024","4",0.827421627250743
"2020-2024","4",0.855564017789486
"2020-2024","4",0.864245623378795
"2020-2024","4",0.889103557502108
"2020-2024","4",0.916688870306527
"2020-2024","4",0.878428192941504
"2020-2024","4",0.883585924768704
"2020-2024","4",0.860730126856598
"2020-2024","4",0.867667573861954
"2020-2024","4",0.838755784915563
"2020-2024","4",0.858018508135037
"2020-2024","4",0.839976527705458
"2020-2024","4",0.873407231143579
"2020-2024","4",0.859797610880748
"2020-2024","4",0.881109102859494
"2020-2024","4",0.868632662880006
"2020-2024","4",0.850705998984973
"2020-2024","4",0.833867293107247
"2020-2024","4",0.875314820343537
"2020-2024","4",0.9066100843808
"2020-2024","4",0.883274064449727
"2020-2024","4",0.866799760386371
"2020-2024","4",0.862616178066105
"2020-2024","4",0.891915733820787
"2020-2024","4",0.916042571463228
"2020-2024","4",0.892888199561375
"2020-2024","4",0.852824846186469
"2020-2024","4",0.838244780057509
"2020-2024","4",0.861766193408962
"2020-2024","4",0.81894766466367
"2020-2024","4",0.90382108794115
"2020-2024","4",0.882355446304492
"2020-2024","4",0.857258048537162
"2020-2024","4",0.859800532163087
"2020-2024","4",0.834420172021212
"2020-2024","4",0.876626116083134
"2020-2024","4",0.867416826716785
"2020-2024","4",0.895655289311841
"2020-2024","4",0.890518768272307
"2020-2024","4",0.864048720804162
"2020-2024","4",0.85538812654841
"2020-2024","4",0.92367796462735
"2020-2024","4",0.852728248533146
"2020-2024","4",0.888160964619401
"2020-2024","4",0.890286982713953
"2020-2024","4",0.831475461922818
"2020-2024","4",0.892258637600174
"2020-2024","4",0.924634577577627
"2020-2024","4",0.873748538275857
"2020-2024","4",0.888531282156291
"2020-2024","4",0.879484711536924
"2020-2024","4",0.85210140011841
"2020-2024","4",0.87921640763208
"2020-2024","4",0.851214194020058
"2020-2024","4",0.856281361081727
"2020-2024","4",0.901544132101777
"2020-2024","4",0.91884072980291
"2020-2024","4",0.905553529105247
"2020-2024","4",0.85732484586155
"2020-2024","4",0.881669445191794
"2020-2024","4",0.856950972716771
"2020-2024","4",0.853683792167671
"2020-2024","4",0.898136358344932
"2020-2024","4",0.878926637299302
"2020-2024","4",0.85410524910974
"2020-2024","4",0.883858490567111
"2020-2024","4",0.85603468727741
"2020-2024","4",0.861941457422434
"2020-2024","4",0.865783466184529
"2020-2024","4",0.858780140684288
"2020-2024","4",0.865148133915563
"2020-2024","4",0.865498334134854
"2020-2024","4",0.821025741817701
"2020-2024","4",0.84698047102512
"2020-2024","4",0.857228854998095
"2020-2024","4",0.848746310767511
"2020-2024","4",0.853768810584866
"2020-2024","4",0.85633546191827
"2020-2024","4",0.879631651177027
"2020-2024","4",0.837203459086983
"2020-2024","4",0.835046703331281
"2020-2024","4",0.876741977637757
"2020-2024","4",0.869019051776511
"2020-2024","4",0.875874178696735
"2020-2024","4",0.875475398569869
"2020-2024","4",0.911949271085052
"2020-2024","4",0.870252415618605
"2020-2024","4",0.891068373385841
"2020-2024","4",0.850136897055685
"2020-2024","4",0.876173598034055
"2020-2024","4",0.846230233677043
"2020-2024","4",0.892087318520509
"2020-2024","4",0.868723623655205
"2020-2024","4",0.852144183611528
"2020-2024","4",0.848270802108833
"2020-2024","4",0.874717861828248
"2020-2024","4",0.887366840981494
"2020-2024","4",0.903807357027275
"2020-2024","4",0.879250079369071
"2020-2024","4",0.808427492589486
"2020-2024","4",0.866295833524467
"2020-2024","4",0.836186595464661
"2020-2024","4",0.848524559032535
"2020-2024","4",0.884343424587365
"2020-2024","4",0.864157628229495
"2020-2024","4",0.873869186021703
"2020-2024","4",0.872883250806533
"2020-2024","4",0.907803019988603
"2020-2024","4",0.869460161144239
"2020-2024","4",0.874707426337595
"2020-2024","4",0.883273558848884
"2020-2024","4",0.858766863540938
"2020-2024","4",0.841052332174445
"2020-2024","4",0.882203113006467
"2020-2024","4",0.901194515585441
"2020-2024","4",0.880224656743213
"2020-2024","4",0.894724401559433
"2020-2024","4",0.848014778869173
"2020-2024","4",0.845824645685411
"2020-2024","4",0.829969494413111
"2020-2024","4",0.859477915728663
"2020-2024","4",0.850845514311628
"2020-2024","4",0.86687422670169
"2020-2024","4",0.848525292982668
"2020-2024","4",0.890765142494771
"2020-2024","4",0.875887410770687
"2020-2024","4",0.84331576279654
"2020-2024","4",0.917170382287125
"2020-2024","4",0.87106583812143
"2020-2024","4",0.863549309469666
"2020-2024","4",0.872734536105112
"2020-2024","4",0.86047641234695
"2020-2024","4",0.855692061898243
"2020-2024","4",0.848337158555365
"2020-2024","4",0.84631651796498
"2020-2024","4",0.868167680532067
"2020-2024","4",0.889736590400532
"2020-2024","4",0.881740469409039
"2020-2024","4",0.932527954049175
"2020-2024","4",0.887883047545529
"2020-2024","4",0.847364249367008
"2020-2024","4",0.870296305339478
"2020-2024","4",0.879241020910805
"2020-2024","4",0.891185891441193
"2020-2024","4",0.845084369810697
"2020-2024","4",0.885048881396786
"2020-2024","4",0.837025605265152
"2020-2024","4",0.89687760297912
"2020-2024","4",0.878528194967087
"2020-2024","4",0.827629210213235
"2020-2024","4",0.881433571632735
"2020-2024","4",0.868166727205759
"2020-2024","4",0.840776171117692
"2020-2024","4",0.880784469593862
"2020-2024","4",0.870288342568324
"2020-2024","4",0.866124998381954
"2020-2024","4",0.866067561667837
"2020-2024","4",0.865065277903131
"2020-2024","4",0.832723560863185
"2020-2024","4",0.845080247675336
"2020-2024","4",0.881539318475353
"2020-2024","4",0.879098379355275
"2020-2024","4",0.861429923505036
"2020-2024","4",0.85867891013551
"2020-2024","4",0.895903789015581
"2020-2024","4",0.857076345982606
"2020-2024","4",0.855754424137717
"2020-2024","4",0.910366840309344
"2020-2024","4",0.886479123197056
"2020-2024","4",0.844936907918516
"2020-2024","4",0.891310186077849
"2020-2024","4",0.869615337168612
"2020-2024","4",0.891003469798611
"2020-2024","4",0.876073775080364
"2020-2024","4",0.903236289920709
"2020-2024","4",0.88944008636081
"2020-2024","4",0.902358005923241
"2020-2024","4",0.909361458871891
"2020-2024","4",0.918235198498269
"2020-2024","4",0.844571020318293
"2020-2024","4",0.834521748650188
"2020-2024","4",0.83896350089886
"2020-2024","4",0.878282006282364
"2020-2024","4",0.911539985776611
"2020-2024","4",0.876746580959565
"2020-2024","4",0.879805486576003
"2020-2024","4",0.858698920582633
"2020-2024","4",0.843157521808959
"2020-2024","4",0.821355958128355
"2020-2024","4",0.889329507977877
"2020-2024","4",0.855112581882665
"2020-2024","4",0.877104521419467
"2020-2024","4",0.872318038220746
"2020-2024","4",0.826374176122622
"2020-2024","4",0.856336022584497
"2020-2024","4",0.892337958553855
"2020-2024","4",0.849249346952696
"2020-2024","4",0.870468980603789
"2020-2024","4",0.874708115673732
"2020-2024","4",0.875180537725277
"2020-2024","4",0.894627988705284
"2020-2024","4",0.815164234934981
"2020-2024","4",0.877682817016756
"2020-2024","4",0.876050319472682
"2020-2024","4",0.876767428895682
"2020-2024","4",0.86125888018207
"2020-2024","4",0.855429743619458
"2020-2024","4",0.85522236338464
"2020-2024","4",0.883062178625407
"2020-2024","4",0.868379124863809
"2020-2024","4",0.824260108878117
"2020-2024","4",0.837122010595542
"2020-2024","4",0.856052858518038
"2020-2024","4",0.831461983472133
"2020-2024","4",0.892693840704597
"2020-2024","4",0.902974698885194
"2020-2024","4",0.862578972406964
"2020-2024","4",0.889675340632184
"2020-2024","4",0.871113846828437
"2020-2024","4",0.900627046634167
"2020-2024","4",0.910573715994747
"2020-2024","4",0.895056282699416
"2020-2024","4",0.880865598828331
"2020-2024","4",0.848382924316226
"2020-2024","4",0.878481855536674
"2020-2024","4",0.852826582724609
"2020-2024","4",0.842674430606296
"2020-2024","4",0.854705919170825
"2020-2024","4",0.896144341010518
"2020-2024","4",0.880208949471626
"2020-2024","4",0.89436581025093
"2020-2024","4",0.823652252607431
"2020-2024","4",0.849304616842738
"2020-2024","4",0.873865124933564
"2020-2024","4",0.883435133902284
"2020-2024","4",0.857215930931814
"2020-2024","4",0.853882188070317
"2020-2024","4",0.878559631224835
"2020-2024","4",0.90611220729309
"2020-2024","4",0.887732655637917
"2020-2024","4",0.888522315515148
"2020-2024","4",0.89780882815591
"2020-2024","4",0.8962010103595
"2020-2024","4",0.932398660224787
"2020-2024","4",0.862069623411764
"2020-2024","4",0.862037708993449
"2020-2024","4",0.879564435329675
"2020-2024","4",0.869850236281436
"2020-2024","4",0.890859702226463
"2020-2024","4",0.883240612141006
"2020-2024","4",0.892887750133818
"2020-2024","4",0.857691240762779
"2020-2024","4",0.882037204309648
"2020-2024","4",0.869931365528847
"2020-2024","4",0.870358688699247
"2020-2024","4",0.841702073924452
"2020-2024","4",0.86914083039058
"2020-2024","4",0.843817441771269
"2020-2024","4",0.876586645453875
"2020-2024","4",0.893792545618339
"2020-2024","4",0.908229643344224
"2020-2024","4",0.883377526956092
"2020-2024","4",0.876465058697364
"2020-2024","4",0.877032209420833
"2020-2024","4",0.83853327799237
"2020-2024","4",0.851662478602278
"2020-2024","4",0.863651502104022
"2020-2024","4",0.827179405379261
"2020-2024","4",0.854493148986349
"2020-2024","4",0.858290813160601
"2020-2024","4",0.833510575059677
"2020-2024","4",0.884759259906682
"2020-2024","4",0.864416520003569
"2020-2024","4",0.862477151697076
"2020-2024","4",0.87529739783377
"2020-2024","4",0.878588261686574
"2020-2024","4",0.901278149530554
"2020-2024","4",0.896422872621837
"2020-2024","4",0.835787632556426
"2020-2024","4",0.883205121171444
"2020-2024","4",0.814372913522776
"2020-2024","4",0.84887907452167
"2020-2024","4",0.841906669608885
"2020-2024","4",0.895101553404918
"2020-2024","4",0.89598959475935
"2020-2024","4",0.913999696103374
"2020-2024","4",0.914298786161117
"2020-2024","4",0.904319428959351
"2020-2024","4",0.837129188518906
"2020-2024","4",0.861829334820611
"2020-2024","4",0.836212653794016
"2020-2024","4",0.866207702537995
"2020-2024","4",0.888798988815703
"2020-2024","4",0.881795274678752
"2020-2024","4",0.82121485275595
"2020-2024","4",0.907593293029481
"2020-2024","4",0.851009049437689
"2020-2024","4",0.819608038475004
"2020-2024","4",0.889767095025256
"2020-2024","4",0.839254809548717
"2020-2024","4",0.862687797355391
"2020-2024","4",0.870516265489999
"2020-2024","4",0.859800224408968
"2020-2024","4",0.870173032875333
"2020-2024","4",0.924144645598416
"2020-2024","4",0.868973290901102
"2020-2024","4",0.886147877809994
"2020-2024","4",0.84438116386555
"2020-2024","4",0.872635704720182
"2020-2024","4",0.886779910262913
"2020-2024","4",0.840787020140123
"2020-2024","4",0.904640681249561
"2020-2024","4",0.823942656461247
"2020-2024","4",0.871328381192823
"2020-2024","4",0.895881056095017
"2020-2024","4",0.834807834790512
"2020-2024","4",0.872437216814308
"2020-2024","4",0.874646284749433
"2020-2024","4",0.868833439399993
"2020-2024","4",0.874314517316815
"2020-2024","4",0.890556560430516
"2020-2024","4",0.859393931231603
"2020-2024","4",0.887803672783138
"2020-2024","4",0.881620352618557
"2020-2024","4",0.879412597063237
"2020-2024","4",0.882446860097293
"2020-2024","4",0.901895948262812
"2020-2024","4",0.842149880792122
"2020-2024","4",0.838643543635006
"2020-2024","4",0.884797485451901
"2020-2024","4",0.82947557346427
"2020-2024","4",0.867819669285527
"2020-2024","4",0.857830060969746
"2020-2024","4",0.863159091428804
"2020-2024","4",0.868916189087311
"2020-2024","4",0.847365788970514
"2020-2024","4",0.864274219099887
"2020-2024","4",0.892583094320189
"2020-2024","4",0.859407712517932
"2020-2024","4",0.898944699789122
"2020-2024","4",0.880807103123247
"2020-2024","4",0.867246254620805
"2020-2024","4",0.857108456243426
"2020-2024","4",0.868291091664385
"2020-2024","4",0.897016053049963
"2020-2024","4",0.870156156408171
"2020-2024","4",0.827747042829425
"2020-2024","4",0.867715134401785
"2020-2024","4",0.877685347070648
"2020-2024","4",0.859677841968372
"2020-2024","4",0.875279476136033
"2020-2024","4",0.873085711580678
"2020-2024","4",0.875012081156018
"2020-2024","4",0.883533546017315
"2020-2024","4",0.878167055736414
"2020-2024","4",0.873694629160066
"2020-2024","4",0.891072862293931
"2020-2024","4",0.883808283089145
"2020-2024","4",0.870688065896691
"2020-2024","4",0.859028335700482
"2020-2024","4",0.899209617044331
"2020-2024","4",0.865830387064406
"2020-2024","4",0.86957113341971
"2020-2024","4",0.852438394916949
"2020-2024","4",0.894742108988059
"2020-2024","4",0.839122460572493
"2020-2024","4",0.849816630696065
"2020-2024","4",0.864574754735874
"2020-2024","4",0.840215217814488
"2020-2024","4",0.88638534963632
"2020-2024","4",0.817522273402539
"2020-2024","4",0.885229878627755
"2020-2024","4",0.845319151348504
"2020-2024","4",0.88516013434174
"2020-2024","4",0.881383659443601
"2020-2024","4",0.844886121597769
"2020-2024","4",0.873331612863459
"2020-2024","4",0.861465629253047
"2020-2024","4",0.862521115812036
"2020-2024","4",0.868333633309918
"2020-2024","4",0.86675606090727
"2020-2024","4",0.844361054613283
"2020-2024","4",0.895672603631173
"2020-2024","4",0.848636138803516
"2020-2024","4",0.849425107823225
"2020-2024","4",0.828021805845584
"2020-2024","4",0.884774494058853
"2020-2024","4",0.8873864647237
"2020-2024","4",0.843928785345981
"2020-2024","4",0.884432315847505
"2020-2024","4",0.869380964018161
"2020-2024","4",0.85671360198864
"2020-2024","4",0.835307685422537
"2020-2024","4",0.883085186768596
"2020-2024","4",0.877926801970362
"2020-2024","4",0.884508069929531
"2020-2024","4",0.83827977869853
"2020-2024","4",0.856469162395796
"2020-2024","4",0.908687398312431
"2020-2024","4",0.911904775465299
"2020-2024","4",0.876831847477452
"2020-2024","4",0.887986834356999
"2020-2024","4",0.847104354949984
"2020-2024","4",0.876563359328543
"2020-2024","4",0.885752497346675
"2020-2024","4",0.91048154418504
"2020-2024","4",0.850013097530904
"2020-2024","4",0.878689481149287
"2020-2024","4",0.847577212664209
"2020-2024","4",0.904057998306392
"2020-2024","4",0.884841047412663
"2020-2024","4",0.87751646949734
"2020-2024","4",0.880134451335265
"2020-2024","4",0.863464820247451
"2020-2024","4",0.918649384933703
"2020-2024","4",0.891513277463968
"2020-2024","4",0.869397194848928
"2020-2024","4",0.843106307277152
"2020-2024","4",0.887065858698298
"2020-2024","4",0.804281183201754
"2020-2024","4",0.91396175900469
"2020-2024","4",0.904775415326394
"2020-2024","4",0.88292705398817
"2020-2024","4",0.903887285699714
"2020-2024","4",0.891240823336322
"2020-2024","4",0.870875308768091
"2020-2024","4",0.876797596578457
"2020-2024","4",0.855668878898874
"2020-2024","4",0.911808489423271
"2020-2024","4",0.84691024071327
"2020-2024","4",0.87625696938562
"2020-2024","4",0.886846705726846
"2020-2024","4",0.863835607523637
"2020-2024","4",0.856524969827955
"2020-2024","4",0.871397396403237
"2020-2024","4",0.859214627896397
"2020-2024","4",0.882552908746639
"2020-2024","4",0.881225856252903
"2020-2024","4",0.875789128356095
"2020-2024","4",0.893836366501807
"2020-2024","4",0.892576152533586
"2020-2024","4",0.852932353865903
"2020-2024","4",0.840558768830402
"2020-2024","4",0.860749411711491
"2020-2024","4",0.888196297188427
"2020-2024","4",0.824450780600324
"2020-2024","4",0.887150281674293
"2020-2024","4",0.853293627976333
"2020-2024","4",0.848706909617017
"2020-2024","4",0.88278003898476
"2020-2024","4",0.880490509687801
"2020-2024","4",0.870578622248211
"2020-2024","4",0.929962864109593
"2020-2024","4",0.878252029626273
"2020-2024","4",0.875266308001561
"2020-2024","4",0.893228822176867
"2020-2024","4",0.86833915151902
"2020-2024","4",0.858750667959913
"2020-2024","4",0.857315883686287
"2020-2024","4",0.864560671331234
"2020-2024","4",0.869112144652348
"2020-2024","4",0.901271748995149
"2020-2024","4",0.864796485307884
"2020-2024","4",0.879454233489993
"2020-2024","4",0.852551670422946
"2020-2024","4",0.857679680922497
"2020-2024","4",0.862018912311331
"2020-2024","4",0.870412192756309
"2020-2024","4",0.86405463195968
"2020-2024","4",0.917014366188406
"2020-2024","4",0.844693362175031
"2020-2024","4",0.836554622740599
"2020-2024","4",0.879076347207953
"2020-2024","4",0.87590708988722
"2020-2024","4",0.864413724005577
"2020-2024","4",0.880165318511272
"2020-2024","4",0.895507403130829
"2020-2024","4",0.793038365392423
"2020-2024","4",0.859221106982505
"2020-2024","4",0.903711671942572
"2020-2024","4",0.851312366202648
"2020-2024","4",0.867658172360496
"2020-2024","4",0.859117381501725
"2020-2024","4",0.813482232958675
"2020-2024","4",0.888568293988764
"2020-2024","4",0.867567840117527
"2020-2024","4",0.883615199176463
"2020-2024","4",0.861182084780824
"2020-2024","4",0.879699276531605
"2020-2024","4",0.850610649219617
"2020-2024","4",0.869111086982478
"2020-2024","4",0.884865001422335
"2020-2024","4",0.875657137203411
"2020-2024","4",0.853309553015191
"2020-2024","4",0.89049033785309
"2020-2024","4",0.898611767166427
"2020-2024","4",0.870831256345146
"2020-2024","4",0.922100474032087
"2020-2024","4",0.914973777303362
"2020-2024","4",0.867697069302808
"2020-2024","4",0.859186983348351
"2020-2024","4",0.908682240679505
"2020-2024","4",0.832839899098688
"2020-2024","4",0.861922085065436
"2020-2024","4",0.859615658152272
"2020-2024","4",0.880289503448228
"2020-2024","4",0.884503964663516
"2020-2024","4",0.876471076435462
"2020-2024","4",0.878124088992632
"2020-2024","4",0.834375064743271
"2020-2024","4",0.891188818800421
"2020-2024","4",0.867970113155228
"2020-2024","4",0.903911936635054
"2020-2024","4",0.857569929290009
"2020-2024","4",0.864244032261682
"2020-2024","4",0.844891477346218
"2020-2024","4",0.845790957442373
"2020-2024","4",0.88535913872457
"2020-2024","4",0.876921708999411
"2020-2024","4",0.890212211535228
"2020-2024","4",0.892063800428015
"2020-2024","4",0.913584480874701
"2020-2024","4",0.862848730221171
"2020-2024","4",0.908947777268394
"2020-2024","4",0.835586200318305
"2020-2024","4",0.883718317527495
"2020-2024","4",0.893156380451114
"2020-2024","4",0.858153375011734
"2020-2024","4",0.8764487004674
"2020-2024","4",0.860894792723719
"2020-2024","4",0.89822806192798
"2020-2024","4",0.875364227126987
"2020-2024","4",0.86532014035843
"2020-2024","4",0.834247844116475
"2020-2024","4",0.892735646760169
"2020-2024","4",0.85399635978176
"2020-2024","4",0.903491092733136
"2020-2024","4",0.869474675036614
"2020-2024","4",0.910133354286759
"2020-2024","4",0.863433060959433
"2020-2024","4",0.835395882368543
"2020-2024","4",0.848322794235198
"2020-2024","4",0.886706944440722
"2020-2024","4",0.891896032952928
"2020-2024","4",0.863376556435623
"2020-2024","4",0.859601354567489
"2020-2024","4",0.862005549563065
"2020-2024","4",0.910837711232593
"2020-2024","4",0.844110760119729
"2020-2024","4",0.891929420610128
"2020-2024","4",0.855925894490893
"2020-2024","4",0.866834438193216
"2020-2024","4",0.89181780189771
"2020-2024","4",0.862563666091209
"2020-2024","4",0.88596829854675
"2020-2024","4",0.858954185394922
"2020-2024","4",0.875663228421885
"2020-2024","4",0.874054525692244
"2020-2024","4",0.851566048781402
"2020-2024","4",0.862951336671972
"2020-2024","4",0.867493544496839
"2020-2024","4",0.856877209980722
"2020-2024","4",0.90363037881068
"2020-2024","4",0.850145082270523
"2020-2024","4",0.895192509946763
"2020-2024","4",0.857202784925757
"2020-2024","4",0.870285015224127
"2020-2024","4",0.906846149774794
"2020-2024","4",0.879130310210703
"2020-2024","4",0.932358968135226
"2020-2024","4",0.874291081816229
"2020-2024","4",0.884395037879043
"2020-2024","4",0.84301304374132
"2020-2024","4",0.847745422731228
"2020-2024","4",0.864995362400255
"2020-2024","4",0.878001746708144
"2020-2024","5",0.537224926537759
"2020-2024","5",0.546449974966079
"2020-2024","5",0.570658341734624
"2020-2024","5",0.545109163865236
"2020-2024","5",0.530859931781552
"2020-2024","5",0.574572395945415
"2020-2024","5",0.529621540524957
"2020-2024","5",0.545344214393571
"2020-2024","5",0.564085590630261
"2020-2024","5",0.543689411696949
"2020-2024","5",0.537703619768751
"2020-2024","5",0.552376924832
"2020-2024","5",0.545535790901223
"2020-2024","5",0.558463833971107
"2020-2024","5",0.562754826930437
"2020-2024","5",0.548040920428193
"2020-2024","5",0.551237511041385
"2020-2024","5",0.530765918034777
"2020-2024","5",0.546470979496407
"2020-2024","5",0.599624830697844
"2020-2024","5",0.521832635827968
"2020-2024","5",0.569826901605603
"2020-2024","5",0.536213178715949
"2020-2024","5",0.564676666933534
"2020-2024","5",0.568552388072148
"2020-2024","5",0.562633984734601
"2020-2024","5",0.523740000922455
"2020-2024","5",0.543029500275898
"2020-2024","5",0.529522154073393
"2020-2024","5",0.558866924126225
"2020-2024","5",0.53854298736646
"2020-2024","5",0.553873738440684
"2020-2024","5",0.525932679604916
"2020-2024","5",0.523234257246018
"2020-2024","5",0.61041004999936
"2020-2024","5",0.566580879686753
"2020-2024","5",0.551102753713785
"2020-2024","5",0.528005300305075
"2020-2024","5",0.548428916552208
"2020-2024","5",0.525978756980077
"2020-2024","5",0.532320634662093
"2020-2024","5",0.576528151176429
"2020-2024","5",0.550980545237729
"2020-2024","5",0.55477103367217
"2020-2024","5",0.567808001731543
"2020-2024","5",0.579569326964749
"2020-2024","5",0.539809600979424
"2020-2024","5",0.539826059670267
"2020-2024","5",0.543865254023792
"2020-2024","5",0.53744026484426
"2020-2024","5",0.523178866886891
"2020-2024","5",0.565005548507301
"2020-2024","5",0.54114832644367
"2020-2024","5",0.543814773917361
"2020-2024","5",0.542292370566447
"2020-2024","5",0.53586496257308
"2020-2024","5",0.568040722445105
"2020-2024","5",0.569107539757588
"2020-2024","5",0.534202053195386
"2020-2024","5",0.547162444348862
"2020-2024","5",0.545849224263272
"2020-2024","5",0.536449343128726
"2020-2024","5",0.559619641490896
"2020-2024","5",0.522358852201759
"2020-2024","5",0.520825466733416
"2020-2024","5",0.54704936645397
"2020-2024","5",0.529331365446558
"2020-2024","5",0.564828136959974
"2020-2024","5",0.588124999811502
"2020-2024","5",0.560086239480809
"2020-2024","5",0.544058014140796
"2020-2024","5",0.572610719396307
"2020-2024","5",0.535490396914743
"2020-2024","5",0.525222986004523
"2020-2024","5",0.533957947181385
"2020-2024","5",0.54235373345185
"2020-2024","5",0.560206310488985
"2020-2024","5",0.541004499410737
"2020-2024","5",0.523860795779874
"2020-2024","5",0.564270494750483
"2020-2024","5",0.543219001161989
"2020-2024","5",0.542957302139927
"2020-2024","5",0.55705107063904
"2020-2024","5",0.521243241324812
"2020-2024","5",0.560812769926082
"2020-2024","5",0.534132825633783
"2020-2024","5",0.571958080843178
"2020-2024","5",0.553569621799513
"2020-2024","5",0.532341383321798
"2020-2024","5",0.542101372786197
"2020-2024","5",0.559334341017542
"2020-2024","5",0.577960493263103
"2020-2024","5",0.54073717273167
"2020-2024","5",0.513259641401249
"2020-2024","5",0.598480355172154
"2020-2024","5",0.534587914700607
"2020-2024","5",0.543934413514677
"2020-2024","5",0.558447442005604
"2020-2024","5",0.559697559765704
"2020-2024","5",0.573836436333992
"2020-2024","5",0.530396863374714
"2020-2024","5",0.529614221295672
"2020-2024","5",0.582933264942309
"2020-2024","5",0.535531997654907
"2020-2024","5",0.537380962257453
"2020-2024","5",0.53810492121664
"2020-2024","5",0.541220953014796
"2020-2024","5",0.57591246407995
"2020-2024","5",0.555026204739108
"2020-2024","5",0.538551189035058
"2020-2024","5",0.555300680605843
"2020-2024","5",0.582376079493136
"2020-2024","5",0.591939485338266
"2020-2024","5",0.532264789799598
"2020-2024","5",0.557635976226831
"2020-2024","5",0.573755275099011
"2020-2024","5",0.51964127601648
"2020-2024","5",0.553876101746542
"2020-2024","5",0.548261967426301
"2020-2024","5",0.530000547368639
"2020-2024","5",0.555464092557338
"2020-2024","5",0.579591319889268
"2020-2024","5",0.531479532341682
"2020-2024","5",0.546485977946278
"2020-2024","5",0.532772831268444
"2020-2024","5",0.524446278199518
"2020-2024","5",0.541313906098448
"2020-2024","5",0.553072840166512
"2020-2024","5",0.525694762256509
"2020-2024","5",0.54318112118009
"2020-2024","5",0.518968694563067
"2020-2024","5",0.573153691338145
"2020-2024","5",0.558571304744684
"2020-2024","5",0.566546962574495
"2020-2024","5",0.577825997530709
"2020-2024","5",0.539786698273642
"2020-2024","5",0.540035127203469
"2020-2024","5",0.557728561284721
"2020-2024","5",0.559577515902542
"2020-2024","5",0.546194919139107
"2020-2024","5",0.576193642972231
"2020-2024","5",0.549666191854064
"2020-2024","5",0.526237162215155
"2020-2024","5",0.519557772846776
"2020-2024","5",0.582185765379536
"2020-2024","5",0.548897637639998
"2020-2024","5",0.579217037618435
"2020-2024","5",0.54631873352541
"2020-2024","5",0.576202296788096
"2020-2024","5",0.562803256402918
"2020-2024","5",0.530005309247601
"2020-2024","5",0.556146137827989
"2020-2024","5",0.553619143876536
"2020-2024","5",0.554819587512186
"2020-2024","5",0.577376765404135
"2020-2024","5",0.54723614556262
"2020-2024","5",0.551497301825297
"2020-2024","5",0.547687820072541
"2020-2024","5",0.589358212255139
"2020-2024","5",0.544761528312691
"2020-2024","5",0.553179521203679
"2020-2024","5",0.536349240049765
"2020-2024","5",0.520064545786689
"2020-2024","5",0.537432346283996
"2020-2024","5",0.554275288749023
"2020-2024","5",0.574936650016331
"2020-2024","5",0.548673495765641
"2020-2024","5",0.542112272383961
"2020-2024","5",0.524354601513675
"2020-2024","5",0.564313693123478
"2020-2024","5",0.552563461455086
"2020-2024","5",0.546591664751762
"2020-2024","5",0.573621737131135
"2020-2024","5",0.569010513007474
"2020-2024","5",0.526549973134629
"2020-2024","5",0.577707099670777
"2020-2024","5",0.532411201828623
"2020-2024","5",0.554448826526697
"2020-2024","5",0.55539516585274
"2020-2024","5",0.568409459643827
"2020-2024","5",0.523858791033517
"2020-2024","5",0.514909748385188
"2020-2024","5",0.556807913980474
"2020-2024","5",0.558811721546597
"2020-2024","5",0.543660347727309
"2020-2024","5",0.53927900800992
"2020-2024","5",0.561442115191494
"2020-2024","5",0.542346352111004
"2020-2024","5",0.524954420683912
"2020-2024","5",0.567898518077835
"2020-2024","5",0.564904666165328
"2020-2024","5",0.50052933893408
"2020-2024","5",0.53801568822101
"2020-2024","5",0.558193624484681
"2020-2024","5",0.536974427499633
"2020-2024","5",0.589749398620767
"2020-2024","5",0.509089949825341
"2020-2024","5",0.554016353215806
"2020-2024","5",0.551910095635515
"2020-2024","5",0.531574567758769
"2020-2024","5",0.563651779333854
"2020-2024","5",0.55900156746632
"2020-2024","5",0.533074498383567
"2020-2024","5",0.515911589407678
"2020-2024","5",0.538024280777758
"2020-2024","5",0.541505163566947
"2020-2024","5",0.577593200086958
"2020-2024","5",0.545645551024397
"2020-2024","5",0.543831086889923
"2020-2024","5",0.536107439056094
"2020-2024","5",0.539035050505001
"2020-2024","5",0.551547027854874
"2020-2024","5",0.556451280685804
"2020-2024","5",0.575638809922837
"2020-2024","5",0.561717512080124
"2020-2024","5",0.555993857116128
"2020-2024","5",0.555995100865542
"2020-2024","5",0.551734247810385
"2020-2024","5",0.540298525034667
"2020-2024","5",0.580906006935232
"2020-2024","5",0.564971631512819
"2020-2024","5",0.537907411849472
"2020-2024","5",0.542199767412114
"2020-2024","5",0.552381719070011
"2020-2024","5",0.53709312583012
"2020-2024","5",0.546254086792674
"2020-2024","5",0.545770253276194
"2020-2024","5",0.607636758890592
"2020-2024","5",0.562660103725917
"2020-2024","5",0.565090886964804
"2020-2024","5",0.530540076202816
"2020-2024","5",0.535246202679102
"2020-2024","5",0.544421035215103
"2020-2024","5",0.555042125361824
"2020-2024","5",0.564889722011644
"2020-2024","5",0.567100237125742
"2020-2024","5",0.549913485552983
"2020-2024","5",0.561755561902333
"2020-2024","5",0.537088485361346
"2020-2024","5",0.604147049371894
"2020-2024","5",0.550581498786853
"2020-2024","5",0.528589582330293
"2020-2024","5",0.509146289311633
"2020-2024","5",0.581410543620602
"2020-2024","5",0.523553663624994
"2020-2024","5",0.535442040770993
"2020-2024","5",0.553001031432854
"2020-2024","5",0.521867060919613
"2020-2024","5",0.551229874085703
"2020-2024","5",0.541695257962775
"2020-2024","5",0.550508631653131
"2020-2024","5",0.539464661111308
"2020-2024","5",0.557587743271413
"2020-2024","5",0.573510430636813
"2020-2024","5",0.571781138493
"2020-2024","5",0.539152395532964
"2020-2024","5",0.60247531203808
"2020-2024","5",0.594752131227162
"2020-2024","5",0.573363973508106
"2020-2024","5",0.517511446112004
"2020-2024","5",0.528285157764704
"2020-2024","5",0.547945298452574
"2020-2024","5",0.592567157050143
"2020-2024","5",0.551741549871213
"2020-2024","5",0.573503931270048
"2020-2024","5",0.529152932420163
"2020-2024","5",0.566834586486282
"2020-2024","5",0.563635563147344
"2020-2024","5",0.571626896805119
"2020-2024","5",0.542888650991727
"2020-2024","5",0.547998140894716
"2020-2024","5",0.542644408939881
"2020-2024","5",0.562700828190505
"2020-2024","5",0.533286773650774
"2020-2024","5",0.583180315975762
"2020-2024","5",0.558383966330684
"2020-2024","5",0.548397347181833
"2020-2024","5",0.544201453053372
"2020-2024","5",0.556500124570139
"2020-2024","5",0.570813435977992
"2020-2024","5",0.5690898174502
"2020-2024","5",0.592198914057329
"2020-2024","5",0.547132763195063
"2020-2024","5",0.556586333418682
"2020-2024","5",0.556450777998421
"2020-2024","5",0.551199450577278
"2020-2024","5",0.560619454645707
"2020-2024","5",0.543882330066805
"2020-2024","5",0.572803652143872
"2020-2024","5",0.572729934478988
"2020-2024","5",0.548731667522153
"2020-2024","5",0.546497444958303
"2020-2024","5",0.545724988073738
"2020-2024","5",0.542282478080971
"2020-2024","5",0.529689662776992
"2020-2024","5",0.561860750695364
"2020-2024","5",0.558605393461961
"2020-2024","5",0.527998535586739
"2020-2024","5",0.540688238861319
"2020-2024","5",0.556519092222191
"2020-2024","5",0.558232967052455
"2020-2024","5",0.569242591939583
"2020-2024","5",0.581436949940852
"2020-2024","5",0.548065640215212
"2020-2024","5",0.533605330705378
"2020-2024","5",0.530668660956706
"2020-2024","5",0.570712028940171
"2020-2024","5",0.550405032921641
"2020-2024","5",0.540961507346019
"2020-2024","5",0.537694279327647
"2020-2024","5",0.573689885813555
"2020-2024","5",0.538059951094875
"2020-2024","5",0.566941483294079
"2020-2024","5",0.578894450717161
"2020-2024","5",0.563834164253449
"2020-2024","5",0.517966308453077
"2020-2024","5",0.573049358641097
"2020-2024","5",0.57549731158785
"2020-2024","5",0.49940674759821
"2020-2024","5",0.56359522766253
"2020-2024","5",0.584124749597199
"2020-2024","5",0.563327722099864
"2020-2024","5",0.588675920132416
"2020-2024","5",0.573969657879961
"2020-2024","5",0.538998260026185
"2020-2024","5",0.582053103406349
"2020-2024","5",0.571106459585277
"2020-2024","5",0.550569799959563
"2020-2024","5",0.533007108337546
"2020-2024","5",0.532010526247928
"2020-2024","5",0.560994066432942
"2020-2024","5",0.547352764807689
"2020-2024","5",0.547060232358428
"2020-2024","5",0.547367341534037
"2020-2024","5",0.553271222121951
"2020-2024","5",0.556448632209985
"2020-2024","5",0.560947134996275
"2020-2024","5",0.567213480444169
"2020-2024","5",0.522740731579808
"2020-2024","5",0.576038234393258
"2020-2024","5",0.550276390245041
"2020-2024","5",0.53171417221358
"2020-2024","5",0.561693799036795
"2020-2024","5",0.53705683068064
"2020-2024","5",0.558461719382033
"2020-2024","5",0.567965727899371
"2020-2024","5",0.574780563221892
"2020-2024","5",0.582322012204166
"2020-2024","5",0.557255876190222
"2020-2024","5",0.549543936244156
"2020-2024","5",0.558236796693186
"2020-2024","5",0.550062817341748
"2020-2024","5",0.529390679243199
"2020-2024","5",0.552993366779833
"2020-2024","5",0.579552528294266
"2020-2024","5",0.52752444427525
"2020-2024","5",0.552053336517714
"2020-2024","5",0.553969974090846
"2020-2024","5",0.548746619714927
"2020-2024","5",0.532429454090731
"2020-2024","5",0.536247070875269
"2020-2024","5",0.531949423338365
"2020-2024","5",0.557767849182786
"2020-2024","5",0.560248315275457
"2020-2024","5",0.545293847657075
"2020-2024","5",0.528851864612807
"2020-2024","5",0.578320899892734
"2020-2024","5",0.546511291977053
"2020-2024","5",0.546223092219788
"2020-2024","5",0.559265610066805
"2020-2024","5",0.552922968695299
"2020-2024","5",0.559991045426412
"2020-2024","5",0.547693591014462
"2020-2024","5",0.554309411449194
"2020-2024","5",0.552910324040303
"2020-2024","5",0.540695852273544
"2020-2024","5",0.556154280063916
"2020-2024","5",0.565195145677872
"2020-2024","5",0.527052824528411
"2020-2024","5",0.553134249649548
"2020-2024","5",0.579731320650163
"2020-2024","5",0.557474995658851
"2020-2024","5",0.564688041501844
"2020-2024","5",0.569223245873873
"2020-2024","5",0.579054142426211
"2020-2024","5",0.5485798717223
"2020-2024","5",0.58508803890137
"2020-2024","5",0.532470300687059
"2020-2024","5",0.56374694701012
"2020-2024","5",0.562917777276839
"2020-2024","5",0.553769160895356
"2020-2024","5",0.538453811159636
"2020-2024","5",0.531680581298347
"2020-2024","5",0.54972253589246
"2020-2024","5",0.550209339035315
"2020-2024","5",0.555782671929781
"2020-2024","5",0.583721003676227
"2020-2024","5",0.538759789945323
"2020-2024","5",0.586156088942307
"2020-2024","5",0.550207470758565
"2020-2024","5",0.533154399164341
"2020-2024","5",0.547071297903084
"2020-2024","5",0.566478861044533
"2020-2024","5",0.569751573559213
"2020-2024","5",0.532677397208429
"2020-2024","5",0.565588088315415
"2020-2024","5",0.582490107587533
"2020-2024","5",0.537778703935494
"2020-2024","5",0.559372430368493
"2020-2024","5",0.539793994407241
"2020-2024","5",0.548364199351101
"2020-2024","5",0.565341629846226
"2020-2024","5",0.568575371110891
"2020-2024","5",0.547009219811828
"2020-2024","5",0.541354374905841
"2020-2024","5",0.557005620773891
"2020-2024","5",0.570715462388113
"2020-2024","5",0.511486736018994
"2020-2024","5",0.564612351134811
"2020-2024","5",0.548341182567045
"2020-2024","5",0.543889349705208
"2020-2024","5",0.540736038914027
"2020-2024","5",0.565170550702085
"2020-2024","5",0.56760095878701
"2020-2024","5",0.557015750178347
"2020-2024","5",0.539035086590475
"2020-2024","5",0.561255567522507
"2020-2024","5",0.535019502898744
"2020-2024","5",0.510754715305342
"2020-2024","5",0.536731396174461
"2020-2024","5",0.529450475496722
"2020-2024","5",0.565281703524132
"2020-2024","5",0.519321089825285
"2020-2024","5",0.564060047789735
"2020-2024","5",0.547470263981473
"2020-2024","5",0.565087001341737
"2020-2024","5",0.536284776209786
"2020-2024","5",0.59924541404683
"2020-2024","5",0.547241098313871
"2020-2024","5",0.554080607702454
"2020-2024","5",0.558615204299956
"2020-2024","5",0.57411709074845
"2020-2024","5",0.53390662878858
"2020-2024","5",0.55847123601757
"2020-2024","5",0.547480470637747
"2020-2024","5",0.588028848607906
"2020-2024","5",0.545922410963993
"2020-2024","5",0.550368474796248
"2020-2024","5",0.568118187964056
"2020-2024","5",0.521158759370332
"2020-2024","5",0.521079827105333
"2020-2024","5",0.539961355889652
"2020-2024","5",0.542901329716419
"2020-2024","5",0.574008739741345
"2020-2024","5",0.532033296022782
"2020-2024","5",0.545945303363628
"2020-2024","5",0.559950374729909
"2020-2024","5",0.535271572088076
"2020-2024","5",0.528020821410047
"2020-2024","5",0.520123956691819
"2020-2024","5",0.548583282888057
"2020-2024","5",0.528095835491356
"2020-2024","5",0.523121863388599
"2020-2024","5",0.576415177431241
"2020-2024","5",0.583401147594643
"2020-2024","5",0.547489532466649
"2020-2024","5",0.537049133062185
"2020-2024","5",0.506398744868173
"2020-2024","5",0.553409526055605
"2020-2024","5",0.533958091753487
"2020-2024","5",0.546088553713855
"2020-2024","5",0.5639346803444
"2020-2024","5",0.553805170041501
"2020-2024","5",0.556943767371894
"2020-2024","5",0.563040037339077
"2020-2024","5",0.554515371101265
"2020-2024","5",0.536248428814633
"2020-2024","5",0.559583394314669
"2020-2024","5",0.583347816980699
"2020-2024","5",0.565810892219202
"2020-2024","5",0.556758323963231
"2020-2024","5",0.523883985463854
"2020-2024","5",0.546292474012912
"2020-2024","5",0.560390731318812
"2020-2024","5",0.526518153406
"2020-2024","5",0.551390522567593
"2020-2024","5",0.527016553140591
"2020-2024","5",0.574681441671039
"2020-2024","5",0.560100533197833
"2020-2024","5",0.537587287220796
"2020-2024","5",0.536942441338809
"2020-2024","5",0.531247668520232
"2020-2024","5",0.537012019818956
"2020-2024","5",0.524340993717489
"2020-2024","5",0.552747814644911
"2020-2024","5",0.551092580704783
"2020-2024","5",0.533685168772328
"2020-2024","5",0.570546484136801
"2020-2024","5",0.540679844499169
"2020-2024","5",0.566702027744751
"2020-2024","5",0.555135367045945
"2020-2024","5",0.570699064663346
"2020-2024","5",0.542239424064197
"2020-2024","5",0.543124879809727
"2020-2024","5",0.518993758732423
"2020-2024","5",0.568952312530627
"2020-2024","5",0.550189013928099
"2020-2024","5",0.59595830866013
"2020-2024","5",0.545892187483204
"2020-2024","5",0.566032982161589
"2020-2024","5",0.540917627608027
"2020-2024","5",0.538647624730717
"2020-2024","5",0.547655816044042
"2020-2024","5",0.535784049924952
"2020-2024","5",0.541617708293068
"2020-2024","5",0.550663548752745
"2020-2024","5",0.5538749812408
"2020-2024","5",0.561767093301563
"2020-2024","5",0.547990586612711
"2020-2024","5",0.536920131412984
"2020-2024","5",0.556450336552149
"2020-2024","5",0.554533709098803
"2020-2024","5",0.573178670742641
"2020-2024","5",0.573193837557365
"2020-2024","5",0.529595472206953
"2020-2024","5",0.54512007159639
"2020-2024","5",0.553314062785821
"2020-2024","5",0.52317744550155
"2020-2024","5",0.563626232575342
"2020-2024","5",0.540575594902549
"2020-2024","5",0.556640847149615
"2020-2024","5",0.551254226886376
"2020-2024","5",0.553380586339332
"2020-2024","5",0.521616502200917
"2020-2024","5",0.573553122120926
"2020-2024","5",0.539292275423865
"2020-2024","5",0.525814483286783
"2020-2024","5",0.558594397707266
"2020-2024","5",0.56269794974637
"2020-2024","5",0.573014622078833
"2020-2024","5",0.521767302634076
"2020-2024","5",0.592894771631327
"2020-2024","5",0.539396744900796
"2020-2024","5",0.546993955435725
"2020-2024","5",0.56964822772629
"2020-2024","5",0.573625279677731
"2020-2024","5",0.538544987850694
"2020-2024","5",0.536698101673768
"2020-2024","5",0.560604312326936
"2020-2024","5",0.569290683195934
"2020-2024","5",0.564860179867753
"2020-2024","5",0.538333848706914
"2020-2024","5",0.562761789943437
"2020-2024","5",0.551505190580085
"2020-2024","5",0.534122704056952
"2020-2024","5",0.529186710726632
"2020-2024","5",0.572877045716299
"2020-2024","5",0.542729644173961
"2020-2024","5",0.567558264874367
"2020-2024","5",0.574342321428532
"2020-2024","5",0.533351944093381
"2020-2024","5",0.533092136245772
"2020-2024","5",0.614997222169065
"2020-2024","5",0.54713624472146
"2020-2024","5",0.580508040879443
"2020-2024","5",0.567634176059348
"2020-2024","5",0.569677527888775
"2020-2024","5",0.586486302594141
"2020-2024","5",0.547562216612882
"2020-2024","5",0.555979454498953
"2020-2024","5",0.538642679816371
"2020-2024","5",0.549909843224034
"2020-2024","5",0.54984566191569
"2020-2024","5",0.570067895555294
"2020-2024","5",0.58680991826187
"2020-2024","5",0.542266398599088
"2020-2024","5",0.573642475928739
"2020-2024","5",0.545645925065125
"2020-2024","5",0.571807564140979
"2020-2024","5",0.539490797033747
"2020-2024","5",0.539125606735947
"2020-2024","5",0.523923157813143
"2020-2024","5",0.563495317672853
"2020-2024","5",0.605582245010314
"2020-2024","5",0.533388179420344
"2020-2024","5",0.561880457774841
"2020-2024","5",0.527510198966314
"2020-2024","5",0.55001869879261
"2020-2024","5",0.545563741364443
"2020-2024","5",0.572544355664648
"2020-2024","5",0.570738854462596
"2020-2024","5",0.578400567798218
"2020-2024","5",0.525144416188974
"2020-2024","5",0.55668633837673
"2020-2024","5",0.574097246701106
"2020-2024","5",0.551506904132549
"2020-2024","5",0.582107958249433
"2020-2024","5",0.555297183969933
"2020-2024","5",0.530422455715187
"2020-2024","5",0.55172838980973
"2020-2024","5",0.512097009083601
"2020-2024","5",0.523373378647807
"2020-2024","5",0.543284321008648
"2020-2024","5",0.556439557230208
"2020-2024","5",0.570288513766031
"2020-2024","5",0.554552959284777
"2020-2024","5",0.56170630433722
"2020-2024","5",0.549781940688333
"2020-2024","5",0.557415957757024
"2020-2024","5",0.569505973967873
"2020-2024","5",0.534397214740388
"2020-2024","5",0.578079706594018
"2020-2024","5",0.53621048224207
"2020-2024","5",0.559868502133083
"2020-2024","5",0.55175260397342
"2020-2024","5",0.574905482120836
"2020-2024","5",0.57676674588408
"2020-2024","5",0.554427890911682
"2020-2024","5",0.586869941128357
"2020-2024","5",0.54258216586767
"2020-2024","5",0.538038048290753
"2020-2024","5",0.54645713634995
"2020-2024","5",0.570802938763634
"2020-2024","5",0.551741809288174
"2020-2024","5",0.562304456248414
"2020-2024","5",0.577805890276018
"2020-2024","5",0.559909890197211
"2020-2024","5",0.552172052429403
"2020-2024","5",0.533745975821517
"2020-2024","5",0.547291190388086
"2020-2024","5",0.59010327792392
"2020-2024","5",0.55045932353283
"2020-2024","5",0.547468259717503
"2020-2024","5",0.506543000426349
"2020-2024","5",0.57481090880697
"2020-2024","5",0.552473719847778
"2020-2024","5",0.535542019170029
"2020-2024","5",0.536194085361491
"2020-2024","5",0.565998306353135
"2020-2024","5",0.5505212856743
"2020-2024","5",0.537617811653613
"2020-2024","5",0.556713323904776
"2020-2024","5",0.586628374638556
"2020-2024","5",0.536919995516447
"2020-2024","5",0.573869859096802
"2020-2024","5",0.540910437281808
"2020-2024","5",0.53249054171525
"2020-2024","5",0.590122522845741
"2020-2024","5",0.53806504925208
"2020-2024","5",0.59893779587457
"2020-2024","5",0.542541951291051
"2020-2024","5",0.538907182314128
"2020-2024","5",0.553097317964757
"2020-2024","5",0.524427789675856
"2020-2024","5",0.51065986493246
"2020-2024","5",0.530715899829164
"2020-2024","5",0.55143027613709
"2020-2024","5",0.546800502600045
"2020-2024","5",0.539623837721187
"2020-2024","5",0.548749906091267
"2020-2024","5",0.524063443541798
"2020-2024","5",0.542790998962157
"2020-2024","5",0.53421632693499
"2020-2024","5",0.542904487953083
"2020-2024","5",0.562054447631044
"2020-2024","5",0.573831905568673
"2020-2024","5",0.565012453543944
"2020-2024","5",0.558909071663958
"2020-2024","5",0.546083186117291
"2020-2024","5",0.548782723068873
"2020-2024","5",0.540743141713872
"2020-2024","5",0.567217524767054
"2020-2024","5",0.562935258728079
"2020-2024","5",0.550601410695382
"2020-2024","5",0.53742018034208
"2020-2024","5",0.543002882197098
"2020-2024","5",0.560379885821998
"2020-2024","5",0.549326013405442
"2020-2024","5",0.573629567195323
"2020-2024","5",0.553092993935108
"2020-2024","5",0.524105804295541
"2020-2024","5",0.542279511193434
"2020-2024","5",0.546170999993957
"2020-2024","5",0.556914139435658
"2020-2024","5",0.564255812552874
"2020-2024","5",0.560989095384797
"2020-2024","5",0.577172685208899
"2020-2024","5",0.549752716465002
"2020-2024","5",0.551256249177599
"2020-2024","5",0.557807852811924
"2020-2024","5",0.486609334098188
"2020-2024","5",0.570805146083105
"2020-2024","5",0.567907017115783
"2020-2024","5",0.528192369551154
"2020-2024","5",0.539138400037276
"2020-2024","5",0.548787394921441
"2020-2024","5",0.54065101570083
"2020-2024","5",0.543235884271856
"2020-2024","5",0.586026793243496
"2020-2024","5",0.562796915926335
"2020-2024","5",0.546678892897071
"2020-2024","5",0.556527879705649
"2020-2024","5",0.531830004135187
"2020-2024","5",0.54647233736977
"2020-2024","5",0.526905187078993
"2020-2024","5",0.550429804553542
"2020-2024","5",0.569819235059188
"2020-2024","5",0.558271872323991
"2020-2024","5",0.56729809964039
"2020-2024","5",0.522690766950173
"2020-2024","5",0.552584995170531
"2020-2024","5",0.588499381090582
"2020-2024","5",0.575855144640871
"2020-2024","5",0.584862047128629
"2020-2024","5",0.549024746952151
"2020-2024","5",0.568753568913392
"2020-2024","5",0.545622365073995
"2020-2024","5",0.587445894195418
"2020-2024","5",0.578627750564434
"2020-2024","5",0.562823779857399
"2020-2024","5",0.561422182377683
"2020-2024","5",0.577531268626951
"2020-2024","5",0.546504399696799
"2020-2024","5",0.557607948457824
"2020-2024","5",0.573995559799242
"2020-2024","5",0.56525741737458
"2020-2024","5",0.567257568187862
"2020-2024","5",0.555862397180988
"2020-2024","5",0.556796051168311
"2020-2024","5",0.541217736465552
"2020-2024","5",0.544504109872048
"2020-2024","5",0.537408472985163
"2020-2024","5",0.542505420521622
"2020-2024","5",0.549057325282027
"2020-2024","5",0.553265376404823
"2020-2024","5",0.523288312367383
"2020-2024","5",0.568314024416024
"2020-2024","5",0.577869917216107
"2020-2024","5",0.545892268649883
"2020-2024","5",0.562772210501403
"2020-2024","5",0.580464504287657
"2020-2024","5",0.557581657380987
"2020-2024","5",0.547134464977532
"2020-2024","5",0.565264093946798
"2020-2024","5",0.550632352649906
"2020-2024","5",0.585038865073979
"2020-2024","5",0.526973858220553
"2020-2024","5",0.53920151452093
"2020-2024","5",0.520636932905462
"2020-2024","5",0.556793381894689
"2020-2024","5",0.562263113729203
"2020-2024","5",0.526585888596707
"2020-2024","5",0.542046603831053
"2020-2024","5",0.573299804563664
"2020-2024","5",0.567122479147003
"2020-2024","5",0.561221228225396
"2020-2024","5",0.547568745007166
"2020-2024","5",0.549763829817118
"2020-2024","5",0.58430868535011
"2020-2024","5",0.539572160918593
"2020-2024","5",0.528453606095302
"2020-2024","5",0.527514828576357
"2020-2024","5",0.577342453120784
"2020-2024","5",0.534860720424263
"2020-2024","5",0.53530468802273
"2020-2024","5",0.55729896328301
"2020-2024","5",0.572792360168132
"2020-2024","5",0.556838930681082
"2020-2024","5",0.520577525725431
"2020-2024","5",0.544620206968407
"2020-2024","5",0.523152076674686
"2020-2024","5",0.535013970160045
"2020-2024","5",0.55858377928133
"2020-2024","5",0.553315363334775
"2020-2024","5",0.557553016684712
"2020-2024","5",0.56563844432914
"2020-2024","5",0.561040507961532
"2020-2024","5",0.557480060772454
"2020-2024","5",0.565244238784038
"2020-2024","5",0.540948780274959
"2020-2024","5",0.560558317020998
"2020-2024","5",0.554177040089645
"2020-2024","5",0.54509370510761
"2020-2024","5",0.54002050844011
"2020-2024","5",0.555788574466536
"2020-2024","5",0.546058759836255
"2020-2024","5",0.531646412979645
"2020-2024","5",0.568745122969041
"2020-2024","5",0.556857373974702
"2020-2024","5",0.574951136294076
"2020-2024","5",0.526930044009109
"2020-2024","5",0.551139085741821
"2020-2024","5",0.536089825180156
"2020-2024","5",0.550195005539255
"2020-2024","5",0.511703888655258
"2020-2024","5",0.565826876321926
"2020-2024","5",0.540096694344413
"2020-2024","5",0.534469941471661
"2020-2024","5",0.518997813729957
"2020-2024","5",0.586969948961593
"2020-2024","5",0.560435711492697
"2020-2024","5",0.547687422102504
"2020-2024","5",0.546904460712404
"2020-2024","5",0.549924176323168
"2020-2024","5",0.547556882036748
"2020-2024","5",0.563789084405284
"2020-2024","5",0.558793988834899
"2020-2024","5",0.542716714815581
"2020-2024","5",0.566616856255234
"2020-2024","5",0.590050914082995
"2020-2024","5",0.53658339687282
"2020-2024","5",0.573843505904417
"2020-2024","5",0.552712677967122
"2020-2024","5",0.567157111772407
"2020-2024","5",0.540646257277855
"2020-2024","5",0.559877259404141
"2020-2024","5",0.521628518895652
"2020-2024","5",0.527421598237169
"2020-2024","5",0.550401349290245
"2020-2024","5",0.568535777308167
"2020-2024","5",0.547603419891058
"2020-2024","5",0.563831957904382
"2020-2024","5",0.542504700187089
"2020-2024","5",0.567116806492529
"2020-2024","5",0.579709515443921
"2020-2024","5",0.583459402686278
"2020-2024","5",0.507883349209713
"2020-2024","5",0.504302540570309
"2020-2024","5",0.532116979995492
"2020-2024","5",0.555742962468792
"2020-2024","5",0.51518296449852
"2020-2024","5",0.541913632997124
"2020-2024","5",0.560635284439465
"2020-2024","5",0.543199221325538
"2020-2024","5",0.554126291648808
"2020-2024","5",0.552985424273059
"2020-2024","5",0.543310175404582
"2020-2024","5",0.568608241696334
"2020-2024","5",0.536120825289679
"2020-2024","5",0.54689800815449
"2020-2024","5",0.530628210631791
"2020-2024","5",0.556988746255567
"2020-2024","5",0.582214327831112
"2020-2024","5",0.569058309931305
"2020-2024","5",0.565941961394254
"2020-2024","5",0.546756242524597
"2020-2024","5",0.529877110972174
"2020-2024","5",0.551656754721594
"2020-2024","5",0.538846984437963
"2020-2024","5",0.56459930059119
"2020-2024","5",0.558770578489684
"2020-2024","5",0.545444457651208
"2020-2024","5",0.56031755116149
"2020-2024","5",0.533898530154128
"2020-2024","5",0.549200003130978
"2020-2024","5",0.577313155052179
"2020-2024","5",0.54576656762396
"2020-2024","5",0.526254443157143
"2020-2024","5",0.594063932364992
"2020-2024","5",0.548805311783318
"2020-2024","5",0.540823273694449
"2020-2024","5",0.533134123531185
"2020-2024","5",0.546921856952454
"2020-2024","5",0.587073698575075
"2020-2024","5",0.509394258567566
"2020-2024","5",0.557253451692475
"2020-2024","5",0.555846298309487
"2020-2024","5",0.56570884911969
"2020-2024","5",0.542007872118837
"2020-2024","5",0.556486748433914
"2020-2024","5",0.537410956642781
"2020-2024","5",0.550016064648369
"2020-2024","5",0.558299792461213
"2020-2024","5",0.553478160106918
"2020-2024","5",0.569174621346404
"2020-2024","5",0.515252602698034
"2020-2024","5",0.589504264344335
"2020-2024","5",0.543393594564816
"2020-2024","5",0.565390771724215
"2020-2024","5",0.571681586115073
"2020-2024","5",0.52588106297753
"2020-2024","5",0.576101361469133
"2020-2024","5",0.53937617912221
"2020-2024","5",0.556390186822806
"2020-2024","5",0.566446811001332
"2020-2024","5",0.528156381880155
"2020-2024","5",0.56044177496744
"2020-2024","5",0.530044899602138
"2020-2024","5",0.576864194691773
"2020-2024","5",0.575814676038645
"2020-2024","5",0.575351087244866
"2020-2024","5",0.516095470576447
"2020-2024","5",0.549559827853987
"2020-2024","5",0.574285464260694
"2020-2024","5",0.516280610052801
"2020-2024","5",0.54976401230128
"2020-2024","5",0.546100870385661
"2020-2024","5",0.514877582292824
"2020-2024","5",0.525512948566635
"2020-2024","5",0.551888753695404
"2020-2024","5",0.536620375894713
"2020-2024","5",0.524974982430911
"2020-2024","5",0.542829426425273
"2020-2024","5",0.533330002718601
"2020-2024","5",0.565332361256114
"2020-2024","5",0.561952776030282
"2020-2024","5",0.576937018559747
"2020-2024","5",0.532128031377582
"2020-2024","5",0.557221285030264
"2020-2024","5",0.523081061164303
"2020-2024","5",0.548397772654996
"2020-2024","5",0.542755086546667
"2020-2024","5",0.582761595964331
"2020-2024","5",0.539248691111761
"2020-2024","5",0.555232554602313
"2020-2024","5",0.554372961286695
"2020-2024","5",0.563830968776928
"2020-2024","5",0.55386673715053
"2020-2024","5",0.548591771718688
"2020-2024","5",0.547949123152018
"2020-2024","5",0.534129306453151
"2020-2024","5",0.549482015873524
"2020-2024","5",0.523527411055524
"2020-2024","5",0.573598028593419
"2020-2024","5",0.543523392505128
"2020-2024","5",0.549099152872748
"2020-2024","5",0.561295142521795
"2020-2024","5",0.5266531229279
"2020-2024","5",0.550436072789386
"2020-2024","5",0.532899452955572
"2020-2024","5",0.560616364400865
"2020-2024","5",0.549290582793359
"2020-2024","5",0.533607913796639
"2020-2024","5",0.549840029999862
"2020-2024","5",0.539882955666036
"2020-2024","5",0.549956273424137
"2020-2024","5",0.56499709698513
"2020-2024","5",0.555613112983318
"2020-2024","5",0.55032311719961
"2020-2024","5",0.565995972152743
"2020-2024","5",0.539554118771795
"2020-2024","5",0.53001730617159
"2020-2024","5",0.540603132791609
"2020-2024","5",0.527070277514574
"2020-2024","5",0.578662363184431
"2020-2024","5",0.549560587974478
"2020-2024","5",0.551061290585479
"2020-2024","5",0.567124099801072
"2020-2024","5",0.547233110912012
"2020-2024","5",0.544936829326993
"2020-2024","5",0.560625853640732
"2020-2024","5",0.52502843624029
"2020-2024","5",0.534202891533825
"2020-2024","5",0.544518182831651
"2020-2024","5",0.55003394429376
"2020-2024","5",0.515327171471609
"2020-2024","5",0.582943235700065
"2020-2024","5",0.551534648606117
"2020-2024","5",0.569097633167209
"2020-2024","5",0.564620352345142
"2020-2024","5",0.522235304993087
"2020-2024","5",0.583521092003957
"2020-2024","5",0.545959118144873
"2020-2024","5",0.558556509926903
"2020-2024","5",0.56779272509509
"2020-2024","5",0.574874941572185
"2020-2024","5",0.554001092868415
"2020-2024","5",0.545556743860056
"2020-2024","5",0.580289182868827
"2020-2024","5",0.532833701231822
"2020-2024","5",0.535324498060215
"2020-2024","5",0.565017221117058
"2020-2024","5",0.54250967496851
"2020-2024","5",0.5726031364477
"2020-2024","5",0.573512298462594
"2020-2024","5",0.545494684810536
"2020-2024","5",0.57684197542897
"2020-2024","5",0.564793029285379
"2020-2024","5",0.540632615618307
"2020-2024","5",0.562318036754928
"2020-2024","5",0.562225610487806
"2020-2024","5",0.546302860461571
"2020-2024","5",0.571689516644573
"2020-2024","5",0.535005600643137
"2020-2024","5",0.541836239347343
"2020-2024","5",0.549387187317136
"2020-2024","5",0.545415046064702
"2020-2024","5",0.557009315699546
"2020-2024","5",0.513723487744575
"2020-2024","5",0.570136403807228
"2020-2024","5",0.582007300235365
"2020-2024","5",0.546301790385649
"2020-2024","5",0.564683644576866
"2020-2024","5",0.556515367357432
"2020-2024","5",0.525231623834037
"2020-2024","5",0.549729619338796
"2020-2024","5",0.565133871625087
"2020-2024","5",0.54754584444947
"2020-2024","5",0.555323912281202
"2020-2024","5",0.553894934562635
"2010-2014","National",0.545637880640238
"2010-2014","National",0.54523595508253
"2010-2014","National",0.555737375656475
"2010-2014","National",0.534776567591779
"2010-2014","National",0.544489777306023
"2010-2014","National",0.551878533114012
"2010-2014","National",0.562018485199118
"2010-2014","National",0.538421729656451
"2010-2014","National",0.550781732579847
"2010-2014","National",0.552472199964212
"2010-2014","National",0.551105988634375
"2010-2014","National",0.56236836729634
"2010-2014","National",0.521236681075211
"2010-2014","National",0.549997091156461
"2010-2014","National",0.547831774765017
"2010-2014","National",0.53716258744465
"2010-2014","National",0.554863341190215
"2010-2014","National",0.543626115968129
"2010-2014","National",0.544767817527667
"2010-2014","National",0.553377165186303
"2010-2014","National",0.551412774656454
"2010-2014","National",0.548124454004783
"2010-2014","National",0.539053122149773
"2010-2014","National",0.548510930148053
"2010-2014","National",0.550685193350204
"2010-2014","National",0.550389119555852
"2010-2014","National",0.547415744260014
"2010-2014","National",0.550945957068233
"2010-2014","National",0.543462514513355
"2010-2014","National",0.555779256080791
"2010-2014","National",0.543269962330521
"2010-2014","National",0.545044545590238
"2010-2014","National",0.542487546544946
"2010-2014","National",0.551730669665732
"2010-2014","National",0.543450765991357
"2010-2014","National",0.543416629945931
"2010-2014","National",0.548614168498195
"2010-2014","National",0.544124482420848
"2010-2014","National",0.547062226156911
"2010-2014","National",0.542967728497727
"2010-2014","National",0.531929171783814
"2010-2014","National",0.535519571787226
"2010-2014","National",0.54527316454702
"2010-2014","National",0.536375296465291
"2010-2014","National",0.548013541360498
"2010-2014","National",0.557944913089712
"2010-2014","National",0.54921151344991
"2010-2014","National",0.548880361272508
"2010-2014","National",0.552330148103419
"2010-2014","National",0.555236723509622
"2010-2014","National",0.542325642482641
"2010-2014","National",0.545111687572277
"2010-2014","National",0.546742659039101
"2010-2014","National",0.545159947751812
"2010-2014","National",0.548652576037859
"2010-2014","National",0.556888246008749
"2010-2014","National",0.547679076559287
"2010-2014","National",0.548655365905303
"2010-2014","National",0.555668390976117
"2010-2014","National",0.533606288238468
"2010-2014","National",0.548376911137532
"2010-2014","National",0.556483473353617
"2010-2014","National",0.549015031999819
"2010-2014","National",0.555598016558024
"2010-2014","National",0.557218090923689
"2010-2014","National",0.552524216678168
"2010-2014","National",0.543484376890004
"2010-2014","National",0.535347839465837
"2010-2014","National",0.562200970249387
"2010-2014","National",0.535690993717308
"2010-2014","National",0.551101388519777
"2010-2014","National",0.561650828203322
"2010-2014","National",0.526733246887556
"2010-2014","National",0.54339048713856
"2010-2014","National",0.539723239122815
"2010-2014","National",0.53825042822024
"2010-2014","National",0.541053282449109
"2010-2014","National",0.546074278642439
"2010-2014","National",0.546905182653398
"2010-2014","National",0.535993063394497
"2010-2014","National",0.547320226683211
"2010-2014","National",0.540672127794223
"2010-2014","National",0.542839495745069
"2010-2014","National",0.546360386476571
"2010-2014","National",0.537604246883777
"2010-2014","National",0.540564972191263
"2010-2014","National",0.548917301964828
"2010-2014","National",0.532999192782041
"2010-2014","National",0.541173912821026
"2010-2014","National",0.530151075240188
"2010-2014","National",0.555494597620193
"2010-2014","National",0.537808917856863
"2010-2014","National",0.547785162736115
"2010-2014","National",0.546364492669118
"2010-2014","National",0.542405241114557
"2010-2014","National",0.54034138112628
"2010-2014","National",0.540715829891925
"2010-2014","National",0.545680244830267
"2010-2014","National",0.556177373352085
"2010-2014","National",0.543964388110061
"2010-2014","National",0.551396107115884
"2010-2014","National",0.542570300905326
"2010-2014","National",0.545654730515038
"2010-2014","National",0.551372638746471
"2010-2014","National",0.537572549347811
"2010-2014","National",0.542337819391479
"2010-2014","National",0.549446539930887
"2010-2014","National",0.537979700383402
"2010-2014","National",0.545244801833809
"2010-2014","National",0.558469818848272
"2010-2014","National",0.550899079150573
"2010-2014","National",0.530489251769258
"2010-2014","National",0.548713561645863
"2010-2014","National",0.545547084381812
"2010-2014","National",0.552635216547355
"2010-2014","National",0.547555943892741
"2010-2014","National",0.552184807525677
"2010-2014","National",0.543421832503694
"2010-2014","National",0.544097157758149
"2010-2014","National",0.549210480240809
"2010-2014","National",0.554762875187156
"2010-2014","National",0.545024430674494
"2010-2014","National",0.541932911225652
"2010-2014","National",0.534738369330597
"2010-2014","National",0.553863337940671
"2010-2014","National",0.542766715588117
"2010-2014","National",0.547258016470568
"2010-2014","National",0.541087205175945
"2010-2014","National",0.535373870800594
"2010-2014","National",0.553705920971397
"2010-2014","National",0.542104063072128
"2010-2014","National",0.547425406239281
"2010-2014","National",0.548178671847112
"2010-2014","National",0.546459480645875
"2010-2014","National",0.550577187193185
"2010-2014","National",0.556038028600493
"2010-2014","National",0.54852645461167
"2010-2014","National",0.55256531860034
"2010-2014","National",0.5445666679223
"2010-2014","National",0.534338226429823
"2010-2014","National",0.547886952994556
"2010-2014","National",0.550888500531456
"2010-2014","National",0.554286392409684
"2010-2014","National",0.540536040969814
"2010-2014","National",0.550888137280021
"2010-2014","National",0.555089782862439
"2010-2014","National",0.542429059200167
"2010-2014","National",0.553014541338488
"2010-2014","National",0.547239570554493
"2010-2014","National",0.546852989260651
"2010-2014","National",0.548695020335352
"2010-2014","National",0.544879537037877
"2010-2014","National",0.528106420229423
"2010-2014","National",0.554740908159168
"2010-2014","National",0.546917071240729
"2010-2014","National",0.557291358411981
"2010-2014","National",0.556145816865556
"2010-2014","National",0.555308733724624
"2010-2014","National",0.544418336073864
"2010-2014","National",0.547876231991587
"2010-2014","National",0.561919196467863
"2010-2014","National",0.535318237097212
"2010-2014","National",0.541919049342079
"2010-2014","National",0.544427358747853
"2010-2014","National",0.547674055662313
"2010-2014","National",0.550104898765181
"2010-2014","National",0.550478069664287
"2010-2014","National",0.547169058368643
"2010-2014","National",0.542991477495589
"2010-2014","National",0.554265115059893
"2010-2014","National",0.544952577572031
"2010-2014","National",0.528120841595153
"2010-2014","National",0.557194008794676
"2010-2014","National",0.556108193279757
"2010-2014","National",0.537043863380361
"2010-2014","National",0.548860615504401
"2010-2014","National",0.558338465649937
"2010-2014","National",0.542865053568639
"2010-2014","National",0.550444736304344
"2010-2014","National",0.550618980479186
"2010-2014","National",0.546689760693602
"2010-2014","National",0.557936119840115
"2010-2014","National",0.545152599704746
"2010-2014","National",0.553257310996268
"2010-2014","National",0.541359277795419
"2010-2014","National",0.544495741815766
"2010-2014","National",0.533457003443912
"2010-2014","National",0.553514928003075
"2010-2014","National",0.547711270188287
"2010-2014","National",0.552452496327662
"2010-2014","National",0.552098510625239
"2010-2014","National",0.555382093174596
"2010-2014","National",0.542691389190062
"2010-2014","National",0.550847819325883
"2010-2014","National",0.553221201577869
"2010-2014","National",0.541790403115642
"2010-2014","National",0.542128218928395
"2010-2014","National",0.536511968581007
"2010-2014","National",0.553492247160623
"2010-2014","National",0.536283133347294
"2010-2014","National",0.556888020604755
"2010-2014","National",0.553099399770473
"2010-2014","National",0.546579249658363
"2010-2014","National",0.550493350095492
"2010-2014","National",0.548732539448468
"2010-2014","National",0.545678062488823
"2010-2014","National",0.548574117055839
"2010-2014","National",0.538250325082277
"2010-2014","National",0.560546027459099
"2010-2014","National",0.549980049309636
"2010-2014","National",0.553317648879159
"2010-2014","National",0.559024879256841
"2010-2014","National",0.553109415363442
"2010-2014","National",0.550044417262402
"2010-2014","National",0.547375496690521
"2010-2014","National",0.55369161100051
"2010-2014","National",0.551428487399291
"2010-2014","National",0.567936196853613
"2010-2014","National",0.555395125202754
"2010-2014","National",0.553314039123656
"2010-2014","National",0.550002767214859
"2010-2014","National",0.560611733766062
"2010-2014","National",0.54065393206379
"2010-2014","National",0.558727732873163
"2010-2014","National",0.558291560133095
"2010-2014","National",0.546699281361206
"2010-2014","National",0.544329307973038
"2010-2014","National",0.54548863681677
"2010-2014","National",0.551405599582364
"2010-2014","National",0.541313647433202
"2010-2014","National",0.537309054681267
"2010-2014","National",0.549591250147777
"2010-2014","National",0.553498080004857
"2010-2014","National",0.550458819363508
"2010-2014","National",0.544223785845807
"2010-2014","National",0.547424225619545
"2010-2014","National",0.559620321315062
"2010-2014","National",0.551828060963874
"2010-2014","National",0.547188941550971
"2010-2014","National",0.547015897902882
"2010-2014","National",0.555512959828687
"2010-2014","National",0.539264753454189
"2010-2014","National",0.546305603730833
"2010-2014","National",0.53242286884875
"2010-2014","National",0.545302848204377
"2010-2014","National",0.548459150784968
"2010-2014","National",0.547536209789418
"2010-2014","National",0.543219299580905
"2010-2014","National",0.548882685449633
"2010-2014","National",0.545443921506603
"2010-2014","National",0.525419555239824
"2010-2014","National",0.537920535991488
"2010-2014","National",0.539660063288272
"2010-2014","National",0.544499588625144
"2010-2014","National",0.55114465738852
"2010-2014","National",0.561943814978134
"2010-2014","National",0.54320220745413
"2010-2014","National",0.541594181722794
"2010-2014","National",0.542432434962494
"2010-2014","National",0.554540191702311
"2010-2014","National",0.549377559891586
"2010-2014","National",0.556498471869318
"2010-2014","National",0.556325156044405
"2010-2014","National",0.5486457988206
"2010-2014","National",0.544342656012575
"2010-2014","National",0.533956333330743
"2010-2014","National",0.561894869338569
"2010-2014","National",0.544076716929386
"2010-2014","National",0.521775762327472
"2010-2014","National",0.532474515145633
"2010-2014","National",0.539962864331355
"2010-2014","National",0.545458274138518
"2010-2014","National",0.55138551286244
"2010-2014","National",0.538827320145997
"2010-2014","National",0.549065599048301
"2010-2014","National",0.540893699030542
"2010-2014","National",0.540485055452447
"2010-2014","National",0.561363233144305
"2010-2014","National",0.535826549013068
"2010-2014","National",0.549892628560296
"2010-2014","National",0.553452549653131
"2010-2014","National",0.54371178703259
"2010-2014","National",0.543967143069734
"2010-2014","National",0.545439221150429
"2010-2014","National",0.555835836183947
"2010-2014","National",0.534150772114258
"2010-2014","National",0.555748998120775
"2010-2014","National",0.532744549181024
"2010-2014","National",0.544845126278378
"2010-2014","National",0.544964549631109
"2010-2014","National",0.541664354312679
"2010-2014","National",0.538132023324008
"2010-2014","National",0.550762173171522
"2010-2014","National",0.540195718143725
"2010-2014","National",0.551035974336824
"2010-2014","National",0.540147651559386
"2010-2014","National",0.543059453342059
"2010-2014","National",0.551002626424654
"2010-2014","National",0.545035942627008
"2010-2014","National",0.543890390975183
"2010-2014","National",0.55634152411834
"2010-2014","National",0.534852683641645
"2010-2014","National",0.552338950778821
"2010-2014","National",0.544184215933736
"2010-2014","National",0.547576895162412
"2010-2014","National",0.538646411955935
"2010-2014","National",0.556769688789359
"2010-2014","National",0.543027123073175
"2010-2014","National",0.5494707877407
"2010-2014","National",0.549563228969595
"2010-2014","National",0.539708941204895
"2010-2014","National",0.562573018805418
"2010-2014","National",0.535199055106408
"2010-2014","National",0.538781221598225
"2010-2014","National",0.552648888316831
"2010-2014","National",0.538381908245027
"2010-2014","National",0.537554452270101
"2010-2014","National",0.559648682227551
"2010-2014","National",0.543223738242053
"2010-2014","National",0.545155110861482
"2010-2014","National",0.542911020713824
"2010-2014","National",0.548732950610614
"2010-2014","National",0.543278727189563
"2010-2014","National",0.552754063559181
"2010-2014","National",0.548233993378486
"2010-2014","National",0.542706797120038
"2010-2014","National",0.554789014415634
"2010-2014","National",0.54687756764324
"2010-2014","National",0.545498526893752
"2010-2014","National",0.555939983845612
"2010-2014","National",0.543796121615009
"2010-2014","National",0.548002397594864
"2010-2014","National",0.547393347382625
"2010-2014","National",0.548723600293167
"2010-2014","National",0.547865153700569
"2010-2014","National",0.556649858131115
"2010-2014","National",0.53731809226807
"2010-2014","National",0.55796552300954
"2010-2014","National",0.545112428830437
"2010-2014","National",0.551480580548837
"2010-2014","National",0.555912839753542
"2010-2014","National",0.539792106392466
"2010-2014","National",0.536770994503432
"2010-2014","National",0.544157553291461
"2010-2014","National",0.54322173363779
"2010-2014","National",0.537257451670856
"2010-2014","National",0.550460611964263
"2010-2014","National",0.552144717759172
"2010-2014","National",0.553160844786471
"2010-2014","National",0.545232880674123
"2010-2014","National",0.555122824434121
"2010-2014","National",0.55461173262581
"2010-2014","National",0.555964211910708
"2010-2014","National",0.546850968370735
"2010-2014","National",0.542145025926872
"2010-2014","National",0.538014073807443
"2010-2014","National",0.550330408134151
"2010-2014","National",0.544712653121386
"2010-2014","National",0.548345895906259
"2010-2014","National",0.536434483879513
"2010-2014","National",0.552580138660159
"2010-2014","National",0.536597279248746
"2010-2014","National",0.550524590292161
"2010-2014","National",0.554100569355599
"2010-2014","National",0.543242372025416
"2010-2014","National",0.546634020691963
"2010-2014","National",0.556458252629885
"2010-2014","National",0.555857710401429
"2010-2014","National",0.54431443270995
"2010-2014","National",0.545917902938801
"2010-2014","National",0.557046443915064
"2010-2014","National",0.557737626101173
"2010-2014","National",0.551110000817378
"2010-2014","National",0.532246281928064
"2010-2014","National",0.550632494191541
"2010-2014","National",0.548848450420714
"2010-2014","National",0.537577621185626
"2010-2014","National",0.550117195756101
"2010-2014","National",0.53326010951034
"2010-2014","National",0.557827756554799
"2010-2014","National",0.547745635261164
"2010-2014","National",0.548087697434885
"2010-2014","National",0.557315240357979
"2010-2014","National",0.541251786269682
"2010-2014","National",0.549028218910152
"2010-2014","National",0.540948387831414
"2010-2014","National",0.548463161231018
"2010-2014","National",0.556963441845905
"2010-2014","National",0.548316089943599
"2010-2014","National",0.534516706245633
"2010-2014","National",0.541151914205542
"2010-2014","National",0.55101049009227
"2010-2014","National",0.553372558459214
"2010-2014","National",0.553359131037598
"2010-2014","National",0.552977126597415
"2010-2014","National",0.558510075816351
"2010-2014","National",0.53656990136855
"2010-2014","National",0.543065156605512
"2010-2014","National",0.543295003206985
"2010-2014","National",0.542878607249907
"2010-2014","National",0.543003072126604
"2010-2014","National",0.544589718326345
"2010-2014","National",0.544960417748049
"2010-2014","National",0.564294268401201
"2010-2014","National",0.545510067950513
"2010-2014","National",0.555728131474409
"2010-2014","National",0.536249413331488
"2010-2014","National",0.535087187691574
"2010-2014","National",0.543627351113294
"2010-2014","National",0.543182981519054
"2010-2014","National",0.535753854589559
"2010-2014","National",0.544214838321702
"2010-2014","National",0.550564741784789
"2010-2014","National",0.559658830475337
"2010-2014","National",0.541122918947038
"2010-2014","National",0.549829676294077
"2010-2014","National",0.552925098528779
"2010-2014","National",0.548023109250408
"2010-2014","National",0.539878793233989
"2010-2014","National",0.55183029367885
"2010-2014","National",0.54027072236684
"2010-2014","National",0.550586545312656
"2010-2014","National",0.533731595756245
"2010-2014","National",0.52460531585915
"2010-2014","National",0.549753304269533
"2010-2014","National",0.552372864514058
"2010-2014","National",0.549885918301104
"2010-2014","National",0.549290121442843
"2010-2014","National",0.543937737975051
"2010-2014","National",0.554982143819966
"2010-2014","National",0.55598787824957
"2010-2014","National",0.539638279320856
"2010-2014","National",0.54297312468172
"2010-2014","National",0.550682879350036
"2010-2014","National",0.538282757392233
"2010-2014","National",0.545435486847371
"2010-2014","National",0.546684945644274
"2010-2014","National",0.548542858823599
"2010-2014","National",0.549611851136053
"2010-2014","National",0.525103211106084
"2010-2014","National",0.550136371795152
"2010-2014","National",0.556522134179576
"2010-2014","National",0.546613271877265
"2010-2014","National",0.549824508500069
"2010-2014","National",0.548389349317918
"2010-2014","National",0.54710257027308
"2010-2014","National",0.540425571127743
"2010-2014","National",0.545797777525044
"2010-2014","National",0.553931353152409
"2010-2014","National",0.538757080593897
"2010-2014","National",0.545481432646353
"2010-2014","National",0.547977037901623
"2010-2014","National",0.54697690660671
"2010-2014","National",0.545049126931956
"2010-2014","National",0.544783136026374
"2010-2014","National",0.540638749168516
"2010-2014","National",0.53872658685993
"2010-2014","National",0.549813032823197
"2010-2014","National",0.54607703041611
"2010-2014","National",0.546372666605551
"2010-2014","National",0.546119448940089
"2010-2014","National",0.537713242127078
"2010-2014","National",0.543568853531021
"2010-2014","National",0.552855406024289
"2010-2014","National",0.551632334254301
"2010-2014","National",0.557069996285572
"2010-2014","National",0.548454206712044
"2010-2014","National",0.553547548616954
"2010-2014","National",0.530190031051134
"2010-2014","National",0.549674548953651
"2010-2014","National",0.542251891647507
"2010-2014","National",0.537776437086179
"2010-2014","National",0.554938633236188
"2010-2014","National",0.544464460559338
"2010-2014","National",0.564798895978575
"2010-2014","National",0.530696721015529
"2010-2014","National",0.545451853651779
"2010-2014","National",0.548358622547731
"2010-2014","National",0.54873804635516
"2010-2014","National",0.534373880076038
"2010-2014","National",0.55633815942304
"2010-2014","National",0.547630383641635
"2010-2014","National",0.543016007017716
"2010-2014","National",0.537466948399724
"2010-2014","National",0.556275468141748
"2010-2014","National",0.537060570235474
"2010-2014","National",0.539526268214958
"2010-2014","National",0.540459659603546
"2010-2014","National",0.546787334673327
"2010-2014","National",0.546159408323192
"2010-2014","National",0.531999485021744
"2010-2014","National",0.554113057245906
"2010-2014","National",0.54654840728467
"2010-2014","National",0.544048551166691
"2010-2014","National",0.564267435785599
"2010-2014","National",0.540168202301241
"2010-2014","National",0.552349855823367
"2010-2014","National",0.561402969503422
"2010-2014","National",0.553671327636332
"2010-2014","National",0.54624523485709
"2010-2014","National",0.549689518870782
"2010-2014","National",0.554421319906278
"2010-2014","National",0.545696773275698
"2010-2014","National",0.547566613613493
"2010-2014","National",0.54289256350548
"2010-2014","National",0.551612857915427
"2010-2014","National",0.553086361222224
"2010-2014","National",0.553489984901655
"2010-2014","National",0.55681615480065
"2010-2014","National",0.551645161696446
"2010-2014","National",0.553469560630953
"2010-2014","National",0.542737490792866
"2010-2014","National",0.545526897350781
"2010-2014","National",0.543030463053741
"2010-2014","National",0.542465031773679
"2010-2014","National",0.536072368984957
"2010-2014","National",0.541326576457919
"2010-2014","National",0.552063546604489
"2010-2014","National",0.545632806877248
"2010-2014","National",0.539678892441443
"2010-2014","National",0.55202272746866
"2010-2014","National",0.553573166971842
"2010-2014","National",0.54176965062515
"2010-2014","National",0.559158396790923
"2010-2014","National",0.547576391397447
"2010-2014","National",0.54676955299118
"2010-2014","National",0.538418615282712
"2010-2014","National",0.553924176511047
"2010-2014","National",0.531721981543109
"2010-2014","National",0.550344620442869
"2010-2014","National",0.545248877366366
"2010-2014","National",0.552892355089707
"2010-2014","National",0.526998867140992
"2010-2014","National",0.535961951541301
"2010-2014","National",0.544039477474878
"2010-2014","National",0.549608014572841
"2010-2014","National",0.542747843074474
"2010-2014","National",0.552084256467159
"2010-2014","National",0.547270905217565
"2010-2014","National",0.542381661494651
"2010-2014","National",0.55101734807278
"2010-2014","National",0.549338754054015
"2010-2014","National",0.541570777444944
"2010-2014","National",0.553163292256806
"2010-2014","National",0.543967457604825
"2010-2014","National",0.547939524822987
"2010-2014","National",0.552519229903608
"2010-2014","National",0.553769259077369
"2010-2014","National",0.551704752808057
"2010-2014","National",0.542907338609844
"2010-2014","National",0.547642925686195
"2010-2014","National",0.543115952053872
"2010-2014","National",0.550225055549182
"2010-2014","National",0.54802486886065
"2010-2014","National",0.543919851501473
"2010-2014","National",0.548556422744723
"2010-2014","National",0.563425674322471
"2010-2014","National",0.547058051886505
"2010-2014","National",0.541801646816477
"2010-2014","National",0.542125368921271
"2010-2014","National",0.565532005676059
"2010-2014","National",0.542002387403906
"2010-2014","National",0.547076763213073
"2010-2014","National",0.548824394486255
"2010-2014","National",0.550314568703444
"2010-2014","National",0.551928257816659
"2010-2014","National",0.542382912420583
"2010-2014","National",0.552754744816432
"2010-2014","National",0.539763633120661
"2010-2014","National",0.559153216006725
"2010-2014","National",0.550976446643495
"2010-2014","National",0.534363502125452
"2010-2014","National",0.54633271662371
"2010-2014","National",0.554089344033484
"2010-2014","National",0.543625487369793
"2010-2014","National",0.552197912128468
"2010-2014","National",0.559423713301282
"2010-2014","National",0.53969164776796
"2010-2014","National",0.544424081604562
"2010-2014","National",0.548335353187633
"2010-2014","National",0.550618738300903
"2010-2014","National",0.534580457131338
"2010-2014","National",0.543694967494299
"2010-2014","National",0.551270645576921
"2010-2014","National",0.551246877468201
"2010-2014","National",0.541938480343441
"2010-2014","National",0.546832358782093
"2010-2014","National",0.542771942486137
"2010-2014","National",0.560998228977963
"2010-2014","National",0.555172571461203
"2010-2014","National",0.53793017524243
"2010-2014","National",0.541588105609465
"2010-2014","National",0.547191547909768
"2010-2014","National",0.552895401122928
"2010-2014","National",0.546037532434651
"2010-2014","National",0.559115273555569
"2010-2014","National",0.543401299705423
"2010-2014","National",0.557284565956611
"2010-2014","National",0.537495472902779
"2010-2014","National",0.556951553629655
"2010-2014","National",0.561709697036917
"2010-2014","National",0.540506325846167
"2010-2014","National",0.551352273132986
"2010-2014","National",0.549772391629381
"2010-2014","National",0.544092368906352
"2010-2014","National",0.542078487637588
"2010-2014","National",0.546603460441214
"2010-2014","National",0.548643951195128
"2010-2014","National",0.541800769165927
"2010-2014","National",0.550121891409267
"2010-2014","National",0.55817977085523
"2010-2014","National",0.547671501011075
"2010-2014","National",0.559339642380821
"2010-2014","National",0.540370005535548
"2010-2014","National",0.554326994962609
"2010-2014","National",0.550566090705758
"2010-2014","National",0.550892544306239
"2010-2014","National",0.541182526997197
"2010-2014","National",0.552813734128126
"2010-2014","National",0.546860813697228
"2010-2014","National",0.545625992708189
"2010-2014","National",0.54655602364124
"2010-2014","National",0.551317732389426
"2010-2014","National",0.548632561934687
"2010-2014","National",0.551046851103374
"2010-2014","National",0.549277609244163
"2010-2014","National",0.554927510928181
"2010-2014","National",0.549690902833774
"2010-2014","National",0.549120472767281
"2010-2014","National",0.544956372432345
"2010-2014","National",0.539221021929887
"2010-2014","National",0.54075639106085
"2010-2014","National",0.548508545844323
"2010-2014","National",0.553880027226846
"2010-2014","National",0.555252145027328
"2010-2014","National",0.549763687367761
"2010-2014","National",0.549719287801188
"2010-2014","National",0.542459700055796
"2010-2014","National",0.533720368065222
"2010-2014","National",0.554217493707476
"2010-2014","National",0.550077362262174
"2010-2014","National",0.54798963068835
"2010-2014","National",0.552928932184446
"2010-2014","National",0.5438401039648
"2010-2014","National",0.528935634778468
"2010-2014","National",0.549590363830665
"2010-2014","National",0.546427098602589
"2010-2014","National",0.545288998808005
"2010-2014","National",0.545048104660726
"2010-2014","National",0.547993202154076
"2010-2014","National",0.561191940664754
"2010-2014","National",0.546598570794598
"2010-2014","National",0.552882344527379
"2010-2014","National",0.550086624110296
"2010-2014","National",0.546369083543955
"2010-2014","National",0.548744029539214
"2010-2014","National",0.549310277551476
"2010-2014","National",0.545573969504867
"2010-2014","National",0.539455396928286
"2010-2014","National",0.538124341580985
"2010-2014","National",0.55466460914981
"2010-2014","National",0.549800010696094
"2010-2014","National",0.54264909977466
"2010-2014","National",0.544103846011689
"2010-2014","National",0.549049971049094
"2010-2014","National",0.548596207322676
"2010-2014","National",0.549739342041041
"2010-2014","National",0.543805306529036
"2010-2014","National",0.551113693304807
"2010-2014","National",0.553785924886384
"2010-2014","National",0.549997875389187
"2010-2014","National",0.551012356128079
"2010-2014","National",0.545898423046452
"2010-2014","National",0.548958745301568
"2010-2014","National",0.540556131559953
"2010-2014","National",0.552887672994857
"2010-2014","National",0.547862576187283
"2010-2014","National",0.550024426885408
"2010-2014","National",0.546059166952317
"2010-2014","National",0.551798503479675
"2010-2014","National",0.544120333540431
"2010-2014","National",0.548165376238207
"2010-2014","National",0.552564334506468
"2010-2014","National",0.544286586639387
"2010-2014","National",0.553729528460574
"2010-2014","National",0.544107363384032
"2010-2014","National",0.566391039519593
"2010-2014","National",0.548261009909022
"2010-2014","National",0.542277469958845
"2010-2014","National",0.541956276757392
"2010-2014","National",0.553063823894936
"2010-2014","National",0.53660141065555
"2010-2014","National",0.546707109320726
"2010-2014","National",0.54264868637156
"2010-2014","National",0.562362907225623
"2010-2014","National",0.546649802059744
"2010-2014","National",0.549212162134993
"2010-2014","National",0.535828149242071
"2010-2014","National",0.54960651860379
"2010-2014","National",0.548094531556494
"2010-2014","National",0.54179766933714
"2010-2014","National",0.548553782074387
"2010-2014","National",0.551379234485863
"2010-2014","National",0.562759306947857
"2010-2014","National",0.545964337827744
"2010-2014","National",0.550076159506636
"2010-2014","National",0.549992477974552
"2010-2014","National",0.548114562891829
"2010-2014","National",0.549072223961011
"2010-2014","National",0.5418939934229
"2010-2014","National",0.547063298203774
"2010-2014","National",0.547154101725159
"2010-2014","National",0.545698671335789
"2010-2014","National",0.552463009935917
"2010-2014","National",0.540143403025882
"2010-2014","National",0.538404794135543
"2010-2014","National",0.541549890829367
"2010-2014","National",0.552794115652122
"2010-2014","National",0.553703853561908
"2010-2014","National",0.560114830121984
"2010-2014","National",0.536209742301232
"2010-2014","National",0.540566364351108
"2010-2014","National",0.541776093245423
"2010-2014","National",0.551901609644823
"2010-2014","National",0.544095808500398
"2010-2014","National",0.56787801668578
"2010-2014","National",0.552738843959556
"2010-2014","National",0.538425026877501
"2010-2014","National",0.552279675127907
"2010-2014","National",0.541476695370671
"2010-2014","National",0.536749159824392
"2010-2014","National",0.542902234454796
"2010-2014","National",0.548753780205089
"2010-2014","National",0.536834846248104
"2010-2014","National",0.541599396862374
"2010-2014","National",0.546568144831623
"2010-2014","National",0.550455005340411
"2010-2014","National",0.561492996560829
"2010-2014","National",0.540777330121526
"2010-2014","National",0.539788826976614
"2010-2014","National",0.547848194163032
"2010-2014","National",0.541369293534123
"2010-2014","National",0.547990812771787
"2010-2014","National",0.548704368232085
"2010-2014","National",0.543511655341395
"2010-2014","National",0.535669481458186
"2010-2014","National",0.556083464514198
"2010-2014","National",0.546279042347685
"2010-2014","National",0.556171519138488
"2010-2014","National",0.5453774983196
"2010-2014","National",0.54587487395954
"2010-2014","National",0.553283009248876
"2010-2014","National",0.553173975646156
"2010-2014","National",0.545421861215192
"2010-2014","National",0.536162406592315
"2010-2014","National",0.546682685440284
"2010-2014","National",0.550037708500815
"2010-2014","National",0.560729773850055
"2010-2014","National",0.546549239266881
"2010-2014","National",0.549236507541686
"2010-2014","National",0.554646904651579
"2010-2014","National",0.547619901585554
"2010-2014","National",0.539504598542599
"2010-2014","National",0.5540194130091
"2010-2014","National",0.556380214169269
"2010-2014","National",0.552223425821525
"2010-2014","National",0.550573267866562
"2010-2014","National",0.552737404575684
"2010-2014","National",0.544126388845109
"2010-2014","National",0.535429088990764
"2010-2014","National",0.557303448946381
"2010-2014","National",0.550003055741678
"2010-2014","National",0.540375575482237
"2010-2014","National",0.545973909368587
"2010-2014","National",0.549938310309488
"2010-2014","National",0.552954486275401
"2010-2014","National",0.547698557269156
"2010-2014","National",0.548876084333501
"2010-2014","National",0.532362317657481
"2010-2014","National",0.542345557218961
"2010-2014","National",0.545080837912403
"2010-2014","National",0.55087459218842
"2010-2014","National",0.540262288962017
"2010-2014","National",0.53264794683435
"2010-2014","National",0.550131761287767
"2010-2014","National",0.546991843942074
"2010-2014","National",0.557642281154082
"2010-2014","National",0.53614698454068
"2010-2014","National",0.541514228131725
"2010-2014","National",0.546799742279432
"2010-2014","National",0.555099884164294
"2010-2014","National",0.53794183904314
"2010-2014","National",0.561745929398969
"2010-2014","National",0.553139885130631
"2010-2014","National",0.55600728688937
"2010-2014","National",0.551405143526659
"2010-2014","National",0.541053206298256
"2010-2014","National",0.549920216314966
"2010-2014","National",0.53999472825091
"2010-2014","National",0.552818298215911
"2010-2014","National",0.548499059851313
"2010-2014","National",0.552965039041201
"2010-2014","National",0.550754712232975
"2010-2014","National",0.538399953260462
"2010-2014","National",0.546964195940052
"2010-2014","National",0.54298421208158
"2010-2014","National",0.545711232208686
"2010-2014","National",0.543619823207866
"2010-2014","National",0.548777501013755
"2010-2014","National",0.543238521989857
"2010-2014","National",0.537157530657606
"2010-2014","National",0.546800374853971
"2010-2014","National",0.540175283232385
"2010-2014","National",0.551598561086375
"2010-2014","National",0.53852569966195
"2010-2014","National",0.544086465208959
"2010-2014","National",0.548596335136273
"2010-2014","National",0.540882712526572
"2010-2014","National",0.541437278869475
"2010-2014","National",0.539755447847048
"2010-2014","National",0.528043064461981
"2010-2014","National",0.553995691605874
"2010-2014","National",0.546734436745076
"2010-2014","National",0.558010732495877
"2010-2014","National",0.544048870609069
"2010-2014","National",0.546633445901769
"2010-2014","National",0.55608888037322
"2010-2014","National",0.545971556054217
"2010-2014","National",0.556939230679547
"2010-2014","National",0.557974417756731
"2010-2014","National",0.546409599501082
"2010-2014","National",0.550658433399507
"2010-2014","National",0.556505891594483
"2010-2014","National",0.543936459390104
"2010-2014","National",0.53965799829547
"2010-2014","National",0.546276825813341
"2010-2014","National",0.553852214742018
"2010-2014","National",0.55299634387315
"2010-2014","National",0.557883761258637
"2010-2014","National",0.544042676037967
"2010-2014","National",0.544799667389178
"2010-2014","National",0.538967545006614
"2010-2014","National",0.543184667990015
"2010-2014","National",0.535660722552736
"2010-2014","National",0.549059903473889
"2010-2014","National",0.546563879412108
"2010-2014","National",0.547205155684828
"2010-2014","National",0.545543829004864
"2010-2014","National",0.557488362480838
"2010-2014","National",0.540882024497791
"2010-2014","National",0.544411028673212
"2010-2014","National",0.5410776655986
"2010-2014","National",0.54005882173133
"2010-2014","National",0.540632461341857
"2010-2014","National",0.548995725944835
"2010-2014","National",0.537600967436736
"2010-2014","National",0.542800169282903
"2010-2014","National",0.555059153740905
"2010-2014","National",0.548936625872032
"2010-2014","National",0.54589081518285
"2010-2014","National",0.547251843414646
"2010-2014","National",0.552598691210198
"2010-2014","National",0.555307629104881
"2010-2014","National",0.545159489208805
"2010-2014","National",0.542178696078968
"2010-2014","National",0.546503464560108
"2010-2014","National",0.546100387415705
"2010-2014","National",0.539012156220584
"2010-2014","National",0.551264176386861
"2010-2014","National",0.543364264463269
"2010-2014","National",0.55118423809293
"2010-2014","National",0.551371603532605
"2010-2014","National",0.553117362561525
"2010-2014","National",0.549718471517332
"2010-2014","National",0.549175125365369
"2010-2014","National",0.539672409996096
"2010-2014","National",0.552835435919043
"2010-2014","National",0.567353133702973
"2010-2014","National",0.547463849828968
"2010-2014","National",0.544951847383082
"2010-2014","National",0.544522207835346
"2010-2014","National",0.539143049054659
"2010-2014","National",0.542476172824209
"2010-2014","National",0.539132532974423
"2010-2014","National",0.549913994537904
"2010-2014","National",0.542988398746805
"2010-2014","National",0.550953221914072
"2010-2014","National",0.547580726830648
"2010-2014","National",0.549983625721077
"2010-2014","National",0.547694979424205
"2010-2014","National",0.546786927083993
"2010-2014","National",0.548304306552655
"2010-2014","National",0.555779950658596
"2010-2014","National",0.547467625340967
"2010-2014","National",0.547022006602679
"2010-2014","National",0.550090188596469
"2010-2014","National",0.563404333074676
"2010-2014","National",0.548959733913855
"2010-2014","National",0.533841202232321
"2010-2014","National",0.5443596484218
"2010-2014","National",0.54165109283843
"2010-2014","National",0.554747271508022
"2010-2014","National",0.544362588081964
"2010-2014","National",0.547388094840217
"2010-2014","National",0.543480265592579
"2010-2014","National",0.540143307640228
"2010-2014","National",0.548857185829779
"2010-2014","National",0.550301733622263
"2010-2014","National",0.560263595633386
"2010-2014","National",0.54329455253049
"2010-2014","National",0.546524527247607
"2010-2014","National",0.537667697488307
"2010-2014","National",0.5444819645119
"2010-2014","National",0.541159426536964
"2010-2014","National",0.549807385994233
"2010-2014","National",0.530314845438967
"2010-2014","National",0.542815486906222
"2010-2014","National",0.550413075256517
"2010-2014","National",0.540530628755193
"2010-2014","National",0.549284623476769
"2010-2014","National",0.539825184942047
"2010-2014","National",0.549947196544618
"2010-2014","National",0.555247181804154
"2010-2014","National",0.548264103489469
"2010-2014","National",0.539470413920907
"2010-2014","National",0.557290733348262
"2010-2014","National",0.557998389534497
"2010-2014","National",0.54079477717276
"2010-2014","National",0.530919113295726
"2010-2014","National",0.526806920468623
"2010-2014","National",0.540837243065334
"2010-2014","National",0.544739062390118
"2010-2014","National",0.536955558726934
"2010-2014","National",0.548280982761012
"2010-2014","National",0.541190850465536
"2010-2014","National",0.54624303719626
"2010-2014","National",0.544170057465558
"2010-2014","National",0.553213944614176
"2010-2014","National",0.544204088906973
"2010-2014","National",0.553435744815616
"2010-2014","National",0.549807825193829
"2010-2014","National",0.540382192752233
"2010-2014","National",0.540729371557516
"2010-2014","National",0.550910659064776
"2010-2014","National",0.545911377425953
"2010-2014","National",0.554119615180112
"2010-2014","National",0.54426032372659
"2010-2014","National",0.551302694489512
"2010-2014","National",0.538912873831112
"2010-2014","National",0.545090159313587
"2010-2014","National",0.543519444421057
"2010-2014","National",0.547603033147949
"2010-2014","National",0.544089599331553
"2010-2014","National",0.563263470343434
"2010-2014","National",0.543947901869993
"2010-2014","National",0.550308663339634
"2010-2014","National",0.557618861635168
"2010-2014","National",0.542833346501032
"2010-2014","National",0.543843323096686
"2010-2014","National",0.561189097798034
"2010-2014","National",0.549593963052058
"2010-2014","National",0.545506425939172
"2010-2014","National",0.545871254720518
"2010-2014","National",0.54375950899007
"2010-2014","National",0.536456017225067
"2010-2014","National",0.535903092768383
"2010-2014","National",0.549450459928278
"2010-2014","National",0.551185746299779
"2010-2014","National",0.545014183553248
"2010-2014","National",0.542524827323374
"2010-2014","National",0.543920695711779
"2010-2014","National",0.548497399059708
"2010-2014","National",0.54456045368237
"2010-2014","National",0.553475702764976
"2010-2014","National",0.542944570607397
"2010-2014","National",0.547425625226129
"2010-2014","National",0.549888616196838
"2010-2014","National",0.559749001841164
"2010-2014","National",0.54383228413388
"2010-2014","National",0.550981106235593
"2010-2014","National",0.539375809069162
"2010-2014","National",0.55576052853725
"2010-2014","National",0.555971464209366
"2010-2014","National",0.548541727823619
"2010-2014","National",0.548623605343434
"2010-2014","National",0.553903202902722
"2010-2014","National",0.543097680802721
"2010-2014","National",0.542306306512089
"2010-2014","National",0.541486488087787
"2010-2014","National",0.547493471780673
"2010-2014","National",0.554308620215236
"2010-2014","National",0.54650282102299
"2010-2014","National",0.541299686536443
"2010-2014","National",0.544371355245965
"2010-2014","National",0.548525746365045
"2010-2014","National",0.54872176293105
"2010-2014","National",0.542452749494935
"2010-2014","National",0.558588735814863
"2010-2014","National",0.549168963962198
"2010-2014","National",0.550777423746386
"2015-2019","National",0.619748447163312
"2015-2019","National",0.621841201370925
"2015-2019","National",0.635999142413076
"2015-2019","National",0.629689455101144
"2015-2019","National",0.62649899177545
"2015-2019","National",0.624621071785273
"2015-2019","National",0.636991431370566
"2015-2019","National",0.625825472869623
"2015-2019","National",0.627546014175344
"2015-2019","National",0.626925445626923
"2015-2019","National",0.618379234391261
"2015-2019","National",0.62375897876978
"2015-2019","National",0.638646012694798
"2015-2019","National",0.623690425483334
"2015-2019","National",0.625040481811084
"2015-2019","National",0.621945625677881
"2015-2019","National",0.627464447649326
"2015-2019","National",0.61483409765501
"2015-2019","National",0.633100501208408
"2015-2019","National",0.628578962353755
"2015-2019","National",0.624080457958148
"2015-2019","National",0.641902692810828
"2015-2019","National",0.621563576126512
"2015-2019","National",0.637215328865712
"2015-2019","National",0.623966038219831
"2015-2019","National",0.627344332405473
"2015-2019","National",0.628888223854646
"2015-2019","National",0.623556505430052
"2015-2019","National",0.625747278825426
"2015-2019","National",0.622463377601229
"2015-2019","National",0.631523381395492
"2015-2019","National",0.61094683605432
"2015-2019","National",0.618024625034452
"2015-2019","National",0.625611627238015
"2015-2019","National",0.622747662061387
"2015-2019","National",0.621211461018838
"2015-2019","National",0.639986056796244
"2015-2019","National",0.626373969891258
"2015-2019","National",0.62468159400701
"2015-2019","National",0.633920164631045
"2015-2019","National",0.617357939752126
"2015-2019","National",0.626038170233178
"2015-2019","National",0.622500191562543
"2015-2019","National",0.629389433028236
"2015-2019","National",0.622956954173199
"2015-2019","National",0.624708041323492
"2015-2019","National",0.6325093650072
"2015-2019","National",0.637171207432614
"2015-2019","National",0.619423495635467
"2015-2019","National",0.637356882714092
"2015-2019","National",0.624299121829982
"2015-2019","National",0.613541069556758
"2015-2019","National",0.617876446590738
"2015-2019","National",0.622780220374296
"2015-2019","National",0.629913507099594
"2015-2019","National",0.639138387858381
"2015-2019","National",0.631138284465048
"2015-2019","National",0.627303123335614
"2015-2019","National",0.62283851500775
"2015-2019","National",0.618180647559877
"2015-2019","National",0.620280580800912
"2015-2019","National",0.62812392848176
"2015-2019","National",0.629357439850825
"2015-2019","National",0.629981134051686
"2015-2019","National",0.62859355373534
"2015-2019","National",0.617734848118644
"2015-2019","National",0.640283175908994
"2015-2019","National",0.640689150032939
"2015-2019","National",0.643452754761397
"2015-2019","National",0.631890249334262
"2015-2019","National",0.629617715925937
"2015-2019","National",0.621048798395167
"2015-2019","National",0.623062759847836
"2015-2019","National",0.628419823411631
"2015-2019","National",0.646619896896202
"2015-2019","National",0.64072649457886
"2015-2019","National",0.641447291113468
"2015-2019","National",0.630170197718027
"2015-2019","National",0.626062285421691
"2015-2019","National",0.628294975157924
"2015-2019","National",0.62738443082013
"2015-2019","National",0.621099467051074
"2015-2019","National",0.619909628899282
"2015-2019","National",0.616973897121813
"2015-2019","National",0.621868046171089
"2015-2019","National",0.63520463051385
"2015-2019","National",0.627158220247328
"2015-2019","National",0.623753085122066
"2015-2019","National",0.624065310226802
"2015-2019","National",0.620586936938106
"2015-2019","National",0.628057680666852
"2015-2019","National",0.635216210687977
"2015-2019","National",0.622572249749191
"2015-2019","National",0.622298084619341
"2015-2019","National",0.634473073321642
"2015-2019","National",0.624827934770561
"2015-2019","National",0.613551210733194
"2015-2019","National",0.629145899066415
"2015-2019","National",0.624565212293541
"2015-2019","National",0.632241592559145
"2015-2019","National",0.632147648259783
"2015-2019","National",0.60973379658083
"2015-2019","National",0.620795650215732
"2015-2019","National",0.628310452752898
"2015-2019","National",0.637040094091522
"2015-2019","National",0.621123486466389
"2015-2019","National",0.622469151811435
"2015-2019","National",0.624870250154189
"2015-2019","National",0.628707701339405
"2015-2019","National",0.630142024192944
"2015-2019","National",0.625032473990859
"2015-2019","National",0.620769470316399
"2015-2019","National",0.63395260573811
"2015-2019","National",0.627527613770079
"2015-2019","National",0.63715337815259
"2015-2019","National",0.634614473448205
"2015-2019","National",0.63189968201348
"2015-2019","National",0.635621788439683
"2015-2019","National",0.628082597926052
"2015-2019","National",0.618520594406602
"2015-2019","National",0.630658296684974
"2015-2019","National",0.62511282181885
"2015-2019","National",0.627349281689243
"2015-2019","National",0.629471506157198
"2015-2019","National",0.628556426032372
"2015-2019","National",0.623795785949818
"2015-2019","National",0.620400380861164
"2015-2019","National",0.625855507143795
"2015-2019","National",0.633485583942438
"2015-2019","National",0.623992045144644
"2015-2019","National",0.630806230522231
"2015-2019","National",0.624464646380591
"2015-2019","National",0.622243520152187
"2015-2019","National",0.632407381756241
"2015-2019","National",0.624585478089734
"2015-2019","National",0.622379115408704
"2015-2019","National",0.633912653582816
"2015-2019","National",0.625919933511673
"2015-2019","National",0.641867054850414
"2015-2019","National",0.643282345555662
"2015-2019","National",0.626174073408926
"2015-2019","National",0.61675789125302
"2015-2019","National",0.623501101095042
"2015-2019","National",0.636850322140176
"2015-2019","National",0.626672470384342
"2015-2019","National",0.637896497411342
"2015-2019","National",0.637015715800772
"2015-2019","National",0.625437665838204
"2015-2019","National",0.631118786899486
"2015-2019","National",0.627873096466575
"2015-2019","National",0.623189219318554
"2015-2019","National",0.619909923728128
"2015-2019","National",0.621100717200412
"2015-2019","National",0.63041887817534
"2015-2019","National",0.621336486891422
"2015-2019","National",0.631953326101986
"2015-2019","National",0.623514489629628
"2015-2019","National",0.614512607286972
"2015-2019","National",0.627404737813701
"2015-2019","National",0.630012520788887
"2015-2019","National",0.637652769900928
"2015-2019","National",0.632980342697271
"2015-2019","National",0.615219310162534
"2015-2019","National",0.631614402392543
"2015-2019","National",0.621988751373665
"2015-2019","National",0.619397204995124
"2015-2019","National",0.625095507510421
"2015-2019","National",0.628876315131188
"2015-2019","National",0.627850186582598
"2015-2019","National",0.627661285239755
"2015-2019","National",0.622137401590796
"2015-2019","National",0.620493483431961
"2015-2019","National",0.636586668432856
"2015-2019","National",0.62141470660549
"2015-2019","National",0.624340451388245
"2015-2019","National",0.611767580903164
"2015-2019","National",0.625425731929078
"2015-2019","National",0.637711744040212
"2015-2019","National",0.634675551601783
"2015-2019","National",0.636744506333396
"2015-2019","National",0.635024422277897
"2015-2019","National",0.621806764523032
"2015-2019","National",0.637596204614981
"2015-2019","National",0.625278357402547
"2015-2019","National",0.629491406450739
"2015-2019","National",0.632696918005941
"2015-2019","National",0.616455423932295
"2015-2019","National",0.632845847261606
"2015-2019","National",0.638165037459992
"2015-2019","National",0.634374641292738
"2015-2019","National",0.624280618475768
"2015-2019","National",0.635316980753996
"2015-2019","National",0.629962289988892
"2015-2019","National",0.627151521283388
"2015-2019","National",0.632398648656685
"2015-2019","National",0.629105217957256
"2015-2019","National",0.626804256896983
"2015-2019","National",0.643143819326115
"2015-2019","National",0.625177275533932
"2015-2019","National",0.627917433336135
"2015-2019","National",0.630160228927522
"2015-2019","National",0.628537212564356
"2015-2019","National",0.625186575307667
"2015-2019","National",0.622576974796004
"2015-2019","National",0.621296305622619
"2015-2019","National",0.622799050948225
"2015-2019","National",0.642257323427675
"2015-2019","National",0.631815152385693
"2015-2019","National",0.627307197578518
"2015-2019","National",0.627388233405368
"2015-2019","National",0.625264271851017
"2015-2019","National",0.632326199951497
"2015-2019","National",0.631674976180924
"2015-2019","National",0.625188076505742
"2015-2019","National",0.6334669593812
"2015-2019","National",0.621920532143442
"2015-2019","National",0.635659290844524
"2015-2019","National",0.642754566095388
"2015-2019","National",0.630799873316384
"2015-2019","National",0.616356717236207
"2015-2019","National",0.64596096244566
"2015-2019","National",0.623447609140232
"2015-2019","National",0.627541657295396
"2015-2019","National",0.630252112265717
"2015-2019","National",0.620505994243603
"2015-2019","National",0.630552414645633
"2015-2019","National",0.621107745507473
"2015-2019","National",0.633768592147868
"2015-2019","National",0.63037161968247
"2015-2019","National",0.628534379435754
"2015-2019","National",0.623997948806078
"2015-2019","National",0.633266202979522
"2015-2019","National",0.626134116880879
"2015-2019","National",0.617331149129332
"2015-2019","National",0.629407133377925
"2015-2019","National",0.643593213403545
"2015-2019","National",0.621700333542538
"2015-2019","National",0.631115822070015
"2015-2019","National",0.606081890957171
"2015-2019","National",0.627142575287042
"2015-2019","National",0.633422879854229
"2015-2019","National",0.619133547453944
"2015-2019","National",0.623967762710366
"2015-2019","National",0.619750041026209
"2015-2019","National",0.625404868818289
"2015-2019","National",0.63082570491074
"2015-2019","National",0.6293882596337
"2015-2019","National",0.635085214544329
"2015-2019","National",0.628091967502676
"2015-2019","National",0.618216591793486
"2015-2019","National",0.619875445513125
"2015-2019","National",0.621580695124681
"2015-2019","National",0.619701504753923
"2015-2019","National",0.634701835704577
"2015-2019","National",0.640054012831328
"2015-2019","National",0.626313151285637
"2015-2019","National",0.627188203987481
"2015-2019","National",0.626895587297275
"2015-2019","National",0.620519981662291
"2015-2019","National",0.625735833489721
"2015-2019","National",0.615756713504378
"2015-2019","National",0.647803781700088
"2015-2019","National",0.637816085702804
"2015-2019","National",0.632537377337138
"2015-2019","National",0.620853726917374
"2015-2019","National",0.620052534348761
"2015-2019","National",0.631378798064198
"2015-2019","National",0.62313235448376
"2015-2019","National",0.625227171539562
"2015-2019","National",0.645583525819626
"2015-2019","National",0.631318351981715
"2015-2019","National",0.623243438125522
"2015-2019","National",0.625875722184575
"2015-2019","National",0.628324906279314
"2015-2019","National",0.615756468173758
"2015-2019","National",0.618614628362262
"2015-2019","National",0.620010380576754
"2015-2019","National",0.635485786212872
"2015-2019","National",0.634194546565807
"2015-2019","National",0.628338999610564
"2015-2019","National",0.622518779841043
"2015-2019","National",0.632089434648426
"2015-2019","National",0.612798535714771
"2015-2019","National",0.632102631639062
"2015-2019","National",0.626453885651633
"2015-2019","National",0.62173574534763
"2015-2019","National",0.624328298523245
"2015-2019","National",0.626762929265743
"2015-2019","National",0.627944537610505
"2015-2019","National",0.626449722593918
"2015-2019","National",0.620580099987619
"2015-2019","National",0.62275128812665
"2015-2019","National",0.633833577821243
"2015-2019","National",0.621638844618455
"2015-2019","National",0.635427149749837
"2015-2019","National",0.63093871701776
"2015-2019","National",0.625841929293071
"2015-2019","National",0.633937032068454
"2015-2019","National",0.623381870699007
"2015-2019","National",0.653274733602839
"2015-2019","National",0.619440945775278
"2015-2019","National",0.636533003307434
"2015-2019","National",0.63033456370093
"2015-2019","National",0.628072223767269
"2015-2019","National",0.624464914159592
"2015-2019","National",0.623525988560659
"2015-2019","National",0.626123364933932
"2015-2019","National",0.625031572417243
"2015-2019","National",0.629737549077663
"2015-2019","National",0.635692898024752
"2015-2019","National",0.625922973335287
"2015-2019","National",0.629048245168556
"2015-2019","National",0.629072011708408
"2015-2019","National",0.636617844175363
"2015-2019","National",0.625608249430859
"2015-2019","National",0.626527201608393
"2015-2019","National",0.629652241154842
"2015-2019","National",0.617207543492397
"2015-2019","National",0.628916624448502
"2015-2019","National",0.630766638551029
"2015-2019","National",0.6227805049072
"2015-2019","National",0.628587168692122
"2015-2019","National",0.623638151868362
"2015-2019","National",0.633100187720673
"2015-2019","National",0.627968658409456
"2015-2019","National",0.629309415645744
"2015-2019","National",0.63284083723827
"2015-2019","National",0.637419742519056
"2015-2019","National",0.622012153660351
"2015-2019","National",0.64039743513403
"2015-2019","National",0.632443503178682
"2015-2019","National",0.613627047408629
"2015-2019","National",0.626158213713161
"2015-2019","National",0.63481872084267
"2015-2019","National",0.62444622157243
"2015-2019","National",0.622208448028595
"2015-2019","National",0.631420679350054
"2015-2019","National",0.624271656296523
"2015-2019","National",0.626394820702378
"2015-2019","National",0.629880151930331
"2015-2019","National",0.62162178397688
"2015-2019","National",0.64121422819021
"2015-2019","National",0.642471723695786
"2015-2019","National",0.627543073272694
"2015-2019","National",0.625943342791413
"2015-2019","National",0.632463578870019
"2015-2019","National",0.617811228040454
"2015-2019","National",0.629451471220637
"2015-2019","National",0.627578492462658
"2015-2019","National",0.622550288969263
"2015-2019","National",0.624300693002282
"2015-2019","National",0.628853872974115
"2015-2019","National",0.630096004702702
"2015-2019","National",0.643919736282037
"2015-2019","National",0.636126376714692
"2015-2019","National",0.621784282444086
"2015-2019","National",0.628911594339345
"2015-2019","National",0.621100808102747
"2015-2019","National",0.628678768565155
"2015-2019","National",0.641055130077633
"2015-2019","National",0.61655957614217
"2015-2019","National",0.635759056148676
"2015-2019","National",0.624932042115575
"2015-2019","National",0.616506096825989
"2015-2019","National",0.637380875027381
"2015-2019","National",0.631819848215741
"2015-2019","National",0.628924624500419
"2015-2019","National",0.619937635464302
"2015-2019","National",0.630859212094424
"2015-2019","National",0.628906289192995
"2015-2019","National",0.609461375380782
"2015-2019","National",0.619692884188962
"2015-2019","National",0.631566117250155
"2015-2019","National",0.631141099733216
"2015-2019","National",0.633832500863098
"2015-2019","National",0.635522153712086
"2015-2019","National",0.635612990176864
"2015-2019","National",0.633168565247333
"2015-2019","National",0.622911080061476
"2015-2019","National",0.622285011274723
"2015-2019","National",0.620551517916803
"2015-2019","National",0.625340731486264
"2015-2019","National",0.622967451484862
"2015-2019","National",0.616638515622836
"2015-2019","National",0.62653288415335
"2015-2019","National",0.63207726725862
"2015-2019","National",0.634052706993284
"2015-2019","National",0.638948205318118
"2015-2019","National",0.627217987082614
"2015-2019","National",0.637943713525437
"2015-2019","National",0.622322446713579
"2015-2019","National",0.620579713140771
"2015-2019","National",0.633740563155797
"2015-2019","National",0.627427909523908
"2015-2019","National",0.63268752588054
"2015-2019","National",0.619167762730609
"2015-2019","National",0.633347229988404
"2015-2019","National",0.632252617663587
"2015-2019","National",0.619348778110324
"2015-2019","National",0.630240659248255
"2015-2019","National",0.627715048277621
"2015-2019","National",0.636244563837458
"2015-2019","National",0.636620662710933
"2015-2019","National",0.622428183069392
"2015-2019","National",0.629033631309187
"2015-2019","National",0.615540481028063
"2015-2019","National",0.625073317282401
"2015-2019","National",0.62834969155222
"2015-2019","National",0.617365527892054
"2015-2019","National",0.625475216991934
"2015-2019","National",0.640575117663189
"2015-2019","National",0.624187807901217
"2015-2019","National",0.632613660623084
"2015-2019","National",0.640120464404565
"2015-2019","National",0.626441769353249
"2015-2019","National",0.623262131750347
"2015-2019","National",0.6387631739013
"2015-2019","National",0.620326438658585
"2015-2019","National",0.632385941888825
"2015-2019","National",0.620578879740443
"2015-2019","National",0.629589348869503
"2015-2019","National",0.625511547214771
"2015-2019","National",0.624606885766844
"2015-2019","National",0.633513673596272
"2015-2019","National",0.636264304280594
"2015-2019","National",0.628940325070673
"2015-2019","National",0.612894961970497
"2015-2019","National",0.628570987590669
"2015-2019","National",0.630387149587088
"2015-2019","National",0.626774747930265
"2015-2019","National",0.621256401577592
"2015-2019","National",0.6244798728721
"2015-2019","National",0.617204655002606
"2015-2019","National",0.625007186038055
"2015-2019","National",0.638692564663875
"2015-2019","National",0.632961931637136
"2015-2019","National",0.616584343761432
"2015-2019","National",0.624097960196431
"2015-2019","National",0.626287770215007
"2015-2019","National",0.635760794453893
"2015-2019","National",0.637329866205584
"2015-2019","National",0.63651656927332
"2015-2019","National",0.62613463936039
"2015-2019","National",0.619804187230383
"2015-2019","National",0.637885521093411
"2015-2019","National",0.635820678996699
"2015-2019","National",0.616180318109571
"2015-2019","National",0.63972686511432
"2015-2019","National",0.618997348421912
"2015-2019","National",0.627287244822208
"2015-2019","National",0.613767716914478
"2015-2019","National",0.632756396850277
"2015-2019","National",0.643600135303383
"2015-2019","National",0.617390756668613
"2015-2019","National",0.628455728567344
"2015-2019","National",0.626127015101774
"2015-2019","National",0.634093705165486
"2015-2019","National",0.620226717150488
"2015-2019","National",0.620581494135047
"2015-2019","National",0.616496148092565
"2015-2019","National",0.625362782504586
"2015-2019","National",0.641479238750379
"2015-2019","National",0.62377192168465
"2015-2019","National",0.624414670893792
"2015-2019","National",0.615982220935052
"2015-2019","National",0.612125901625175
"2015-2019","National",0.633931834501371
"2015-2019","National",0.626123482878933
"2015-2019","National",0.62303622620438
"2015-2019","National",0.621240410051995
"2015-2019","National",0.630742715467845
"2015-2019","National",0.634528065799823
"2015-2019","National",0.631109106345892
"2015-2019","National",0.627183327414952
"2015-2019","National",0.623420965727854
"2015-2019","National",0.629634023904375
"2015-2019","National",0.634301384465143
"2015-2019","National",0.629649310726277
"2015-2019","National",0.625419529202552
"2015-2019","National",0.63774679478279
"2015-2019","National",0.630042336168138
"2015-2019","National",0.627055359699724
"2015-2019","National",0.62546844979503
"2015-2019","National",0.649128554556056
"2015-2019","National",0.626195942653964
"2015-2019","National",0.626605255093245
"2015-2019","National",0.640872988315994
"2015-2019","National",0.617069849545189
"2015-2019","National",0.631515303015081
"2015-2019","National",0.622662621400535
"2015-2019","National",0.624301816786319
"2015-2019","National",0.624771109340225
"2015-2019","National",0.627556892711741
"2015-2019","National",0.64038089555665
"2015-2019","National",0.630549495679734
"2015-2019","National",0.623722582964548
"2015-2019","National",0.623738713240283
"2015-2019","National",0.625047224157925
"2015-2019","National",0.631566901870366
"2015-2019","National",0.634590894204783
"2015-2019","National",0.61977373100229
"2015-2019","National",0.617495836412962
"2015-2019","National",0.624585017007414
"2015-2019","National",0.625973286915203
"2015-2019","National",0.625746145532493
"2015-2019","National",0.63786213862637
"2015-2019","National",0.609291480622873
"2015-2019","National",0.627182592961107
"2015-2019","National",0.628570206896149
"2015-2019","National",0.626577032388619
"2015-2019","National",0.624083391774634
"2015-2019","National",0.626495352430559
"2015-2019","National",0.625723766398823
"2015-2019","National",0.63210822219832
"2015-2019","National",0.614232759413685
"2015-2019","National",0.628520013418123
"2015-2019","National",0.633128999473264
"2015-2019","National",0.629853214038048
"2015-2019","National",0.632849012455552
"2015-2019","National",0.636099778930687
"2015-2019","National",0.636902319216888
"2015-2019","National",0.635793318379986
"2015-2019","National",0.633547834463618
"2015-2019","National",0.619785173175556
"2015-2019","National",0.621842913403115
"2015-2019","National",0.629757135374711
"2015-2019","National",0.632953792631882
"2015-2019","National",0.635441165925951
"2015-2019","National",0.645759565144886
"2015-2019","National",0.634394726254953
"2015-2019","National",0.640439306291186
"2015-2019","National",0.629484786882558
"2015-2019","National",0.634774853970445
"2015-2019","National",0.643455314728801
"2015-2019","National",0.620705532222668
"2015-2019","National",0.62335801935902
"2015-2019","National",0.620703705473063
"2015-2019","National",0.636892679545213
"2015-2019","National",0.641260301559405
"2015-2019","National",0.623415154609374
"2015-2019","National",0.64304796258127
"2015-2019","National",0.629416586705638
"2015-2019","National",0.640905449306771
"2015-2019","National",0.616762431312888
"2015-2019","National",0.611677389422216
"2015-2019","National",0.632056770145482
"2015-2019","National",0.61674816829966
"2015-2019","National",0.623812242812295
"2015-2019","National",0.623836567539439
"2015-2019","National",0.624571689321071
"2015-2019","National",0.627263147784131
"2015-2019","National",0.627956413932333
"2015-2019","National",0.622228298288783
"2015-2019","National",0.63539630182586
"2015-2019","National",0.627640699711307
"2015-2019","National",0.616007613072565
"2015-2019","National",0.623626052724278
"2015-2019","National",0.625480728470515
"2015-2019","National",0.615189610279401
"2015-2019","National",0.634094749560225
"2015-2019","National",0.625488263209603
"2015-2019","National",0.628339154499413
"2015-2019","National",0.623970487650837
"2015-2019","National",0.622907392090583
"2015-2019","National",0.629260858433909
"2015-2019","National",0.639225001141302
"2015-2019","National",0.637506603346778
"2015-2019","National",0.612255557536738
"2015-2019","National",0.621746463054062
"2015-2019","National",0.622707523296916
"2015-2019","National",0.63228961400562
"2015-2019","National",0.625239418020707
"2015-2019","National",0.623248699806982
"2015-2019","National",0.62293584264
"2015-2019","National",0.631712790034992
"2015-2019","National",0.632760959212976
"2015-2019","National",0.623503976966509
"2015-2019","National",0.637754527993653
"2015-2019","National",0.624634321405089
"2015-2019","National",0.619535207935721
"2015-2019","National",0.632926334128522
"2015-2019","National",0.623457903572666
"2015-2019","National",0.621801810662017
"2015-2019","National",0.620824858520135
"2015-2019","National",0.620370984237543
"2015-2019","National",0.621392016446489
"2015-2019","National",0.628168506907136
"2015-2019","National",0.634911577853987
"2015-2019","National",0.637015461673361
"2015-2019","National",0.636481158290949
"2015-2019","National",0.627479083542275
"2015-2019","National",0.635334003180106
"2015-2019","National",0.620565386742905
"2015-2019","National",0.640160906095498
"2015-2019","National",0.63046813313606
"2015-2019","National",0.626615745603269
"2015-2019","National",0.637698874765117
"2015-2019","National",0.618872159715778
"2015-2019","National",0.632651499284059
"2015-2019","National",0.625871090324512
"2015-2019","National",0.629258865859344
"2015-2019","National",0.629200722181946
"2015-2019","National",0.620201279295435
"2015-2019","National",0.630920438405282
"2015-2019","National",0.636331697221191
"2015-2019","National",0.622648865508964
"2015-2019","National",0.630487936843042
"2015-2019","National",0.625631744120237
"2015-2019","National",0.630168809678105
"2015-2019","National",0.633255528779534
"2015-2019","National",0.616616541160633
"2015-2019","National",0.61611951287948
"2015-2019","National",0.623202377019478
"2015-2019","National",0.619745306636432
"2015-2019","National",0.609362944462111
"2015-2019","National",0.624842679119273
"2015-2019","National",0.626790585818133
"2015-2019","National",0.633612707030209
"2015-2019","National",0.625173652535986
"2015-2019","National",0.629448075616472
"2015-2019","National",0.633658327769763
"2015-2019","National",0.635365681213223
"2015-2019","National",0.62923914333034
"2015-2019","National",0.621322107804777
"2015-2019","National",0.631227885567872
"2015-2019","National",0.633127663125811
"2015-2019","National",0.625082526184018
"2015-2019","National",0.630348860624344
"2015-2019","National",0.636603382873182
"2015-2019","National",0.623180746435194
"2015-2019","National",0.616443811255744
"2015-2019","National",0.640881348654671
"2015-2019","National",0.632458714222711
"2015-2019","National",0.625464807481026
"2015-2019","National",0.626569052868359
"2015-2019","National",0.629170997246906
"2015-2019","National",0.627406800762073
"2015-2019","National",0.630758770092466
"2015-2019","National",0.642240440412713
"2015-2019","National",0.630381149005984
"2015-2019","National",0.614632483208878
"2015-2019","National",0.628523597113421
"2015-2019","National",0.620312635404367
"2015-2019","National",0.623497506771064
"2015-2019","National",0.644787321231899
"2015-2019","National",0.62226314566603
"2015-2019","National",0.611565394070581
"2015-2019","National",0.620277367494197
"2015-2019","National",0.628472575026775
"2015-2019","National",0.636865398060259
"2015-2019","National",0.635814264233444
"2015-2019","National",0.624236613288988
"2015-2019","National",0.644450326725584
"2015-2019","National",0.611979476342506
"2015-2019","National",0.621784053304705
"2015-2019","National",0.636376752404179
"2015-2019","National",0.635558951199849
"2015-2019","National",0.63472238449045
"2015-2019","National",0.630041112605733
"2015-2019","National",0.628826622110244
"2015-2019","National",0.629657224092761
"2015-2019","National",0.631431128035185
"2015-2019","National",0.638130735906868
"2015-2019","National",0.631250899397776
"2015-2019","National",0.624791446779004
"2015-2019","National",0.638023752416694
"2015-2019","National",0.628545241402485
"2015-2019","National",0.634987227591104
"2015-2019","National",0.623046939849181
"2015-2019","National",0.61913323087088
"2015-2019","National",0.634503900398913
"2015-2019","National",0.635881566659119
"2015-2019","National",0.608969357095169
"2015-2019","National",0.616664326904485
"2015-2019","National",0.623741907896951
"2015-2019","National",0.62614221166548
"2015-2019","National",0.625591086017034
"2015-2019","National",0.621327230475561
"2015-2019","National",0.631416208855191
"2015-2019","National",0.631034776199797
"2015-2019","National",0.625814391785843
"2015-2019","National",0.612805571990355
"2015-2019","National",0.621068793179945
"2015-2019","National",0.63753261146223
"2015-2019","National",0.629216850657883
"2015-2019","National",0.625708041391402
"2015-2019","National",0.625597661450812
"2015-2019","National",0.628220392770603
"2015-2019","National",0.619469174126284
"2015-2019","National",0.630832268816753
"2015-2019","National",0.623676539557727
"2015-2019","National",0.623139301287072
"2015-2019","National",0.632030101470374
"2015-2019","National",0.624097565897241
"2015-2019","National",0.626823723142496
"2015-2019","National",0.615306033204545
"2015-2019","National",0.636666544624448
"2015-2019","National",0.624024467563238
"2015-2019","National",0.624398217575327
"2015-2019","National",0.632661525397569
"2015-2019","National",0.613270942860573
"2015-2019","National",0.629441757831132
"2015-2019","National",0.639352559664719
"2015-2019","National",0.626108326599977
"2015-2019","National",0.631713643652386
"2015-2019","National",0.628011904179153
"2015-2019","National",0.619947471195569
"2015-2019","National",0.627725653072126
"2015-2019","National",0.6217260625248
"2015-2019","National",0.637836601540433
"2015-2019","National",0.621580077568775
"2015-2019","National",0.633965334214248
"2015-2019","National",0.625840583452103
"2015-2019","National",0.614749984509878
"2015-2019","National",0.635861953681515
"2015-2019","National",0.629395999988983
"2015-2019","National",0.639404800453552
"2015-2019","National",0.630771170814038
"2015-2019","National",0.639566281447905
"2015-2019","National",0.629466658188736
"2015-2019","National",0.626084718080993
"2015-2019","National",0.637863328432867
"2015-2019","National",0.638466606977579
"2015-2019","National",0.63528174660276
"2015-2019","National",0.620792893400859
"2015-2019","National",0.626588528911307
"2015-2019","National",0.632183442829743
"2015-2019","National",0.642033024492066
"2015-2019","National",0.634586744602346
"2015-2019","National",0.628109643494608
"2015-2019","National",0.615731861040313
"2015-2019","National",0.6252905988338
"2015-2019","National",0.635813971449176
"2015-2019","National",0.62991311082128
"2015-2019","National",0.634642475502307
"2015-2019","National",0.633342292371554
"2015-2019","National",0.631516189466142
"2015-2019","National",0.62406617634819
"2015-2019","National",0.637985931419396
"2015-2019","National",0.638558314565173
"2015-2019","National",0.629367333123536
"2015-2019","National",0.621315594483569
"2015-2019","National",0.618081306163457
"2015-2019","National",0.641641203107991
"2015-2019","National",0.625797170422412
"2015-2019","National",0.626715315906986
"2015-2019","National",0.630040318106928
"2015-2019","National",0.628166391726877
"2015-2019","National",0.634413937803612
"2015-2019","National",0.632719186947011
"2015-2019","National",0.627442406043341
"2015-2019","National",0.625102954105253
"2015-2019","National",0.628872205590617
"2015-2019","National",0.626824711930917
"2015-2019","National",0.630021232875684
"2015-2019","National",0.62344374078817
"2015-2019","National",0.629661086405399
"2015-2019","National",0.633779640321978
"2015-2019","National",0.641403779794002
"2015-2019","National",0.622694225119914
"2015-2019","National",0.630051248110252
"2015-2019","National",0.63165790264215
"2015-2019","National",0.638161444643559
"2015-2019","National",0.635752400378589
"2015-2019","National",0.626564177296131
"2015-2019","National",0.611853321159405
"2015-2019","National",0.630246002501359
"2015-2019","National",0.626991302594086
"2015-2019","National",0.622375504838118
"2015-2019","National",0.632470339994125
"2015-2019","National",0.628441182595444
"2015-2019","National",0.626933124565095
"2015-2019","National",0.623748451273682
"2015-2019","National",0.628197388595203
"2015-2019","National",0.610935143793568
"2015-2019","National",0.613006141200729
"2015-2019","National",0.62874805382652
"2015-2019","National",0.634984078346769
"2015-2019","National",0.629983362021099
"2015-2019","National",0.632422576344795
"2015-2019","National",0.617213408365631
"2015-2019","National",0.63007253133965
"2015-2019","National",0.618993536203658
"2015-2019","National",0.623185715608655
"2015-2019","National",0.63105252549836
"2015-2019","National",0.624707635413327
"2015-2019","National",0.61993126761598
"2015-2019","National",0.628881583618093
"2015-2019","National",0.628115931532673
"2015-2019","National",0.623865975235543
"2015-2019","National",0.62823942941863
"2015-2019","National",0.615065030193643
"2015-2019","National",0.625119832796057
"2015-2019","National",0.638238905661558
"2015-2019","National",0.623629494781047
"2015-2019","National",0.619131587616846
"2015-2019","National",0.624752619104204
"2015-2019","National",0.631154645893831
"2015-2019","National",0.636505589081101
"2015-2019","National",0.627607751483023
"2015-2019","National",0.61777427634938
"2015-2019","National",0.627053252237586
"2015-2019","National",0.641730799043793
"2015-2019","National",0.61384026154129
"2015-2019","National",0.623278342037651
"2015-2019","National",0.632986997065568
"2015-2019","National",0.633574078638529
"2015-2019","National",0.624789555257234
"2015-2019","National",0.623537970465798
"2015-2019","National",0.628361226767983
"2015-2019","National",0.611068149881002
"2015-2019","National",0.621527606232876
"2015-2019","National",0.621078975197656
"2015-2019","National",0.626484514171191
"2015-2019","National",0.620978024109451
"2015-2019","National",0.623731518974014
"2015-2019","National",0.626391956264107
"2015-2019","National",0.633979685817282
"2015-2019","National",0.633012639752767
"2015-2019","National",0.632657562516241
"2015-2019","National",0.629265374892423
"2015-2019","National",0.636409818901766
"2015-2019","National",0.638535770134895
"2015-2019","National",0.63820113445881
"2015-2019","National",0.636510218847127
"2015-2019","National",0.620167408720292
"2015-2019","National",0.630783249992398
"2015-2019","National",0.613071935009465
"2015-2019","National",0.625665539195912
"2015-2019","National",0.638029806822176
"2015-2019","National",0.626273459804592
"2015-2019","National",0.631266286217483
"2015-2019","National",0.629598149228969
"2015-2019","National",0.614799645893267
"2015-2019","National",0.617566003884194
"2015-2019","National",0.632879668747334
"2015-2019","National",0.622886378384566
"2015-2019","National",0.629954558752994
"2015-2019","National",0.615425222948716
"2015-2019","National",0.624155256006161
"2015-2019","National",0.636337733338194
"2015-2019","National",0.60905071947614
"2015-2019","National",0.628815725921555
"2015-2019","National",0.64123669062722
"2015-2019","National",0.60684571859763
"2015-2019","National",0.639067014879636
"2015-2019","National",0.635289683113726
"2015-2019","National",0.622659019316627
"2015-2019","National",0.636083334732734
"2015-2019","National",0.634862064502124
"2015-2019","National",0.637474901298287
"2015-2019","National",0.619249688671686
"2015-2019","National",0.633287336996551
"2015-2019","National",0.64311147283346
"2015-2019","National",0.634550423235738
"2015-2019","National",0.619766248429813
"2015-2019","National",0.634837678488576
"2015-2019","National",0.638353134701488
"2015-2019","National",0.625316542271211
"2015-2019","National",0.637215650242828
"2015-2019","National",0.635121007713696
"2015-2019","National",0.626317921357136
"2015-2019","National",0.627860102735376
"2015-2019","National",0.63025154420333
"2015-2019","National",0.640332414449214
"2015-2019","National",0.621960018569274
"2015-2019","National",0.635658085429699
"2015-2019","National",0.63182552471619
"2015-2019","National",0.645183074474782
"2015-2019","National",0.62305756035939
"2015-2019","National",0.62311523432888
"2015-2019","National",0.622832653018435
"2015-2019","National",0.611290765362726
"2015-2019","National",0.607539978688713
"2015-2019","National",0.630732718701054
"2015-2019","National",0.638360953440055
"2015-2019","National",0.620130919397618
"2015-2019","National",0.624017015138918
"2015-2019","National",0.615684632544291
"2015-2019","National",0.622710747184308
"2015-2019","National",0.642350273162486
"2015-2019","National",0.634954881193679
"2015-2019","National",0.627093332001762
"2015-2019","National",0.622228475860577
"2015-2019","National",0.632076295514892
"2015-2019","National",0.627562246146217
"2015-2019","National",0.626851345236075
"2015-2019","National",0.63807880687469
"2015-2019","National",0.627345963632958
"2015-2019","National",0.639599641451672
"2015-2019","National",0.62145082724134
"2015-2019","National",0.626057526206993
"2015-2019","National",0.623843152747745
"2015-2019","National",0.613783134078406
"2015-2019","National",0.62388448086375
"2015-2019","National",0.63199588199694
"2015-2019","National",0.630057842696764
"2015-2019","National",0.62627775265831
"2015-2019","National",0.617339032634891
"2015-2019","National",0.624386324978347
"2015-2019","National",0.623894461280559
"2015-2019","National",0.625335512381708
"2015-2019","National",0.629949986490377
"2015-2019","National",0.636003175481647
"2015-2019","National",0.621884034882648
"2015-2019","National",0.631204593506462
"2015-2019","National",0.644651110476154
"2015-2019","National",0.636032223554287
"2015-2019","National",0.630202229650169
"2015-2019","National",0.625528410633952
"2015-2019","National",0.633502176954895
"2015-2019","National",0.623119194863644
"2015-2019","National",0.627317788354701
"2015-2019","National",0.615955185098317
"2015-2019","National",0.628943180945641
"2015-2019","National",0.628231618554474
"2015-2019","National",0.628237121672773
"2015-2019","National",0.640806984248882
"2015-2019","National",0.628609593481757
"2015-2019","National",0.633647885254266
"2015-2019","National",0.627463207051607
"2015-2019","National",0.631858049062723
"2015-2019","National",0.639621303539907
"2015-2019","National",0.622782894489841
"2015-2019","National",0.619992705840335
"2015-2019","National",0.618758921077213
"2015-2019","National",0.619317914367667
"2015-2019","National",0.627263002842164
"2015-2019","National",0.623616521798085
"2015-2019","National",0.627202195341437
"2015-2019","National",0.628300471314035
"2015-2019","National",0.618122022121995
"2015-2019","National",0.623126452200885
"2015-2019","National",0.632362398199873
"2015-2019","National",0.626329037495418
"2015-2019","National",0.629210958821575
"2015-2019","National",0.637660413156956
"2015-2019","National",0.631182349565241
"2015-2019","National",0.62766755661358
"2015-2019","National",0.618755270534922
"2015-2019","National",0.630328142200769
"2015-2019","National",0.618316388055926
"2015-2019","National",0.642885203632269
"2015-2019","National",0.633403607023569
"2015-2019","National",0.62791365334592
"2015-2019","National",0.62626622365611
"2015-2019","National",0.626536990333634
"2015-2019","National",0.632063002510703
"2015-2019","National",0.62317431470991
"2015-2019","National",0.633403981429252
"2015-2019","National",0.616479169091614
"2015-2019","National",0.623195957264838
"2015-2019","National",0.628308836597207
"2015-2019","National",0.627966539111084
"2015-2019","National",0.637588722962917
"2015-2019","National",0.635490909367113
"2015-2019","National",0.620698092290172
"2015-2019","National",0.620800015457391
"2015-2019","National",0.634877674516531
"2015-2019","National",0.627457985491652
"2015-2019","National",0.634586459183274
"2015-2019","National",0.63002924530405
"2015-2019","National",0.629300337557623
"2015-2019","National",0.629495282052282
"2015-2019","National",0.622796458846979
"2015-2019","National",0.636471955379769
"2015-2019","National",0.630333605907923
"2015-2019","National",0.616101913893438
"2015-2019","National",0.632843776444838
"2015-2019","National",0.632243020202913
"2015-2019","National",0.629239970334452
"2015-2019","National",0.62389555854624
"2015-2019","National",0.631259946579199
"2015-2019","National",0.61804933870533
"2015-2019","National",0.634053837350548
"2015-2019","National",0.635680086422047
"2015-2019","National",0.631607659853889
"2015-2019","National",0.621522733979966
"2015-2019","National",0.631284975728093
"2015-2019","National",0.625144986709183
"2015-2019","National",0.619163990827196
"2015-2019","National",0.631460532560491
"2015-2019","National",0.62493385666016
"2015-2019","National",0.629424321019532
"2015-2019","National",0.6255386767895
"2015-2019","National",0.620286266882175
"2015-2019","National",0.615321980536498
"2015-2019","National",0.618292874837777
"2015-2019","National",0.61681983832012
"2015-2019","National",0.628343649809559
"2015-2019","National",0.618791419048053
"2015-2019","National",0.631769072466579
"2015-2019","National",0.612154965673029
"2015-2019","National",0.636354244289792
"2015-2019","National",0.633903204373384
"2015-2019","National",0.618214545012903
"2015-2019","National",0.625529468644349
"2015-2019","National",0.624621051606488
"2015-2019","National",0.630178605807813
"2015-2019","National",0.621177305080837
"2020-2024","National",0.755441070913963
"2020-2024","National",0.781311641795685
"2020-2024","National",0.781630455517242
"2020-2024","National",0.758765120367202
"2020-2024","National",0.75359403046776
"2020-2024","National",0.758204778554233
"2020-2024","National",0.763009835317371
"2020-2024","National",0.771683663494319
"2020-2024","National",0.758966409659223
"2020-2024","National",0.763298694878959
"2020-2024","National",0.757062366044519
"2020-2024","National",0.762503282429233
"2020-2024","National",0.758278236099122
"2020-2024","National",0.766465198712356
"2020-2024","National",0.760632505649092
"2020-2024","National",0.777313339655727
"2020-2024","National",0.772088554544098
"2020-2024","National",0.756561371973252
"2020-2024","National",0.756557423830309
"2020-2024","National",0.758195195186129
"2020-2024","National",0.735677681817945
"2020-2024","National",0.753788943286028
"2020-2024","National",0.769760649807751
"2020-2024","National",0.774441543759882
"2020-2024","National",0.760547552976885
"2020-2024","National",0.759449337206663
"2020-2024","National",0.758877072288495
"2020-2024","National",0.761887234456853
"2020-2024","National",0.768887808152786
"2020-2024","National",0.755626586884702
"2020-2024","National",0.778740441903226
"2020-2024","National",0.752723725818031
"2020-2024","National",0.769293550593044
"2020-2024","National",0.769662346584203
"2020-2024","National",0.767166302150833
"2020-2024","National",0.757059624547711
"2020-2024","National",0.762837301077965
"2020-2024","National",0.773141946035174
"2020-2024","National",0.763756476992875
"2020-2024","National",0.760156562897212
"2020-2024","National",0.780782713427196
"2020-2024","National",0.770157112295403
"2020-2024","National",0.766766902996252
"2020-2024","National",0.772081262036061
"2020-2024","National",0.757078388770941
"2020-2024","National",0.76849505480247
"2020-2024","National",0.775671170563091
"2020-2024","National",0.773137021866504
"2020-2024","National",0.76779257446065
"2020-2024","National",0.769229650840592
"2020-2024","National",0.767819652695562
"2020-2024","National",0.764850655637476
"2020-2024","National",0.755284796587327
"2020-2024","National",0.74660499347695
"2020-2024","National",0.768599992751996
"2020-2024","National",0.76072451731919
"2020-2024","National",0.786064022066716
"2020-2024","National",0.764136639137947
"2020-2024","National",0.776325818318507
"2020-2024","National",0.774554502454426
"2020-2024","National",0.756653127240925
"2020-2024","National",0.778620930519859
"2020-2024","National",0.775251699212142
"2020-2024","National",0.754260305075522
"2020-2024","National",0.772043681272957
"2020-2024","National",0.759381367065476
"2020-2024","National",0.783188246073234
"2020-2024","National",0.764413464543089
"2020-2024","National",0.761783056519573
"2020-2024","National",0.782023755051794
"2020-2024","National",0.758118177688687
"2020-2024","National",0.759846794954771
"2020-2024","National",0.759329957203211
"2020-2024","National",0.771622618114211
"2020-2024","National",0.770975462699852
"2020-2024","National",0.77785465691434
"2020-2024","National",0.753687199124513
"2020-2024","National",0.747199806278547
"2020-2024","National",0.762659779358483
"2020-2024","National",0.772191807299541
"2020-2024","National",0.764363734090149
"2020-2024","National",0.774850182298498
"2020-2024","National",0.752763017351052
"2020-2024","National",0.768162798587262
"2020-2024","National",0.761093572753861
"2020-2024","National",0.75628941115137
"2020-2024","National",0.764940221924287
"2020-2024","National",0.752384989693112
"2020-2024","National",0.779454527126795
"2020-2024","National",0.779559832061509
"2020-2024","National",0.752046476220243
"2020-2024","National",0.776840613479324
"2020-2024","National",0.774129311469154
"2020-2024","National",0.766309635969887
"2020-2024","National",0.767149296837864
"2020-2024","National",0.747228360081467
"2020-2024","National",0.773093830676641
"2020-2024","National",0.743534074110279
"2020-2024","National",0.768460457979054
"2020-2024","National",0.766817327573535
"2020-2024","National",0.778539410825785
"2020-2024","National",0.74961918735055
"2020-2024","National",0.773620454563211
"2020-2024","National",0.751529673573706
"2020-2024","National",0.767608849144447
"2020-2024","National",0.769589606641399
"2020-2024","National",0.743262221998856
"2020-2024","National",0.767888791537634
"2020-2024","National",0.772313329290482
"2020-2024","National",0.784549185601404
"2020-2024","National",0.752352892192954
"2020-2024","National",0.758731491666897
"2020-2024","National",0.756835979638377
"2020-2024","National",0.748768395314688
"2020-2024","National",0.780510913406136
"2020-2024","National",0.75320910098149
"2020-2024","National",0.754780944047735
"2020-2024","National",0.784825547176213
"2020-2024","National",0.762335224785211
"2020-2024","National",0.747368204348038
"2020-2024","National",0.772942550946194
"2020-2024","National",0.760414455172999
"2020-2024","National",0.767627548793606
"2020-2024","National",0.746601533993873
"2020-2024","National",0.765759649887184
"2020-2024","National",0.757363335120119
"2020-2024","National",0.761102753490549
"2020-2024","National",0.773166118364972
"2020-2024","National",0.769948469321576
"2020-2024","National",0.758993802598302
"2020-2024","National",0.761062652637609
"2020-2024","National",0.760140321524802
"2020-2024","National",0.772544267367331
"2020-2024","National",0.771189501935108
"2020-2024","National",0.757986446965563
"2020-2024","National",0.769581121519908
"2020-2024","National",0.755084431923412
"2020-2024","National",0.765026547422998
"2020-2024","National",0.764509121986361
"2020-2024","National",0.766960314169725
"2020-2024","National",0.767693373159414
"2020-2024","National",0.757185409721473
"2020-2024","National",0.762159995356266
"2020-2024","National",0.764786739939944
"2020-2024","National",0.75873837697566
"2020-2024","National",0.74818575025135
"2020-2024","National",0.752351476673606
"2020-2024","National",0.752028429546836
"2020-2024","National",0.763454696126514
"2020-2024","National",0.769559855566801
"2020-2024","National",0.773023979399837
"2020-2024","National",0.760916297958521
"2020-2024","National",0.776774155277815
"2020-2024","National",0.764466910096122
"2020-2024","National",0.773406132625226
"2020-2024","National",0.753572478514427
"2020-2024","National",0.776627011369798
"2020-2024","National",0.759825360231333
"2020-2024","National",0.767802987124703
"2020-2024","National",0.773243829931315
"2020-2024","National",0.74737334525237
"2020-2024","National",0.768005270767942
"2020-2024","National",0.755498401652258
"2020-2024","National",0.768150420744146
"2020-2024","National",0.752801904086018
"2020-2024","National",0.765638758711137
"2020-2024","National",0.771320695472383
"2020-2024","National",0.772457298947119
"2020-2024","National",0.752427977408659
"2020-2024","National",0.766918645652414
"2020-2024","National",0.768329894806672
"2020-2024","National",0.765469458326093
"2020-2024","National",0.758096610506592
"2020-2024","National",0.760844180023085
"2020-2024","National",0.762427528293733
"2020-2024","National",0.768374721830148
"2020-2024","National",0.759526505827713
"2020-2024","National",0.755258501228586
"2020-2024","National",0.760565479718411
"2020-2024","National",0.76685889122624
"2020-2024","National",0.781786742875121
"2020-2024","National",0.76616348328154
"2020-2024","National",0.760538798246945
"2020-2024","National",0.766247642361197
"2020-2024","National",0.77868935321842
"2020-2024","National",0.758350399465875
"2020-2024","National",0.756283635145945
"2020-2024","National",0.770709689860504
"2020-2024","National",0.775306354462601
"2020-2024","National",0.77175315562397
"2020-2024","National",0.770230858211746
"2020-2024","National",0.778269275177402
"2020-2024","National",0.768400673527984
"2020-2024","National",0.772203087589684
"2020-2024","National",0.772760592684184
"2020-2024","National",0.77580959783496
"2020-2024","National",0.771872890521139
"2020-2024","National",0.766170772490748
"2020-2024","National",0.765132835558727
"2020-2024","National",0.7859194315194
"2020-2024","National",0.766600579841714
"2020-2024","National",0.764497334241072
"2020-2024","National",0.769701589668378
"2020-2024","National",0.759708471453677
"2020-2024","National",0.766333079619551
"2020-2024","National",0.785053976356624
"2020-2024","National",0.769360809540265
"2020-2024","National",0.763997497728724
"2020-2024","National",0.7632549762683
"2020-2024","National",0.758343261961999
"2020-2024","National",0.758077520200461
"2020-2024","National",0.760553340273314
"2020-2024","National",0.754255391139001
"2020-2024","National",0.77319548278968
"2020-2024","National",0.767182200761065
"2020-2024","National",0.763170473855821
"2020-2024","National",0.77612679460791
"2020-2024","National",0.764340331418078
"2020-2024","National",0.77418806886962
"2020-2024","National",0.755816380138938
"2020-2024","National",0.770978809107661
"2020-2024","National",0.7717551021103
"2020-2024","National",0.768584841046819
"2020-2024","National",0.776237133152648
"2020-2024","National",0.776057515570058
"2020-2024","National",0.768586747225318
"2020-2024","National",0.760251542736661
"2020-2024","National",0.758279005767844
"2020-2024","National",0.782989025067433
"2020-2024","National",0.767653945859668
"2020-2024","National",0.74970942559516
"2020-2024","National",0.774291181103878
"2020-2024","National",0.774822919570276
"2020-2024","National",0.770236738245047
"2020-2024","National",0.765240761182989
"2020-2024","National",0.766565191146906
"2020-2024","National",0.767224148655606
"2020-2024","National",0.752387241701421
"2020-2024","National",0.756817056954268
"2020-2024","National",0.751489780008651
"2020-2024","National",0.770828498778534
"2020-2024","National",0.758818698188888
"2020-2024","National",0.776701186468094
"2020-2024","National",0.764968544021945
"2020-2024","National",0.773686119066314
"2020-2024","National",0.773256115581677
"2020-2024","National",0.779664884419658
"2020-2024","National",0.766384629796096
"2020-2024","National",0.772681710309416
"2020-2024","National",0.764911364134242
"2020-2024","National",0.769562794106038
"2020-2024","National",0.767314989776949
"2020-2024","National",0.758797602808095
"2020-2024","National",0.756388142949298
"2020-2024","National",0.762049917167582
"2020-2024","National",0.775363721677221
"2020-2024","National",0.757384000171084
"2020-2024","National",0.763518750907359
"2020-2024","National",0.763383731792816
"2020-2024","National",0.765086273104909
"2020-2024","National",0.772006239848123
"2020-2024","National",0.746826864307025
"2020-2024","National",0.760741737095106
"2020-2024","National",0.755675208346791
"2020-2024","National",0.76736136093077
"2020-2024","National",0.77079065417404
"2020-2024","National",0.77134191193714
"2020-2024","National",0.764677781690423
"2020-2024","National",0.764941135484889
"2020-2024","National",0.759987125491586
"2020-2024","National",0.760637671868853
"2020-2024","National",0.770585795374731
"2020-2024","National",0.748856476346216
"2020-2024","National",0.763151880956133
"2020-2024","National",0.75789671867546
"2020-2024","National",0.749047232587905
"2020-2024","National",0.777047197162191
"2020-2024","National",0.764082342838195
"2020-2024","National",0.766868171305361
"2020-2024","National",0.766447206237127
"2020-2024","National",0.762053262643114
"2020-2024","National",0.778738559576745
"2020-2024","National",0.769637223981883
"2020-2024","National",0.758700669395868
"2020-2024","National",0.756468496309965
"2020-2024","National",0.782623429613836
"2020-2024","National",0.760285815532594
"2020-2024","National",0.763124679161965
"2020-2024","National",0.784280772430525
"2020-2024","National",0.76025192727702
"2020-2024","National",0.78073018941617
"2020-2024","National",0.767201560809011
"2020-2024","National",0.77210551010538
"2020-2024","National",0.768155868365611
"2020-2024","National",0.767384694379626
"2020-2024","National",0.767045447635912
"2020-2024","National",0.768134269142269
"2020-2024","National",0.761765209874441
"2020-2024","National",0.776377979922751
"2020-2024","National",0.782195712661554
"2020-2024","National",0.753204749969624
"2020-2024","National",0.762179009776953
"2020-2024","National",0.748480116845995
"2020-2024","National",0.768206852799259
"2020-2024","National",0.763846342737276
"2020-2024","National",0.77641956381614
"2020-2024","National",0.775910445977497
"2020-2024","National",0.767041644128664
"2020-2024","National",0.778606234565239
"2020-2024","National",0.771938096240403
"2020-2024","National",0.78920467119885
"2020-2024","National",0.776242500732616
"2020-2024","National",0.758188543577899
"2020-2024","National",0.771237607578865
"2020-2024","National",0.763094110130332
"2020-2024","National",0.771295189550397
"2020-2024","National",0.754692319010391
"2020-2024","National",0.762288971005639
"2020-2024","National",0.767536743236238
"2020-2024","National",0.766497250254218
"2020-2024","National",0.7674156849955
"2020-2024","National",0.765101069543974
"2020-2024","National",0.782817884427608
"2020-2024","National",0.761189331091759
"2020-2024","National",0.754208121247361
"2020-2024","National",0.767281943064621
"2020-2024","National",0.778156897912777
"2020-2024","National",0.748780740447918
"2020-2024","National",0.770451121806072
"2020-2024","National",0.760663661142602
"2020-2024","National",0.768449852923272
"2020-2024","National",0.76617191929385
"2020-2024","National",0.769415376605003
"2020-2024","National",0.775525883075625
"2020-2024","National",0.767545211764717
"2020-2024","National",0.763786166547261
"2020-2024","National",0.778103016523715
"2020-2024","National",0.761273118541335
"2020-2024","National",0.765315436789148
"2020-2024","National",0.759058074651789
"2020-2024","National",0.778577032540727
"2020-2024","National",0.7532503983415
"2020-2024","National",0.738990599708089
"2020-2024","National",0.758960438630233
"2020-2024","National",0.758856447234657
"2020-2024","National",0.779675248185976
"2020-2024","National",0.774775075208995
"2020-2024","National",0.760109711364155
"2020-2024","National",0.759347683999685
"2020-2024","National",0.754196818652339
"2020-2024","National",0.764499534509661
"2020-2024","National",0.763791749272783
"2020-2024","National",0.76119454040126
"2020-2024","National",0.746495716644868
"2020-2024","National",0.763863691635602
"2020-2024","National",0.776250177676766
"2020-2024","National",0.761970533621525
"2020-2024","National",0.769772080651561
"2020-2024","National",0.74537164839997
"2020-2024","National",0.770122201836581
"2020-2024","National",0.754068476677883
"2020-2024","National",0.769487682276737
"2020-2024","National",0.751726346276381
"2020-2024","National",0.753374086409887
"2020-2024","National",0.767292744916356
"2020-2024","National",0.770066177620275
"2020-2024","National",0.757096226553217
"2020-2024","National",0.769718233987179
"2020-2024","National",0.767076466085618
"2020-2024","National",0.774647512544325
"2020-2024","National",0.763590730612562
"2020-2024","National",0.75459718259094
"2020-2024","National",0.77518286297868
"2020-2024","National",0.77485052534227
"2020-2024","National",0.756639745711297
"2020-2024","National",0.768454497783269
"2020-2024","National",0.759290991587917
"2020-2024","National",0.75029645760609
"2020-2024","National",0.761007050813295
"2020-2024","National",0.777767014939097
"2020-2024","National",0.758013222246922
"2020-2024","National",0.761287913743308
"2020-2024","National",0.770108761840594
"2020-2024","National",0.772439936996477
"2020-2024","National",0.769087083230397
"2020-2024","National",0.774108449135107
"2020-2024","National",0.758375538987616
"2020-2024","National",0.781525740145759
"2020-2024","National",0.76548821631954
"2020-2024","National",0.747065966245805
"2020-2024","National",0.761781187756462
"2020-2024","National",0.769594244286651
"2020-2024","National",0.768950316714547
"2020-2024","National",0.764214392755497
"2020-2024","National",0.782915495829187
"2020-2024","National",0.773790403012119
"2020-2024","National",0.76834048338299
"2020-2024","National",0.760619494564363
"2020-2024","National",0.780855442471966
"2020-2024","National",0.769303110162706
"2020-2024","National",0.764540406615977
"2020-2024","National",0.767594143118798
"2020-2024","National",0.761822698882394
"2020-2024","National",0.764068248429599
"2020-2024","National",0.766501248348091
"2020-2024","National",0.772295810025296
"2020-2024","National",0.755982053186169
"2020-2024","National",0.75627249706107
"2020-2024","National",0.764918535647211
"2020-2024","National",0.761958386758838
"2020-2024","National",0.781737032055391
"2020-2024","National",0.765824711937938
"2020-2024","National",0.767458180605123
"2020-2024","National",0.744541481265404
"2020-2024","National",0.780601303630925
"2020-2024","National",0.761019643189581
"2020-2024","National",0.755008754629524
"2020-2024","National",0.755311071842274
"2020-2024","National",0.767447017672213
"2020-2024","National",0.758814426356351
"2020-2024","National",0.761631393933225
"2020-2024","National",0.748421935894743
"2020-2024","National",0.773746021315607
"2020-2024","National",0.757363293779923
"2020-2024","National",0.772417621187457
"2020-2024","National",0.758535559829686
"2020-2024","National",0.778252605317084
"2020-2024","National",0.768372965644366
"2020-2024","National",0.762712892525946
"2020-2024","National",0.777310323137496
"2020-2024","National",0.767047099796864
"2020-2024","National",0.769432360275134
"2020-2024","National",0.7706950231912
"2020-2024","National",0.764093597518888
"2020-2024","National",0.763736063481455
"2020-2024","National",0.775607617035389
"2020-2024","National",0.757909023680297
"2020-2024","National",0.780703307206304
"2020-2024","National",0.766428389860422
"2020-2024","National",0.769081268733884
"2020-2024","National",0.769872636109896
"2020-2024","National",0.771294516636899
"2020-2024","National",0.757722780627663
"2020-2024","National",0.769358826097273
"2020-2024","National",0.760524211448542
"2020-2024","National",0.773685134292193
"2020-2024","National",0.760579898207559
"2020-2024","National",0.767849291348472
"2020-2024","National",0.771371442599609
"2020-2024","National",0.761579704296695
"2020-2024","National",0.779456461199615
"2020-2024","National",0.769142878536232
"2020-2024","National",0.770231656581849
"2020-2024","National",0.763203689790495
"2020-2024","National",0.757084606039219
"2020-2024","National",0.773763034574286
"2020-2024","National",0.771864463521293
"2020-2024","National",0.753711618324825
"2020-2024","National",0.775018428473652
"2020-2024","National",0.770258624708993
"2020-2024","National",0.76126068274385
"2020-2024","National",0.763370897092524
"2020-2024","National",0.765430829730575
"2020-2024","National",0.7697654514724
"2020-2024","National",0.784042460229245
"2020-2024","National",0.773431963827436
"2020-2024","National",0.766001648973291
"2020-2024","National",0.773395426939427
"2020-2024","National",0.777582140944699
"2020-2024","National",0.753464463880034
"2020-2024","National",0.768492149204905
"2020-2024","National",0.765034680395589
"2020-2024","National",0.764145508667387
"2020-2024","National",0.776139101280805
"2020-2024","National",0.767131598203132
"2020-2024","National",0.76493292088523
"2020-2024","National",0.75229441808856
"2020-2024","National",0.771431099613091
"2020-2024","National",0.785133723072653
"2020-2024","National",0.759494529006719
"2020-2024","National",0.766445678058477
"2020-2024","National",0.763063017114711
"2020-2024","National",0.7737200636818
"2020-2024","National",0.755777648661553
"2020-2024","National",0.758346093121207
"2020-2024","National",0.768031865125029
"2020-2024","National",0.774980131133728
"2020-2024","National",0.748431630063354
"2020-2024","National",0.766432295785474
"2020-2024","National",0.747700716141736
"2020-2024","National",0.776026151681673
"2020-2024","National",0.758923507244208
"2020-2024","National",0.764756153516683
"2020-2024","National",0.752037954286141
"2020-2024","National",0.775093859652974
"2020-2024","National",0.772076193962067
"2020-2024","National",0.75578543758939
"2020-2024","National",0.78040235573358
"2020-2024","National",0.776456525642493
"2020-2024","National",0.776693987296737
"2020-2024","National",0.765194387202172
"2020-2024","National",0.765610541549148
"2020-2024","National",0.754749004792726
"2020-2024","National",0.757678415766456
"2020-2024","National",0.758373923049532
"2020-2024","National",0.767732748927255
"2020-2024","National",0.754177640522374
"2020-2024","National",0.765244268802516
"2020-2024","National",0.768488924425683
"2020-2024","National",0.762366081863206
"2020-2024","National",0.78636309341486
"2020-2024","National",0.765226526478411
"2020-2024","National",0.768485548467102
"2020-2024","National",0.784685468688903
"2020-2024","National",0.76373531667286
"2020-2024","National",0.744325130000967
"2020-2024","National",0.763648330932166
"2020-2024","National",0.757323969282453
"2020-2024","National",0.772015295565635
"2020-2024","National",0.76113491258237
"2020-2024","National",0.762469692588171
"2020-2024","National",0.756405396271385
"2020-2024","National",0.752001175719157
"2020-2024","National",0.773743487431102
"2020-2024","National",0.770351503415149
"2020-2024","National",0.755544381878906
"2020-2024","National",0.760145929947665
"2020-2024","National",0.776086466423301
"2020-2024","National",0.76964457905885
"2020-2024","National",0.758359218807006
"2020-2024","National",0.772998917461177
"2020-2024","National",0.757249943557834
"2020-2024","National",0.755903901965844
"2020-2024","National",0.750432517674463
"2020-2024","National",0.770001819283292
"2020-2024","National",0.756861522545023
"2020-2024","National",0.756576900911647
"2020-2024","National",0.778896961597209
"2020-2024","National",0.762925823558165
"2020-2024","National",0.754079800084906
"2020-2024","National",0.753165014703441
"2020-2024","National",0.76138731879299
"2020-2024","National",0.773641435767902
"2020-2024","National",0.776444334055841
"2020-2024","National",0.747709214851738
"2020-2024","National",0.765241190849969
"2020-2024","National",0.763216375977695
"2020-2024","National",0.760071648744824
"2020-2024","National",0.757797358756603
"2020-2024","National",0.769606146499711
"2020-2024","National",0.767030996377412
"2020-2024","National",0.764789512329882
"2020-2024","National",0.777310138835317
"2020-2024","National",0.743991725015788
"2020-2024","National",0.777727789019714
"2020-2024","National",0.764313048080782
"2020-2024","National",0.766954043380275
"2020-2024","National",0.752536593727894
"2020-2024","National",0.765317801084118
"2020-2024","National",0.763605268228046
"2020-2024","National",0.766673139352386
"2020-2024","National",0.747647198048123
"2020-2024","National",0.763287689966528
"2020-2024","National",0.768223232562114
"2020-2024","National",0.771874701758859
"2020-2024","National",0.768985715175546
"2020-2024","National",0.762348019941258
"2020-2024","National",0.75975888846594
"2020-2024","National",0.765520971387846
"2020-2024","National",0.757872343661372
"2020-2024","National",0.74346681288954
"2020-2024","National",0.775451095843186
"2020-2024","National",0.780315133133921
"2020-2024","National",0.7699840702165
"2020-2024","National",0.770738581667969
"2020-2024","National",0.774117809408593
"2020-2024","National",0.774283647670065
"2020-2024","National",0.745527923450111
"2020-2024","National",0.769960941892034
"2020-2024","National",0.777828358461488
"2020-2024","National",0.765617825760848
"2020-2024","National",0.762948898814308
"2020-2024","National",0.762907145496333
"2020-2024","National",0.756940134375174
"2020-2024","National",0.770292664131865
"2020-2024","National",0.759237848347464
"2020-2024","National",0.77188029809702
"2020-2024","National",0.754532684729821
"2020-2024","National",0.755415792656156
"2020-2024","National",0.762694447654234
"2020-2024","National",0.770466100392565
"2020-2024","National",0.767687410438309
"2020-2024","National",0.76802688018039
"2020-2024","National",0.752638915473383
"2020-2024","National",0.76729285317995
"2020-2024","National",0.761679877160108
"2020-2024","National",0.773711914358929
"2020-2024","National",0.762447267666977
"2020-2024","National",0.751289846287944
"2020-2024","National",0.770418559344747
"2020-2024","National",0.752639587309756
"2020-2024","National",0.775206519561775
"2020-2024","National",0.769966465882911
"2020-2024","National",0.746324947483735
"2020-2024","National",0.762759518486373
"2020-2024","National",0.745153395390124
"2020-2024","National",0.752887966997213
"2020-2024","National",0.766864994117359
"2020-2024","National",0.762606502115819
"2020-2024","National",0.78093634074619
"2020-2024","National",0.759907692247281
"2020-2024","National",0.761247797898649
"2020-2024","National",0.755918343636862
"2020-2024","National",0.759144977539775
"2020-2024","National",0.748975845043977
"2020-2024","National",0.750518543161541
"2020-2024","National",0.759254457292871
"2020-2024","National",0.764493739610889
"2020-2024","National",0.769753819730341
"2020-2024","National",0.761669732462186
"2020-2024","National",0.763272806484109
"2020-2024","National",0.764626523985162
"2020-2024","National",0.762411663706595
"2020-2024","National",0.759782145676071
"2020-2024","National",0.758468691015324
"2020-2024","National",0.767249211243255
"2020-2024","National",0.768544220937333
"2020-2024","National",0.751972236725763
"2020-2024","National",0.758106498790077
"2020-2024","National",0.761907973542132
"2020-2024","National",0.764885028049857
"2020-2024","National",0.761319772669199
"2020-2024","National",0.771724140476487
"2020-2024","National",0.760514868141749
"2020-2024","National",0.748473591056338
"2020-2024","National",0.779590986949738
"2020-2024","National",0.779111360267953
"2020-2024","National",0.761676946925779
"2020-2024","National",0.761544145420048
"2020-2024","National",0.770218598130136
"2020-2024","National",0.761788219649377
"2020-2024","National",0.772979815229325
"2020-2024","National",0.760417347590981
"2020-2024","National",0.774754828500391
"2020-2024","National",0.772638585980828
"2020-2024","National",0.77749102071267
"2020-2024","National",0.775236358462785
"2020-2024","National",0.746586150590577
"2020-2024","National",0.76206693549909
"2020-2024","National",0.753374042950004
"2020-2024","National",0.761222461997415
"2020-2024","National",0.76465432481931
"2020-2024","National",0.767151406572071
"2020-2024","National",0.765787246373827
"2020-2024","National",0.769165727849085
"2020-2024","National",0.761159016404739
"2020-2024","National",0.778135639815593
"2020-2024","National",0.751625098374332
"2020-2024","National",0.757818825648795
"2020-2024","National",0.767227061277428
"2020-2024","National",0.764407542190509
"2020-2024","National",0.760475971415968
"2020-2024","National",0.746586869950987
"2020-2024","National",0.751976704922083
"2020-2024","National",0.778546298263313
"2020-2024","National",0.759633155801741
"2020-2024","National",0.764777704336912
"2020-2024","National",0.775821941981842
"2020-2024","National",0.755902988830466
"2020-2024","National",0.75875898770721
"2020-2024","National",0.757719171947931
"2020-2024","National",0.756235984724063
"2020-2024","National",0.77032157135385
"2020-2024","National",0.757321469344506
"2020-2024","National",0.766068855871681
"2020-2024","National",0.761128334242411
"2020-2024","National",0.769515778298978
"2020-2024","National",0.764528119932442
"2020-2024","National",0.752675655478925
"2020-2024","National",0.781468971881184
"2020-2024","National",0.768032250785467
"2020-2024","National",0.75647276327724
"2020-2024","National",0.767316941953152
"2020-2024","National",0.774307348952188
"2020-2024","National",0.766533230745895
"2020-2024","National",0.760181415314404
"2020-2024","National",0.765509451617847
"2020-2024","National",0.774651552475222
"2020-2024","National",0.75903718319554
"2020-2024","National",0.760294592415811
"2020-2024","National",0.761587503879065
"2020-2024","National",0.767716655246233
"2020-2024","National",0.760388155109062
"2020-2024","National",0.764409988129639
"2020-2024","National",0.766611968903903
"2020-2024","National",0.760361651147086
"2020-2024","National",0.757330077532444
"2020-2024","National",0.777029118618582
"2020-2024","National",0.760370964864368
"2020-2024","National",0.740850724129974
"2020-2024","National",0.766859907741471
"2020-2024","National",0.764725999164567
"2020-2024","National",0.77505937686948
"2020-2024","National",0.77477847145958
"2020-2024","National",0.767752469214454
"2020-2024","National",0.761230554774423
"2020-2024","National",0.773001947667754
"2020-2024","National",0.775474030141771
"2020-2024","National",0.755718039619809
"2020-2024","National",0.764868281170551
"2020-2024","National",0.753999569688253
"2020-2024","National",0.763004317824752
"2020-2024","National",0.779285225049892
"2020-2024","National",0.757345203065935
"2020-2024","National",0.768963029139484
"2020-2024","National",0.766916207528417
"2020-2024","National",0.769321161885191
"2020-2024","National",0.773434951109587
"2020-2024","National",0.759462371539922
"2020-2024","National",0.764609499585252
"2020-2024","National",0.762142350391369
"2020-2024","National",0.760648987460628
"2020-2024","National",0.765745266960039
"2020-2024","National",0.767511192916884
"2020-2024","National",0.760339722831007
"2020-2024","National",0.767050963220735
"2020-2024","National",0.740972473376745
"2020-2024","National",0.763155911853205
"2020-2024","National",0.767569815861779
"2020-2024","National",0.753566173462938
"2020-2024","National",0.774158458502129
"2020-2024","National",0.766162846208967
"2020-2024","National",0.765266064493555
"2020-2024","National",0.764599474755807
"2020-2024","National",0.762483437734259
"2020-2024","National",0.757114076796189
"2020-2024","National",0.753601325659426
"2020-2024","National",0.754304306400144
"2020-2024","National",0.765408864174247
"2020-2024","National",0.758466071545325
"2020-2024","National",0.776529754143448
"2020-2024","National",0.769111997398976
"2020-2024","National",0.759342897493947
"2020-2024","National",0.774353315829252
"2020-2024","National",0.760245027225025
"2020-2024","National",0.75598417341156
"2020-2024","National",0.754859691287823
"2020-2024","National",0.758903354605908
"2020-2024","National",0.745938186094363
"2020-2024","National",0.767424456342922
"2020-2024","National",0.774227600269262
"2020-2024","National",0.757119229478739
"2020-2024","National",0.753085005628081
"2020-2024","National",0.751960873789612
"2020-2024","National",0.773983675227411
"2020-2024","National",0.73696653769227
"2020-2024","National",0.746997553910869
"2020-2024","National",0.763992449071517
"2020-2024","National",0.76350690256123
"2020-2024","National",0.758835740359484
"2020-2024","National",0.767437957601789
"2020-2024","National",0.743176520338183
"2020-2024","National",0.755070131741045
"2020-2024","National",0.761285546804473
"2020-2024","National",0.763415783525982
"2020-2024","National",0.768331347233329
"2020-2024","National",0.779595205561127
"2020-2024","National",0.763582155587367
"2020-2024","National",0.755183479467728
"2020-2024","National",0.782410009074853
"2020-2024","National",0.773957713838607
"2020-2024","National",0.774368796595403
"2020-2024","National",0.768556716813262
"2020-2024","National",0.771468441226512
"2020-2024","National",0.758195897961955
"2020-2024","National",0.779922189869742
"2020-2024","National",0.766810486007742
"2020-2024","National",0.757765246978356
"2020-2024","National",0.772819739912904
"2020-2024","National",0.768480804870307
"2020-2024","National",0.760443573289204
"2020-2024","National",0.78530689590827
"2020-2024","National",0.769016531403226
"2020-2024","National",0.770334334106728
"2020-2024","National",0.762082509865922
"2020-2024","National",0.771394199851187
"2020-2024","National",0.76699695294349
"2020-2024","National",0.759895681165062
"2020-2024","National",0.771444192080458
"2020-2024","National",0.762652638992462
"2020-2024","National",0.763687359253147
"2020-2024","National",0.751708566215436
"2020-2024","National",0.7621321382842
"2020-2024","National",0.765754887275189
"2020-2024","National",0.765745132549954
"2020-2024","National",0.762529267297702
"2020-2024","National",0.767561830945945
"2020-2024","National",0.764807365345692
"2020-2024","National",0.762557478334498
"2020-2024","National",0.75985742562381
"2020-2024","National",0.768579492251483
"2020-2024","National",0.767181199691068
"2020-2024","National",0.767474791052719
"2020-2024","National",0.778084849258492
"2020-2024","National",0.77533656405738
"2020-2024","National",0.784371935219853
"2020-2024","National",0.760651894279907
"2020-2024","National",0.757746388996077
"2020-2024","National",0.753430413150766
"2020-2024","National",0.768688612451245
"2020-2024","National",0.759972714703298
"2020-2024","National",0.763164913202726
"2020-2024","National",0.764663467147162
"2020-2024","National",0.770842605829934
"2020-2024","National",0.768033532559993
"2020-2024","National",0.758673731907399
"2020-2024","National",0.740399753369935
"2020-2024","National",0.770734930954481
"2020-2024","National",0.770440485176863
"2020-2024","National",0.754495976571774
"2020-2024","National",0.757786454245781
"2020-2024","National",0.778530479469583
"2020-2024","National",0.756698731000952
"2020-2024","National",0.748360332158747
"2020-2024","National",0.758891363930027
"2020-2024","National",0.768310095947613
"2020-2024","National",0.745986235431138
"2020-2024","National",0.759448846953026
"2020-2024","National",0.768558638980069
"2020-2024","National",0.769802956304912
"2020-2024","National",0.758351458613728
"2020-2024","National",0.768666038271943
"2020-2024","National",0.765264248248784
"2020-2024","National",0.759024479681655
"2020-2024","National",0.756158017960279
"2020-2024","National",0.757706486163734
"2020-2024","National",0.772884662546814
"2020-2024","National",0.760464247383495
"2020-2024","National",0.755061998399042
"2020-2024","National",0.760566489437159
"2020-2024","National",0.769356810703541
"2020-2024","National",0.77151452684359
"2020-2024","National",0.770379439234199
"2020-2024","National",0.773862283120131
"2020-2024","National",0.769743908945055
"2020-2024","National",0.758254539594364
"2020-2024","National",0.758240777999543
"2020-2024","National",0.752721909992398
"2020-2024","National",0.771471795985939
"2020-2024","National",0.767610309887325
"2020-2024","National",0.776779133675896
"2020-2024","National",0.771557149446173
"2020-2024","National",0.764826116246617
"2020-2024","National",0.759378607093809
"2020-2024","National",0.764369911757159
"2020-2024","National",0.748555296859769
"2020-2024","National",0.7746897635746
"2020-2024","National",0.763592659100747
"2020-2024","National",0.763219294448534
"2020-2024","National",0.771464805978851
"2020-2024","National",0.770103266575124
"2020-2024","National",0.760482516868662
"2020-2024","National",0.75249863872918
"2020-2024","National",0.780442371050972
"2020-2024","National",0.763303662539527
"2020-2024","National",0.784771068644994
"2020-2024","National",0.776706660079095
"2020-2024","National",0.766636773110324
"2020-2024","National",0.759984801387373
"2020-2024","National",0.767271114146768
"2020-2024","National",0.74892076737141
"2020-2024","National",0.746745034717722
"2020-2024","National",0.757918085974727
"2020-2024","National",0.771311847829357
"2020-2024","National",0.761598355253198
"2020-2024","National",0.773604654007603
"2020-2024","National",0.749781025055166
"2020-2024","National",0.749541584539399
"2020-2024","National",0.767849322375427
"2020-2024","National",0.766852396571153
"2020-2024","National",0.779447464467666
"2020-2024","National",0.761854170485304
"2020-2024","National",0.761381083200847
"2020-2024","National",0.765083533905065
"2020-2024","National",0.760141734868027
"2020-2024","National",0.769796306656311
"2020-2024","National",0.760490153690129
"2020-2024","National",0.775541490860454
"2020-2024","National",0.764896796093286
"2020-2024","National",0.765890892388775
"2020-2024","National",0.784041794406736
"2020-2024","National",0.777384524902324
"2020-2024","National",0.778473718397218
"2020-2024","National",0.754851716285559
"2020-2024","National",0.760546190544569
"2020-2024","National",0.772307336838226
"2020-2024","National",0.758267934699981
"2020-2024","National",0.771012225448246
"2020-2024","National",0.765025657105281
"2020-2024","National",0.780003513739704
"2020-2024","National",0.784601588492502
"2020-2024","National",0.763714527383172
"2020-2024","National",0.767426023505149
"2020-2024","National",0.777302560499816
"2020-2024","National",0.778227675850082
"2020-2024","National",0.772436513333509
"2020-2024","National",0.77083802149591
"2020-2024","National",0.76084817425178
"2020-2024","National",0.750030264967313
"2020-2024","National",0.771562343572829
"2020-2024","National",0.761090954227161
"2020-2024","National",0.789309987888021
"2020-2024","National",0.765799993127007
"2020-2024","National",0.765983260869303
"2020-2024","National",0.764293769488974
"2020-2024","National",0.756897640472951
"2020-2024","National",0.768163372848116
"2020-2024","National",0.758330241519708
"2020-2024","National",0.768623659020562
"2020-2024","National",0.767946852590105
"2020-2024","National",0.776980543614863
"2020-2024","National",0.752748315543489
"2020-2024","National",0.765357898351606
"2020-2024","National",0.766364176760093
"2020-2024","National",0.760715935074909
"2020-2024","National",0.76546237408721
"2020-2024","National",0.769548044363783
"2020-2024","National",0.78472819999477
"2020-2024","National",0.763655328890377
"2020-2024","National",0.754746415047169
"2020-2024","National",0.766586784100569
"2020-2024","National",0.770107828327117
"2020-2024","National",0.766541778190657
"2020-2024","National",0.780028144543313
"2020-2024","National",0.769423150006063
"2020-2024","National",0.776235568792543
"2020-2024","National",0.760535955705782
"2020-2024","National",0.765418631509462
"2020-2024","National",0.770334692851788
"2020-2024","National",0.769213866318149
"2020-2024","National",0.763626453222958
"2020-2024","National",0.775151549604178
"2020-2024","National",0.751943295239366
"2020-2024","National",0.772800192313578
"2020-2024","National",0.7659077988076
"2020-2024","National",0.756358777801114
"2020-2024","National",0.756431348486617
"2020-2024","National",0.766103263524252
"2020-2024","National",0.764591725566548
"2020-2024","National",0.775132683725327
"2020-2024","National",0.769785906667522
"2020-2024","National",0.767110201789776
"2020-2024","National",0.78246910960497
"2020-2024","National",0.768851469763412
"2020-2024","National",0.780527931689886
"2020-2024","National",0.760206541662183
"2020-2024","National",0.763935538801411
"2020-2024","National",0.771462923390634
"2020-2024","National",0.762870893346879
"2020-2024","National",0.765573316937067
"2020-2024","National",0.772827119204934
"2020-2024","National",0.767164366909231
"2020-2024","National",0.760052250180626
"2020-2024","National",0.764160564572778
"2020-2024","National",0.760967287815161
"2020-2024","National",0.768094970526634
"2020-2024","National",0.747246670191706
"2020-2024","National",0.764059947416857
"2020-2024","National",0.7770920878613
"2020-2024","National",0.761505921449406
"2020-2024","National",0.754556517020681
"2020-2024","National",0.75485778759169
"2020-2024","National",0.767304432809952
"2020-2024","National",0.752605200841078
"2020-2024","National",0.753140630534062
"2020-2024","National",0.754958336810629
"2020-2024","National",0.764711481414025
"2020-2024","National",0.750918761219547
"2020-2024","National",0.764637332267855
"2020-2024","National",0.762751969215392
"2020-2024","National",0.768582450759192
"2020-2024","National",0.761565051574703
"2020-2024","National",0.772394864054208
"2020-2024","National",0.759181552345816
"2020-2024","National",0.766371648232906
"2020-2024","National",0.778063678464314
"2020-2024","National",0.757326088022215
"2020-2024","National",0.750278073340166
"2020-2024","National",0.75711659983561
"2020-2024","National",0.765603254743998
"2020-2024","National",0.76478221862233
"2020-2024","National",0.753420391901248
"2020-2024","National",0.779451193121823
"2020-2024","National",0.772344778363004
"2020-2024","National",0.774820905388187
"2020-2024","National",0.764816138790789
"2020-2024","National",0.762244067133209
"2020-2024","National",0.743776385820917
"2020-2024","National",0.766279271563446
"2020-2024","National",0.771116945934107
